cluster_id,cluster_name,priority_tier,ymyl_risk_max,recommended_url,primary_keyword,keyword_count,volume_representative,volume_sum_raw_not_deduped,recommended_action_primary,page_type
generic_adhd,Generieke head term ADHD,P3,MEDIUM,https://www.structuro.eu/,adhd,1,19100.0,19100.0,IGNORE_IRRELEVANT,none
hold_ymyl,YMYL / niet targeten zonder medische redactie,P3,HIGH,,kenmerken adhd,1491,880.0,85720.0,HOLD_YMYL,none
women_practical,"ADHD bij vrouwen (executie, geen diagnose)",P1,MEDIUM,https://www.structuro.eu/adhd-bij-vrouwen/,adhd bij vrouwen,31,880.0,4400.0,EXPAND,guide
body_doubling,"Body doubling (aanwezigheid, geen meekijk-app)",P0,LOW,https://www.structuro.eu/body-doubling-adhd/,body doubling adhd,2,260.0,520.0,EXPAND,guide
residual:adhd relaties,Restcluster: adhd relaties,P2,NONE,,adhd relaties,3,590.0,1770.0,IGNORE_IRRELEVANT,none
residual:adhd relatie,Restcluster: adhd relatie,P2,NONE,,relatie met adhd,6,590.0,2980.0,IGNORE_IRRELEVANT,none
residual:adhd afkorting,Restcluster: adhd afkorting,P2,NONE,,afkorting adhd,2,590.0,1180.0,IGNORE_IRRELEVANT,none
residual:adhd hyperfocusing,Restcluster: adhd hyperfocusing,P2,NONE,,hyperfocusing adhd,1,590.0,590.0,IGNORE_IRRELEVANT,none
residual:adhd centrum nederland,Restcluster: adhd centrum nederland,P2,NONE,,adhd centrum nederland,1,590.0,590.0,IGNORE_IRRELEVANT,none
residual:adhd sfeerteam,Restcluster: adhd sfeerteam,P2,NONE,,sfeerteam adhd,1,590.0,590.0,IGNORE_IRRELEVANT,none
residual:adhd bell pietje,Restcluster: adhd bell pietje,P2,NONE,,pietje bell adhd,1,480.0,480.0,IGNORE_IRRELEVANT,none
residual:adhd onderzoek volwassenen,Restcluster: adhd onderzoek volwassenen,P2,NONE,,adhd onderzoek volwassenen,3,480.0,1440.0,IGNORE_IRRELEVANT,none
residual:adhd diva,Restcluster: adhd diva,P2,NONE,,diva adhd,1,480.0,480.0,IGNORE_IRRELEVANT,none
residual:adhd diagnostiek,Restcluster: adhd diagnostiek,P2,NONE,,adhd diagnostiek,2,480.0,960.0,IGNORE_IRRELEVANT,none
residual:adhd oorzaak,Restcluster: adhd oorzaak,P2,NONE,,oorzaak adhd,3,390.0,1170.0,IGNORE_IRRELEVANT,none
residual:adhd voeding,Restcluster: adhd voeding,P2,NONE,,adhd voeding,6,390.0,2340.0,IGNORE_IRRELEVANT,none
residual:adhd autisme,Restcluster: adhd autisme,P2,MEDIUM,,adhd autisme,12,390.0,2320.0,IGNORE_IRRELEVANT,none
residual:adhd onderzoeken,Restcluster: adhd onderzoeken,P2,NONE,,onderzoeken adhd,1,390.0,390.0,IGNORE_IRRELEVANT,none
residual:adhd onderzoek,Restcluster: adhd onderzoek,P2,NONE,,onderzoek naar adhd,3,390.0,1170.0,IGNORE_IRRELEVANT,none
residual:add adhd wellbutrin,Restcluster: add adhd wellbutrin,P2,NONE,,wellbutrin add adhd,1,390.0,390.0,IGNORE_IRRELEVANT,none
residual:adhd educatie psycho,Restcluster: adhd educatie psycho,P2,NONE,,psycho educatie adhd,2,390.0,460.0,IGNORE_IRRELEVANT,none
residual:adhd centraal nijmegen,Restcluster: adhd centraal nijmegen,P2,NONE,,adhd centraal nijmegen,1,390.0,390.0,IGNORE_IRRELEVANT,none
residual:adhd oorzaken,Restcluster: adhd oorzaken,P2,NONE,,oorzaken van adhd,2,390.0,780.0,IGNORE_IRRELEVANT,none
residual:adhd betekent wat,Restcluster: adhd betekent wat,P2,NONE,,wat betekent adhd,1,390.0,390.0,IGNORE_IRRELEVANT,none
residual:adhd centraal den haag,Restcluster: adhd centraal den haag,P2,NONE,,adhd centraal den haag,1,390.0,390.0,IGNORE_IRRELEVANT,none
residual:adhd paralysis,Restcluster: adhd paralysis,P2,NONE,,adhd paralysis,1,390.0,390.0,IGNORE_IRRELEVANT,none
residual:adhd and wellbutrin,Restcluster: adhd and wellbutrin,P2,NONE,,wellbutrin and adhd,1,390.0,390.0,IGNORE_IRRELEVANT,none
residual:adhd amsterdam centraal,Restcluster: adhd amsterdam centraal,P2,NONE,,adhd centraal amsterdam,1,390.0,390.0,IGNORE_IRRELEVANT,none
residual:adhd volwassen,Restcluster: adhd volwassen,P2,NONE,,volwassen en adhd,5,330.0,690.0,IGNORE_IRRELEVANT,none
residual:adhd volwassenen,Restcluster: adhd volwassenen,P2,NONE,,volwassenen adhd,8,330.0,720.0,IGNORE_IRRELEVANT,none
residual:adhd volwassene,Restcluster: adhd volwassene,P2,NONE,,volwassene adhd,3,330.0,350.0,IGNORE_IRRELEVANT,none
residual:adhd for l tyrosine,Restcluster: adhd for l tyrosine,P2,NONE,,l tyrosine for adhd,1,320.0,320.0,IGNORE_IRRELEVANT,none
residual:adhd chair,Restcluster: adhd chair,P2,NONE,,chair adhd,2,320.0,640.0,IGNORE_IRRELEVANT,none
irrelevant,Niet relevant / ruis,P3,NONE,,adhd meme,10,320.0,1000.0,IGNORE_IRRELEVANT,none
residual:adhd screener,Restcluster: adhd screener,P2,NONE,,screener adhd,1,320.0,320.0,IGNORE_IRRELEVANT,none
residual:adhd gabor mate on,Restcluster: adhd gabor mate on,P2,NONE,,gabor mate on adhd,1,320.0,320.0,IGNORE_IRRELEVANT,none
residual:adhd richtlijn,Restcluster: adhd richtlijn,P2,NONE,,adhd richtlijn,2,320.0,640.0,IGNORE_IRRELEVANT,none
residual:adhd memes,Restcluster: adhd memes,P2,NONE,,adhd memes,1,320.0,320.0,IGNORE_IRRELEVANT,none
residual:adhd and l tyrosine,Restcluster: adhd and l tyrosine,P2,NONE,,l tyrosine and adhd,1,320.0,320.0,IGNORE_IRRELEVANT,none
residual:adhd overgang,Restcluster: adhd overgang,P2,NONE,,adhd en overgang,1,320.0,320.0,IGNORE_IRRELEVANT,none
residual:adhd l tyrosine,Restcluster: adhd l tyrosine,P2,NONE,,l tyrosine adhd,2,320.0,640.0,IGNORE_IRRELEVANT,none
residual:adhd richtlijnen,Restcluster: adhd richtlijnen,P2,NONE,,richtlijnen adhd,1,320.0,320.0,IGNORE_IRRELEVANT,none
residual:adhd and tyrosine,Restcluster: adhd and tyrosine,P2,NONE,,tyrosine and adhd,1,320.0,320.0,IGNORE_IRRELEVANT,none
residual:adhd city,Restcluster: adhd city,P2,NONE,,adhd city,1,320.0,320.0,IGNORE_IRRELEVANT,none
residual:adhd gabor mate,Restcluster: adhd gabor mate,P2,NONE,,gabor mate adhd,1,320.0,320.0,IGNORE_IRRELEVANT,none
residual:adhd cabaretier,Restcluster: adhd cabaretier,P2,NONE,,cabaretier adhd,2,320.0,640.0,IGNORE_IRRELEVANT,none
residual:adhd centraal zwolle,Restcluster: adhd centraal zwolle,P2,NONE,,adhd centraal zwolle,1,320.0,320.0,IGNORE_IRRELEVANT,none
residual:adhd for tyrosine,Restcluster: adhd for tyrosine,P2,NONE,,tyrosine for adhd,1,320.0,320.0,IGNORE_IRRELEVANT,none
residual:adhd amfetamines,Restcluster: adhd amfetamines,P2,NONE,,amfetamines adhd,1,260.0,260.0,IGNORE_IRRELEVANT,none
residual:adhd coach opleiding,Restcluster: adhd coach opleiding,P2,NONE,,opleiding adhd coach,3,260.0,530.0,IGNORE_IRRELEVANT,none
residual:adhd centraal rotterdam,Restcluster: adhd centraal rotterdam,P2,NONE,,adhd centraal rotterdam,1,260.0,260.0,IGNORE_IRRELEVANT,none
residual:adhd autisme vorm,Restcluster: adhd autisme vorm,P2,MEDIUM,,is adhd een vorm van autisme,2,260.0,270.0,IGNORE_IRRELEVANT,none
residual:adhd slaapproblemen,Restcluster: adhd slaapproblemen,P2,NONE,,slaapproblemen bij adhd,4,260.0,1040.0,IGNORE_IRRELEVANT,none
residual:adhd fidget toys,Restcluster: adhd fidget toys,P2,NONE,,fidget toys adhd,2,260.0,400.0,IGNORE_IRRELEVANT,none
residual:adhd autisme centrum t zonneke,Restcluster: adhd autisme centrum t zonneke,P2,MEDIUM,,autisme en adhd centrum t zonneke,1,260.0,260.0,IGNORE_IRRELEVANT,none
residual:adhd amfetamine,Restcluster: adhd amfetamine,P2,NONE,,adhd amfetamine,3,260.0,530.0,IGNORE_IRRELEVANT,none
residual:adhd c,Restcluster: adhd c,P2,NONE,,adhd c,1,260.0,260.0,IGNORE_IRRELEVANT,none
residual:adhd gecombineerde type,Restcluster: adhd gecombineerde type,P2,NONE,,adhd gecombineerde type,3,260.0,290.0,IGNORE_IRRELEVANT,none
residual:adhd gecombineerd type,Restcluster: adhd gecombineerd type,P2,NONE,,adhd gecombineerd type,1,260.0,260.0,IGNORE_IRRELEVANT,none
residual:add adhd verschil,Restcluster: add adhd verschil,P2,NONE,,adhd add verschil,2,260.0,520.0,IGNORE_IRRELEVANT,none
residual:adhd soorten,Restcluster: adhd soorten,P2,NONE,,adhd soorten,2,260.0,520.0,IGNORE_IRRELEVANT,none
residual:adhd speelgoed,Restcluster: adhd speelgoed,P2,NONE,,speelgoed voor adhd,3,260.0,540.0,IGNORE_IRRELEVANT,none
residual:adhd breda centraal,Restcluster: adhd breda centraal,P2,NONE,,adhd centraal breda,1,260.0,260.0,IGNORE_IRRELEVANT,none
residual:'t adhd autisme centrum zonneke,Restcluster: 't adhd autisme centrum zonneke,P2,MEDIUM,,autisme en adhd centrum 't zonneke,1,260.0,260.0,IGNORE_IRRELEVANT,none
residual:adhd precies wat,Restcluster: adhd precies wat,P2,NONE,,wat is adhd precies,1,260.0,260.0,IGNORE_IRRELEVANT,none
residual:adhd amfetaminen,Restcluster: adhd amfetaminen,P2,NONE,,amfetaminen adhd,1,260.0,260.0,IGNORE_IRRELEVANT,none
residual:adhd centrum,Restcluster: adhd centrum,P2,NONE,,adhd centrum,2,260.0,270.0,IGNORE_IRRELEVANT,none
residual:adhd coaching,Restcluster: adhd coaching,P2,NONE,,adhd coaching,3,260.0,340.0,IGNORE_IRRELEVANT,none
residual:adhd modafinil,Restcluster: adhd modafinil,P2,NONE,,modafinil adhd,1,210.0,210.0,IGNORE_IRRELEVANT,none
residual:adhd for modafinil,Restcluster: adhd for modafinil,P2,NONE,,modafinil for adhd,1,210.0,210.0,IGNORE_IRRELEVANT,none
planner_planning_agenda,ADHD planner / planning / agenda,P0,LOW,https://www.structuro.eu/adhd-planner-die-niet-overvraagt/,planning adhd,27,210.0,900.0,EXPAND,guide
residual:adhd autisme hoogbegaafd,Restcluster: adhd autisme hoogbegaafd,P2,MEDIUM,,autisme adhd hoogbegaafd,2,210.0,420.0,IGNORE_IRRELEVANT,none
residual:adhd dyslexie,Restcluster: adhd dyslexie,P2,NONE,,dyslexie en adhd,4,210.0,840.0,IGNORE_IRRELEVANT,none
residual:adhd dopamine tekort,Restcluster: adhd dopamine tekort,P2,NONE,,adhd dopamine tekort,2,210.0,280.0,IGNORE_IRRELEVANT,none
residual:adhd brein,Restcluster: adhd brein,P2,NONE,,adhd brein,3,210.0,300.0,IGNORE_IRRELEVANT,none
residual:adhd centraal eindhoven,Restcluster: adhd centraal eindhoven,P2,NONE,,adhd centraal eindhoven,1,210.0,210.0,IGNORE_IRRELEVANT,none
residual:adhd vormen,Restcluster: adhd vormen,P2,NONE,,adhd vormen,3,210.0,630.0,IGNORE_IRRELEVANT,none
residual:2 adhd,Restcluster: 2 adhd,P2,NONE,,adhd 2,1,210.0,210.0,IGNORE_IRRELEVANT,none
residual:adhd hypermobiliteit,Restcluster: adhd hypermobiliteit,P2,NONE,,hypermobiliteit adhd,1,210.0,210.0,IGNORE_IRRELEVANT,none
residual:adhd jochem myjer,Restcluster: adhd jochem myjer,P2,NONE,,adhd jochem myjer,2,210.0,420.0,IGNORE_IRRELEVANT,none
residual:adhd autisme verschil,Restcluster: adhd autisme verschil,P2,MEDIUM,,verschil adhd en autisme,3,210.0,440.0,IGNORE_IRRELEVANT,none
residual:adhd voordelen,Restcluster: adhd voordelen,P2,NONE,,adhd voordelen,3,210.0,460.0,IGNORE_IRRELEVANT,none
residual:adhd nedir,Restcluster: adhd nedir,P2,NONE,,adhd nedir,1,210.0,210.0,IGNORE_IRRELEVANT,none
residual:0 2 adhd,Restcluster: 0 2 adhd,P2,NONE,,adhd 2.0,1,210.0,210.0,IGNORE_IRRELEVANT,none
residual:adhd qbtest,Restcluster: adhd qbtest,P2,NONE,,qbtest adhd,1,210.0,210.0,IGNORE_IRRELEVANT,none
residual:adhd hulpmiddelen,Restcluster: adhd hulpmiddelen,P2,NONE,,hulpmiddelen bij adhd,4,170.0,680.0,IGNORE_IRRELEVANT,none
residual:adhd quotes,Restcluster: adhd quotes,P2,NONE,,adhd quotes,1,170.0,170.0,IGNORE_IRRELEVANT,none
residual:adhd ziekte,Restcluster: adhd ziekte,P2,NONE,,is adhd een ziekte,2,170.0,240.0,IGNORE_IRRELEVANT,none
residual:adhd clonidine for,Restcluster: adhd clonidine for,P2,NONE,,clonidine for adhd,1,170.0,170.0,IGNORE_IRRELEVANT,none
residual:adhd klachten,Restcluster: adhd klachten,P2,NONE,,klachten adhd,2,170.0,340.0,IGNORE_IRRELEVANT,none
residual:adhd slapen,Restcluster: adhd slapen,P2,NONE,,adhd slapen,2,170.0,340.0,IGNORE_IRRELEVANT,none
residual:adhd autisme volwassenen,Restcluster: adhd autisme volwassenen,P2,MEDIUM,,autisme en adhd bij volwassenen,2,170.0,340.0,IGNORE_IRRELEVANT,none
residual:adhd centraal groningen,Restcluster: adhd centraal groningen,P2,NONE,,adhd centraal groningen,1,170.0,170.0,IGNORE_IRRELEVANT,none
residual:adhd slaap,Restcluster: adhd slaap,P2,NONE,,adhd en slaap,2,170.0,340.0,IGNORE_IRRELEVANT,none
residual:adhd dieet,Restcluster: adhd dieet,P2,NONE,,adhd en dieet,5,170.0,850.0,IGNORE_IRRELEVANT,none
residual:adhd homeopathie,Restcluster: adhd homeopathie,P2,NONE,,adhd en homeopathie,6,170.0,1020.0,IGNORE_IRRELEVANT,none
residual:adhd centraal maastricht,Restcluster: adhd centraal maastricht,P2,NONE,,adhd centraal maastricht,1,170.0,170.0,IGNORE_IRRELEVANT,none
residual:adhd cafe,Restcluster: adhd cafe,P2,NONE,,adhd cafe,1,170.0,170.0,IGNORE_IRRELEVANT,none
residual:adhd heb hoe weet,Restcluster: adhd heb hoe weet,P2,NONE,,hoe weet ik of ik adhd heb,1,170.0,170.0,IGNORE_IRRELEVANT,none
residual:adhd hoe ontstaat,Restcluster: adhd hoe ontstaat,P2,NONE,,hoe ontstaat adhd,2,170.0,180.0,IGNORE_IRRELEVANT,none
residual:adhd latere leeftijd,Restcluster: adhd latere leeftijd,P2,NONE,,adhd op latere leeftijd,2,170.0,200.0,IGNORE_IRRELEVANT,none
residual:adhd homeopatisch,Restcluster: adhd homeopatisch,P2,NONE,,adhd homeopatisch,1,170.0,170.0,IGNORE_IRRELEVANT,none
residual:adhd man volwassen,Restcluster: adhd man volwassen,P2,NONE,,adhd volwassen man,2,170.0,180.0,IGNORE_IRRELEVANT,none
residual:adhd homeopathisch,Restcluster: adhd homeopathisch,P2,NONE,,homeopathisch adhd,2,170.0,180.0,IGNORE_IRRELEVANT,none
residual:adhd hond,Restcluster: adhd hond,P2,NONE,,adhd hond,4,170.0,520.0,IGNORE_IRRELEVANT,none
residual:adhd hulp,Restcluster: adhd hulp,P2,NONE,,hulp voor adhd,4,170.0,480.0,IGNORE_IRRELEVANT,none
residual:adhd quote,Restcluster: adhd quote,P2,NONE,,adhd quote,1,170.0,170.0,IGNORE_IRRELEVANT,none
residual:adhd honden,Restcluster: adhd honden,P2,NONE,,adhd bij honden,1,170.0,170.0,IGNORE_IRRELEVANT,none
residual:adhd centraal utrecht,Restcluster: adhd centraal utrecht,P2,NONE,,adhd centraal utrecht,1,170.0,170.0,IGNORE_IRRELEVANT,none
residual:adhd criteria,Restcluster: adhd criteria,P2,NONE,,criteria adhd,2,170.0,340.0,IGNORE_IRRELEVANT,none
residual:adhd clonidine,Restcluster: adhd clonidine,P2,NONE,,clonidine adhd,2,170.0,190.0,IGNORE_IRRELEVANT,none
residual:adhd symptonen,Restcluster: adhd symptonen,P2,NONE,,adhd symptonen,2,160.0,170.0,IGNORE_IRRELEVANT,none
residual:adhd tips,Restcluster: adhd tips,P2,NONE,,tips voor adhd,4,140.0,560.0,IGNORE_IRRELEVANT,none
work,ADHD op het werk,P0,LOW,https://www.structuro.eu/adhd-op-het-werk/,adhd op het werk,20,140.0,610.0,EXPAND,guide
residual:adhd kooij sandra,Restcluster: adhd kooij sandra,P2,NONE,,sandra kooij adhd,2,140.0,160.0,IGNORE_IRRELEVANT,none
residual:adhd kenniscentrum,Restcluster: adhd kenniscentrum,P2,NONE,,adhd kenniscentrum,2,140.0,280.0,IGNORE_IRRELEVANT,none
residual:adhd dopamine,Restcluster: adhd dopamine,P2,NONE,,adhd en dopamine,3,140.0,260.0,IGNORE_IRRELEVANT,none
residual:adhd koffie,Restcluster: adhd koffie,P2,NONE,,adhd koffie,4,140.0,380.0,IGNORE_IRRELEVANT,none
residual:adhd heb hoera,Restcluster: adhd heb hoera,P2,NONE,,hoera ik heb adhd,1,140.0,140.0,IGNORE_IRRELEVANT,none
residual:adhd richtlijn volwassenen,Restcluster: adhd richtlijn volwassenen,P2,NONE,,richtlijn adhd volwassenen,3,140.0,170.0,IGNORE_IRRELEVANT,none
residual:adhd emotioneel,Restcluster: adhd emotioneel,P2,NONE,,adhd emotioneel,1,140.0,140.0,IGNORE_IRRELEVANT,none
residual:adhd omgaan,Restcluster: adhd omgaan,P2,NONE,,omgaan met adhd,4,140.0,560.0,IGNORE_IRRELEVANT,none
residual:adhd uitleg,Restcluster: adhd uitleg,P2,NONE,,adhd uitleg,2,140.0,280.0,IGNORE_IRRELEVANT,none
residual:adhd uitgelegd,Restcluster: adhd uitgelegd,P2,NONE,,adhd uitgelegd,1,140.0,140.0,IGNORE_IRRELEVANT,none
residual:adhd emoties,Restcluster: adhd emoties,P2,NONE,,adhd en emoties,2,140.0,280.0,IGNORE_IRRELEVANT,none
residual:adhd speeltje,Restcluster: adhd speeltje,P2,NONE,,adhd speeltje,2,140.0,150.0,IGNORE_IRRELEVANT,none
residual:adhd speeltjes,Restcluster: adhd speeltjes,P2,NONE,,adhd speeltjes,1,140.0,140.0,IGNORE_IRRELEVANT,none
residual:adhd haal hoe hoofd,Restcluster: adhd haal hoe hoofd,P2,NONE,,adhd hoe haal je het uit je hoofd,1,140.0,140.0,IGNORE_IRRELEVANT,none
residual:adhd wiebelkussen,Restcluster: adhd wiebelkussen,P2,NONE,,wiebelkussen adhd,2,140.0,280.0,IGNORE_IRRELEVANT,none
residual:adhd stimming,Restcluster: adhd stimming,P2,NONE,,stimming adhd,1,140.0,140.0,IGNORE_IRRELEVANT,none
residual:adhd podcast,Restcluster: adhd podcast,P2,NONE,,adhd podcast,1,140.0,140.0,IGNORE_IRRELEVANT,none
adhd_app_product,ADHD-app (product/categorie),P0,LOW,https://www.structuro.eu/adhd-app/,adhd app,8,140.0,250.0,EXPAND,product_landing
residual:adhd vermoeidheid,Restcluster: adhd vermoeidheid,P2,NONE,,adhd en vermoeidheid,3,140.0,300.0,IGNORE_IRRELEVANT,none
residual:adhd gevolgen volwassenen,Restcluster: adhd gevolgen volwassenen,P2,NONE,,gevolgen adhd bij volwassenen,1,140.0,140.0,IGNORE_IRRELEVANT,none
residual:adhd dieet red,Restcluster: adhd dieet red,P2,NONE,,red dieet adhd,3,140.0,160.0,IGNORE_IRRELEVANT,none
residual:adhd leven opgeruimd,Restcluster: adhd leven opgeruimd,P2,NONE,,opgeruimd leven met adhd,2,110.0,120.0,IGNORE_IRRELEVANT,none
residual:adhd tics with,Restcluster: adhd tics with,P2,NONE,,tics with adhd,2,110.0,220.0,IGNORE_IRRELEVANT,none
residual:adhd bekende mensen,Restcluster: adhd bekende mensen,P2,NONE,,bekende mensen met adhd,1,110.0,110.0,IGNORE_IRRELEVANT,none
residual:3 adhd types,Restcluster: 3 adhd types,P2,NONE,,3 types adhd,2,110.0,220.0,IGNORE_IRRELEVANT,none
residual:adhd borderline,Restcluster: adhd borderline,P2,NONE,,borderline adhd,6,110.0,380.0,IGNORE_IRRELEVANT,none
residual:adhd books,Restcluster: adhd books,P2,NONE,,adhd books,1,110.0,110.0,IGNORE_IRRELEVANT,none
residual:adhd melatonine,Restcluster: adhd melatonine,P2,NONE,,melatonine adhd,5,110.0,280.0,IGNORE_IRRELEVANT,none
residual:adhd tics,Restcluster: adhd tics,P2,NONE,,tics adhd,6,110.0,410.0,IGNORE_IRRELEVANT,none
residual:adhd centraal nieuwegein,Restcluster: adhd centraal nieuwegein,P2,NONE,,adhd centraal nieuwegein,1,110.0,110.0,IGNORE_IRRELEVANT,none
residual:adhd object permanence,Restcluster: adhd object permanence,P2,NONE,,object permanence adhd,1,110.0,110.0,IGNORE_IRRELEVANT,none
residual:adhd angst,Restcluster: adhd angst,P2,NONE,,adhd en angst,4,110.0,270.0,IGNORE_IRRELEVANT,none
residual:adhd borderline disorder personality,Restcluster: adhd borderline disorder personality,P2,NONE,,borderline personality disorder adhd,2,110.0,120.0,IGNORE_IRRELEVANT,none
residual:adhd suiker,Restcluster: adhd suiker,P2,NONE,,suiker en adhd,4,110.0,440.0,IGNORE_IRRELEVANT,none
residual:adhd afkorting nederlands,Restcluster: adhd afkorting nederlands,P2,NONE,,afkorting adhd nederlands,1,110.0,110.0,IGNORE_IRRELEVANT,none
residual:adhd huisarts,Restcluster: adhd huisarts,P2,NONE,,huisarts adhd,2,110.0,160.0,IGNORE_IRRELEVANT,none
residual:adhd and bpd,Restcluster: adhd and bpd,P2,NONE,,bpd and adhd,1,110.0,110.0,IGNORE_IRRELEVANT,none
residual:3 adhd type,Restcluster: 3 adhd type,P2,NONE,,adhd type 3,1,110.0,110.0,IGNORE_IRRELEVANT,none
residual:adhd tic,Restcluster: adhd tic,P2,NONE,,tic adhd,1,110.0,110.0,IGNORE_IRRELEVANT,none
residual:adhd quiz,Restcluster: adhd quiz,P2,NONE,,quiz adhd,1,110.0,110.0,IGNORE_IRRELEVANT,none
residual:adhd specialist,Restcluster: adhd specialist,P2,NONE,,adhd specialist,2,110.0,120.0,IGNORE_IRRELEVANT,none
residual:adhd toys,Restcluster: adhd toys,P2,NONE,,adhd toys,1,110.0,110.0,IGNORE_IRRELEVANT,none
residual:adhd and tics,Restcluster: adhd and tics,P2,NONE,,adhd and tics,1,110.0,110.0,IGNORE_IRRELEVANT,none
residual:adhd hebben hond kan,Restcluster: adhd hebben hond kan,P2,NONE,,kan een hond adhd hebben,1,110.0,110.0,IGNORE_IRRELEVANT,none
residual:adhd bpd or,Restcluster: adhd bpd or,P2,NONE,,bpd or adhd,1,110.0,110.0,IGNORE_IRRELEVANT,none
residual:adhd disorder tic,Restcluster: adhd disorder tic,P2,NONE,,adhd tic disorder,1,110.0,110.0,IGNORE_IRRELEVANT,none
residual:adhd comorbiditeit,Restcluster: adhd comorbiditeit,P2,MEDIUM,,adhd comorbiditeit,3,90.0,270.0,IGNORE_IRRELEVANT,none
residual:adhd training,Restcluster: adhd training,P2,NONE,,adhd training,1,90.0,90.0,IGNORE_IRRELEVANT,none
residual:adhd werkgeheugen,Restcluster: adhd werkgeheugen,P2,NONE,,adhd en werkgeheugen,3,90.0,270.0,IGNORE_IRRELEVANT,none
executive_functions,Executieve functies en taakinitiatie,P0,LOW,https://www.structuro.eu/executieve-functies-adhd/,executieve functies adhd,7,90.0,280.0,EXPAND,guide
residual:adhd ontwikkelingsstoornis,Restcluster: adhd ontwikkelingsstoornis,P2,NONE,,is adhd een ontwikkelingsstoornis,3,90.0,140.0,IGNORE_IRRELEVANT,none
residual:aangeboren adhd,Restcluster: aangeboren adhd,P2,NONE,,is adhd aangeboren,1,90.0,90.0,IGNORE_IRRELEVANT,none
residual:adhd dubbele kinderbijslag,Restcluster: adhd dubbele kinderbijslag,P2,NONE,,dubbele kinderbijslag bij adhd,3,90.0,190.0,IGNORE_IRRELEVANT,none
residual:adhd mindfulness,Restcluster: adhd mindfulness,P2,NONE,,mindfulness en adhd,4,90.0,240.0,IGNORE_IRRELEVANT,none
residual:adhd i odd,Restcluster: adhd i odd,P2,NONE,,adhd i odd,1,90.0,90.0,IGNORE_IRRELEVANT,none
residual:adhd stemmingswisselingen,Restcluster: adhd stemmingswisselingen,P2,NONE,,adhd en stemmingswisselingen,3,90.0,220.0,IGNORE_IRRELEVANT,none
residual:adhd avl,Restcluster: adhd avl,P2,NONE,,avl adhd,1,90.0,90.0,IGNORE_IRRELEVANT,none
residual:adhd kussen,Restcluster: adhd kussen,P2,NONE,,adhd kussen,1,90.0,90.0,IGNORE_IRRELEVANT,none
residual:adhd boek volwassenen,Restcluster: adhd boek volwassenen,P2,NONE,,boek adhd volwassenen,5,90.0,370.0,IGNORE_IRRELEVANT,none
overstimulation,Overprikkeling,P1,LOW,https://www.structuro.eu/overprikkeling-adhd/,overprikkeling adhd,8,90.0,310.0,EXPAND,guide
residual:adhd relatieproblemen,Restcluster: adhd relatieproblemen,P2,NONE,,relatieproblemen adhd,3,90.0,270.0,IGNORE_IRRELEVANT,none
residual:adhd kwijtschelding studieschuld,Restcluster: adhd kwijtschelding studieschuld,P2,NONE,,kwijtschelding studieschuld adhd,2,90.0,160.0,IGNORE_IRRELEVANT,none
residual:adhd gaba,Restcluster: adhd gaba,P2,NONE,,gaba adhd,3,90.0,200.0,IGNORE_IRRELEVANT,none
residual:adhd funny,Restcluster: adhd funny,P2,NONE,,adhd funny,1,90.0,90.0,IGNORE_IRRELEVANT,none
residual:adhd odd,Restcluster: adhd odd,P2,NONE,,odd en adhd,4,90.0,300.0,IGNORE_IRRELEVANT,none
residual:adhd beperking,Restcluster: adhd beperking,P2,NONE,,is adhd een beperking,1,90.0,90.0,IGNORE_IRRELEVANT,none
residual:adhd emotieregulatie,Restcluster: adhd emotieregulatie,P2,NONE,,adhd emotieregulatie,3,90.0,190.0,IGNORE_IRRELEVANT,none
residual:adhd begeleiden,Restcluster: adhd begeleiden,P2,NONE,,begeleiden adhd,1,90.0,90.0,IGNORE_IRRELEVANT,none
residual:adhd tekenen,Restcluster: adhd tekenen,P2,NONE,,tekenen van adhd,2,90.0,130.0,IGNORE_IRRELEVANT,none
residual:adhd pmdd,Restcluster: adhd pmdd,P2,NONE,,pmdd adhd,1,90.0,90.0,IGNORE_IRRELEVANT,none
residual:adhd blowen,Restcluster: adhd blowen,P2,NONE,,adhd en blowen,3,90.0,190.0,IGNORE_IRRELEVANT,none
residual:adhd ervaringen partner,Restcluster: adhd ervaringen partner,P2,NONE,,partner met adhd ervaringen,1,90.0,90.0,IGNORE_IRRELEVANT,none
residual:adhd autorijden,Restcluster: adhd autorijden,P2,NONE,,adhd autorijden,4,90.0,200.0,IGNORE_IRRELEVANT,none
residual:adhd dat wat,Restcluster: adhd dat wat,P2,NONE,,adhd wat is dat,1,90.0,90.0,IGNORE_IRRELEVANT,none
residual:adhd symbol,Restcluster: adhd symbol,P2,NONE,,adhd symbol,1,90.0,90.0,IGNORE_IRRELEVANT,none
residual:adhd disorder oppositional,Restcluster: adhd disorder oppositional,P2,NONE,,adhd oppositional disorder,1,90.0,90.0,IGNORE_IRRELEVANT,none
residual:adhd neurotransmitter,Restcluster: adhd neurotransmitter,P2,NONE,,neurotransmitter adhd,1,90.0,90.0,IGNORE_IRRELEVANT,none
residual:adhd partner,Restcluster: adhd partner,P2,NONE,,partner met adhd,5,90.0,220.0,IGNORE_IRRELEVANT,none
residual:adhd coach vacature,Restcluster: adhd coach vacature,P2,NONE,,adhd coach vacature,2,90.0,180.0,IGNORE_IRRELEVANT,none
residual:adhd humor,Restcluster: adhd humor,P2,NONE,,adhd humor,2,90.0,180.0,IGNORE_IRRELEVANT,none
residual:adhd zorgstandaard,Restcluster: adhd zorgstandaard,P2,NONE,,zorgstandaard adhd,1,90.0,90.0,IGNORE_IRRELEVANT,none
residual:adhd odd with,Restcluster: adhd odd with,P2,NONE,,adhd with odd,1,90.0,90.0,IGNORE_IRRELEVANT,none
residual:adhd werkboek,Restcluster: adhd werkboek,P2,NONE,,adhd werkboek,2,90.0,180.0,IGNORE_IRRELEVANT,none
residual:adhd hebben honden kunnen,Restcluster: adhd hebben honden kunnen,P2,NONE,,kunnen honden adhd hebben,1,90.0,90.0,IGNORE_IRRELEVANT,none
residual:adhd verlamming,Restcluster: adhd verlamming,P2,NONE,,adhd verlamming,1,90.0,90.0,IGNORE_IRRELEVANT,none
residual:adhd middelen tegen,Restcluster: adhd middelen tegen,P2,NONE,,middelen tegen adhd,1,90.0,90.0,IGNORE_IRRELEVANT,none
residual:adhd forum,Restcluster: adhd forum,P2,NONE,,adhd forum,1,90.0,90.0,IGNORE_IRRELEVANT,none
residual:adhd begeleiding,Restcluster: adhd begeleiding,P2,NONE,,begeleiding adhd,3,90.0,270.0,IGNORE_IRRELEVANT,none
residual:adhd partner woede,Restcluster: adhd partner woede,P2,NONE,,partner adhd woede,1,90.0,90.0,IGNORE_IRRELEVANT,none
residual:adhd bupropion ervaringen,Restcluster: adhd bupropion ervaringen,P2,NONE,,bupropion adhd ervaringen,1,90.0,90.0,IGNORE_IRRELEVANT,none
residual:adhd uitbarstingen volwassenen woede,Restcluster: adhd uitbarstingen volwassenen woede,P2,NONE,,adhd woede uitbarstingen volwassenen,3,90.0,130.0,IGNORE_IRRELEVANT,none
residual:adhd nhg volwassenen,Restcluster: adhd nhg volwassenen,P2,NONE,,nhg adhd volwassenen,1,90.0,90.0,IGNORE_IRRELEVANT,none
residual:adhd klas,Restcluster: adhd klas,P2,NONE,,adhd in de klas,2,90.0,100.0,IGNORE_IRRELEVANT,none
residual:adhd friemel speelgoed,Restcluster: adhd friemel speelgoed,P2,NONE,,friemel speelgoed adhd,2,90.0,130.0,IGNORE_IRRELEVANT,none
residual:adhd amsterdam,Restcluster: adhd amsterdam,P2,NONE,,adhd amsterdam,1,90.0,90.0,IGNORE_IRRELEVANT,none
residual:adhd dat denk heb,Restcluster: adhd dat denk heb,P2,NONE,,ik denk dat ik adhd heb,1,90.0,90.0,IGNORE_IRRELEVANT,none
residual:adhd antidepressiva,Restcluster: adhd antidepressiva,P2,NONE,,antidepressiva adhd,6,90.0,290.0,IGNORE_IRRELEVANT,none
residual:adhd centraal jeugd,Restcluster: adhd centraal jeugd,P2,NONE,,adhd centraal jeugd,1,90.0,90.0,IGNORE_IRRELEVANT,none
residual:adhd aripiprazol,Restcluster: adhd aripiprazol,P2,NONE,,aripiprazol adhd,1,90.0,90.0,IGNORE_IRRELEVANT,none
residual:adhd autisme onder valt,Restcluster: adhd autisme onder valt,P2,MEDIUM,,valt adhd onder autisme,1,90.0,90.0,IGNORE_IRRELEVANT,none
residual:adhd brain brain normal,Restcluster: adhd brain brain normal,P2,NONE,,adhd brain vs normal brain,1,90.0,90.0,IGNORE_IRRELEVANT,none
residual:adhd and odd,Restcluster: adhd and odd,P2,NONE,,adhd and odd,1,90.0,90.0,IGNORE_IRRELEVANT,none
residual:adhd hsp,Restcluster: adhd hsp,P2,NONE,,hsp en adhd,4,90.0,180.0,IGNORE_IRRELEVANT,none
residual:adhd oordoppen,Restcluster: adhd oordoppen,P2,NONE,,adhd oordoppen,2,90.0,160.0,IGNORE_IRRELEVANT,none
residual:adhd narcisme,Restcluster: adhd narcisme,P2,NONE,,adhd narcisme,3,90.0,210.0,IGNORE_IRRELEVANT,none
residual:adhd engels,Restcluster: adhd engels,P2,NONE,,adhd in het engels,2,90.0,160.0,IGNORE_IRRELEVANT,none
residual:adhd for gaba,Restcluster: adhd for gaba,P2,NONE,,gaba for adhd,1,90.0,90.0,IGNORE_IRRELEVANT,none
residual:adhd odd or,Restcluster: adhd odd or,P2,NONE,,adhd or odd,1,90.0,90.0,IGNORE_IRRELEVANT,none
residual:adhd neurofeedback,Restcluster: adhd neurofeedback,P2,NONE,,neurofeedback adhd,4,90.0,180.0,IGNORE_IRRELEVANT,none
residual:adhd boeken volwassenen,Restcluster: adhd boeken volwassenen,P2,NONE,,boeken over adhd bij volwassenen,1,90.0,90.0,IGNORE_IRRELEVANT,none
residual:adhd dissociatie,Restcluster: adhd dissociatie,P2,NONE,,dissociatie adhd,1,90.0,90.0,IGNORE_IRRELEVANT,none
burnout,"ADHD en burn-out (energie, geen behandeling)",P1,MEDIUM,https://www.structuro.eu/adhd-en-burn-out/,adhd en burn out,11,90.0,220.0,EXPAND,guide
residual:adhd tangle,Restcluster: adhd tangle,P2,NONE,,tangle adhd,1,70.0,70.0,IGNORE_IRRELEVANT,none
residual:adhd handicap,Restcluster: adhd handicap,P2,NONE,,is adhd een handicap,3,70.0,90.0,IGNORE_IRRELEVANT,none
residual:adhd centraal vacatures,Restcluster: adhd centraal vacatures,P2,NONE,,adhd centraal vacatures,2,70.0,80.0,IGNORE_IRRELEVANT,none
residual:adhd alle hebben honden,Restcluster: adhd alle hebben honden,P2,NONE,,alle honden hebben adhd,1,70.0,70.0,IGNORE_IRRELEVANT,none
residual:aan adhd slag,Restcluster: aan adhd slag,P2,NONE,,aan de slag met adhd,1,70.0,70.0,IGNORE_IRRELEVANT,none
residual:adhd bupropion,Restcluster: adhd bupropion,P2,NONE,,bupropion bij adhd,4,70.0,120.0,IGNORE_IRRELEVANT,none
residual:adhd centrum oegstgeest,Restcluster: adhd centrum oegstgeest,P2,NONE,,adhd centrum oegstgeest,1,70.0,70.0,IGNORE_IRRELEVANT,none
residual:adhd stress,Restcluster: adhd stress,P2,NONE,,adhd en stress,3,70.0,180.0,IGNORE_IRRELEVANT,none
residual:adhd hersenen,Restcluster: adhd hersenen,P2,NONE,,adhd hersenen,4,70.0,170.0,IGNORE_IRRELEVANT,none
residual:adhd kenmerk,Restcluster: adhd kenmerk,P2,NONE,,kenmerk adhd,1,70.0,70.0,IGNORE_IRRELEVANT,none
residual:adhd childhood symptoms,Restcluster: adhd childhood symptoms,P2,NONE,,symptoms of childhood adhd,1,70.0,70.0,IGNORE_IRRELEVANT,none
residual:adhd beter mentaal,Restcluster: adhd beter mentaal,P2,NONE,,mentaal beter adhd,2,70.0,80.0,IGNORE_IRRELEVANT,none
residual:adhd hoe krijg,Restcluster: adhd hoe krijg,P2,NONE,,hoe krijg je adhd,1,70.0,70.0,IGNORE_IRRELEVANT,none
residual:adhd boosheid,Restcluster: adhd boosheid,P2,NONE,,adhd en boosheid,2,70.0,140.0,IGNORE_IRRELEVANT,none
residual:adhd kanten positieve,Restcluster: adhd kanten positieve,P2,NONE,,positieve kanten adhd,1,70.0,70.0,IGNORE_IRRELEVANT,none
residual:adhd homeopatische middelen,Restcluster: adhd homeopatische middelen,P2,NONE,,homeopatische middelen adhd,3,70.0,210.0,IGNORE_IRRELEVANT,none
residual:adhd coach vergoeding,Restcluster: adhd coach vergoeding,P2,NONE,,adhd coach vergoeding,1,70.0,70.0,IGNORE_IRRELEVANT,none
residual:adhd faalangst,Restcluster: adhd faalangst,P2,NONE,,adhd faalangst,3,70.0,160.0,IGNORE_IRRELEVANT,none
residual:adhd studeren,Restcluster: adhd studeren,P2,NONE,,adhd studeren,4,70.0,280.0,IGNORE_IRRELEVANT,none
residual:adhd houdt wat,Restcluster: adhd houdt wat,P2,NONE,,wat houdt adhd in,1,70.0,70.0,IGNORE_IRRELEVANT,none
residual:adhd hulpmiddelen volwassenen,Restcluster: adhd hulpmiddelen volwassenen,P2,NONE,,adhd hulpmiddelen volwassenen,2,70.0,80.0,IGNORE_IRRELEVANT,none
residual:adhd rls,Restcluster: adhd rls,P2,NONE,,rls adhd,1,70.0,70.0,IGNORE_IRRELEVANT,none
residual:adhd persoonlijkheidsstoornis,Restcluster: adhd persoonlijkheidsstoornis,P2,NONE,,is adhd een persoonlijkheidsstoornis,2,70.0,100.0,IGNORE_IRRELEVANT,none
residual:adhd autisme overlap,Restcluster: adhd autisme overlap,P2,MEDIUM,,adhd autisme overlap,1,70.0,70.0,IGNORE_IRRELEVANT,none
residual:adhd batstra laura,Restcluster: adhd batstra laura,P2,NONE,,laura batstra adhd,2,70.0,80.0,IGNORE_IRRELEVANT,none
residual:adhd relatie volwassenen,Restcluster: adhd relatie volwassenen,P2,NONE,,adhd volwassenen relatie,2,70.0,140.0,IGNORE_IRRELEVANT,none
residual:adhd amsterdam coach,Restcluster: adhd amsterdam coach,P2,NONE,,adhd coach amsterdam,1,70.0,70.0,IGNORE_IRRELEVANT,none
residual:adhd autisme comorbiditeit,Restcluster: adhd autisme comorbiditeit,P2,MEDIUM,,autisme en adhd comorbiditeit,2,70.0,140.0,IGNORE_IRRELEVANT,none
residual:adhd nijmegen,Restcluster: adhd nijmegen,P2,NONE,,adhd nijmegen,1,70.0,70.0,IGNORE_IRRELEVANT,none
residual:adhd agressie,Restcluster: adhd agressie,P2,NONE,,adhd agressie,5,70.0,290.0,IGNORE_IRRELEVANT,none
residual:adhd legs restless syndrome,Restcluster: adhd legs restless syndrome,P2,NONE,,restless legs syndrome adhd,1,70.0,70.0,IGNORE_IRRELEVANT,none
residual:adhd houd wat,Restcluster: adhd houd wat,P2,NONE,,wat houd adhd in,1,70.0,70.0,IGNORE_IRRELEVANT,none
residual:adhd vaststellen,Restcluster: adhd vaststellen,P2,NONE,,adhd vaststellen,2,70.0,140.0,IGNORE_IRRELEVANT,none
residual:adhd netwerk,Restcluster: adhd netwerk,P2,NONE,,adhd netwerk,1,70.0,70.0,IGNORE_IRRELEVANT,none
residual:adhd nos pdd,Restcluster: adhd nos pdd,P2,NONE,,adhd pdd nos,8,70.0,380.0,IGNORE_IRRELEVANT,none
residual:adhd klokhuis,Restcluster: adhd klokhuis,P2,NONE,,klokhuis adhd,3,70.0,110.0,IGNORE_IRRELEVANT,none
residual:adhd centrum hoorn,Restcluster: adhd centrum hoorn,P2,NONE,,adhd centrum hoorn,1,70.0,70.0,IGNORE_IRRELEVANT,none
residual:adhd heb,Restcluster: adhd heb,P2,NONE,,ik heb adhd,1,70.0,70.0,IGNORE_IRRELEVANT,none
residual:adhd autisme centrum westfriesland,Restcluster: adhd autisme centrum westfriesland,P2,MEDIUM,,adhd en autisme centrum westfriesland,1,70.0,70.0,IGNORE_IRRELEVANT,none
residual:adhd onderprikkeling,Restcluster: adhd onderprikkeling,P2,NONE,,onderprikkeling adhd,1,70.0,70.0,IGNORE_IRRELEVANT,none
residual:adhd herken hoe,Restcluster: adhd herken hoe,P2,NONE,,hoe herken je adhd,2,70.0,80.0,IGNORE_IRRELEVANT,none
residual:adhd tangel,Restcluster: adhd tangel,P2,NONE,,tangel adhd,1,70.0,70.0,IGNORE_IRRELEVANT,none
residual:adhd relaties volwassenen,Restcluster: adhd relaties volwassenen,P2,NONE,,adhd volwassenen en relaties,1,70.0,70.0,IGNORE_IRRELEVANT,none
residual:adhd cursus,Restcluster: adhd cursus,P2,NONE,,cursus adhd,2,70.0,140.0,IGNORE_IRRELEVANT,none
residual:adhd gif,Restcluster: adhd gif,P2,NONE,,adhd gif,1,70.0,70.0,IGNORE_IRRELEVANT,none
residual:adhd extra kinderbijslag,Restcluster: adhd extra kinderbijslag,P2,NONE,,extra kinderbijslag adhd,2,70.0,80.0,IGNORE_IRRELEVANT,none
residual:adhd begeleiding volwassenen,Restcluster: adhd begeleiding volwassenen,P2,NONE,,adhd begeleiding volwassenen,2,70.0,140.0,IGNORE_IRRELEVANT,none
residual:adhd banen,Restcluster: adhd banen,P2,NONE,,banen voor adhd,1,70.0,70.0,IGNORE_IRRELEVANT,none
residual:adhd eigenschappen,Restcluster: adhd eigenschappen,P2,NONE,,eigenschappen adhd,2,70.0,140.0,IGNORE_IRRELEVANT,none
residual:adhd centraal wachttijden,Restcluster: adhd centraal wachttijden,P2,NONE,,adhd centraal wachttijden,1,70.0,70.0,IGNORE_IRRELEVANT,none
residual:adhd verklaring,Restcluster: adhd verklaring,P2,NONE,,adhd verklaring,1,70.0,70.0,IGNORE_IRRELEVANT,none
residual:adhd autisme persoon,Restcluster: adhd autisme persoon,P2,MEDIUM,,autisme en adhd in een persoon,2,70.0,80.0,IGNORE_IRRELEVANT,none
focus_no_streaks,Focus zonder streaks,P1,LOW,https://www.structuro.eu/adhd-focus-zonder-streaks/,adhd focus music,16,70.0,340.0,EXPAND,guide
residual:adhd school,Restcluster: adhd school,P2,NONE,,adhd op school,2,70.0,120.0,IGNORE_IRRELEVANT,none
residual:adhd hoogsensitief,Restcluster: adhd hoogsensitief,P2,NONE,,hoogsensitief en adhd,6,70.0,210.0,IGNORE_IRRELEVANT,none
residual:adhd keto,Restcluster: adhd keto,P2,NONE,,keto adhd,2,70.0,80.0,IGNORE_IRRELEVANT,none
residual:adhd nederlands types,Restcluster: adhd nederlands types,P2,NONE,,adhd types nederlands,1,70.0,70.0,IGNORE_IRRELEVANT,none
residual:adhd man,Restcluster: adhd man,P2,NONE,,adhd man,1,70.0,70.0,IGNORE_IRRELEVANT,none
residual:adhd mentaalbeter,Restcluster: adhd mentaalbeter,P2,NONE,,mentaalbeter adhd,1,70.0,70.0,IGNORE_IRRELEVANT,none
residual:adhd ziektewet,Restcluster: adhd ziektewet,P2,NONE,,adhd ziektewet,1,70.0,70.0,IGNORE_IRRELEVANT,none
residual:adhd gecombineerde,Restcluster: adhd gecombineerde,P2,NONE,,gecombineerde adhd,1,70.0,70.0,IGNORE_IRRELEVANT,none
residual:adhd hoofd,Restcluster: adhd hoofd,P2,NONE,,adhd hoofd,2,70.0,120.0,IGNORE_IRRELEVANT,none
residual:adhd kliniek,Restcluster: adhd kliniek,P2,NONE,,adhd kliniek,1,70.0,70.0,IGNORE_IRRELEVANT,none
residual:adhd homeopathisch middel,Restcluster: adhd homeopathisch middel,P2,NONE,,homeopathisch middel adhd,2,70.0,80.0,IGNORE_IRRELEVANT,none
residual:adhd muziek,Restcluster: adhd muziek,P2,NONE,,adhd muziek,1,70.0,70.0,IGNORE_IRRELEVANT,none
residual:adhd rotterdam,Restcluster: adhd rotterdam,P2,NONE,,adhd rotterdam,1,70.0,70.0,IGNORE_IRRELEVANT,none
residual:adhd coach volwassenen,Restcluster: adhd coach volwassenen,P2,NONE,,adhd coach volwassenen,2,70.0,90.0,IGNORE_IRRELEVANT,none
residual:2 adhd types,Restcluster: 2 adhd types,P2,NONE,,adhd 2 types,1,70.0,70.0,IGNORE_IRRELEVANT,none
residual:adhd homeopathische middelen,Restcluster: adhd homeopathische middelen,P2,NONE,,homeopathische middelen adhd,1,70.0,70.0,IGNORE_IRRELEVANT,none
residual:adhd for neurofeedback,Restcluster: adhd for neurofeedback,P2,NONE,,neurofeedback for adhd,1,70.0,70.0,IGNORE_IRRELEVANT,none
residual:adhd etz poli,Restcluster: adhd etz poli,P2,NONE,,adhd poli etz,1,70.0,70.0,IGNORE_IRRELEVANT,none
residual:0 5 adhd diva,Restcluster: 0 5 adhd diva,P2,NONE,,diva 5.0 adhd,1,70.0,70.0,IGNORE_IRRELEVANT,none
residual:adhd coach,Restcluster: adhd coach,P2,NONE,,coach adhd,2,70.0,110.0,IGNORE_IRRELEVANT,none
residual:adhd hebben katten kunnen,Restcluster: adhd hebben katten kunnen,P2,NONE,,kunnen katten adhd hebben,1,70.0,70.0,IGNORE_IRRELEVANT,none
residual:adhd turkce,Restcluster: adhd turkce,P2,NONE,,adhd turkce,1,70.0,70.0,IGNORE_IRRELEVANT,none
residual:adhd introvert with,Restcluster: adhd introvert with,P2,NONE,,introvert with adhd,1,70.0,70.0,IGNORE_IRRELEVANT,none
residual:adhd mannen,Restcluster: adhd mannen,P2,NONE,,adhd bij mannen,1,70.0,70.0,IGNORE_IRRELEVANT,none
residual:adhd speelgoed volwassenen,Restcluster: adhd speelgoed volwassenen,P2,NONE,,adhd speelgoed volwassenen,1,70.0,70.0,IGNORE_IRRELEVANT,none
residual:adhd hersenen oorzaak,Restcluster: adhd hersenen oorzaak,P2,NONE,,oorzaak adhd hersenen,2,70.0,80.0,IGNORE_IRRELEVANT,none
residual:adhd and nos pdd,Restcluster: adhd and nos pdd,P2,NONE,,pdd-nos and adhd,2,70.0,140.0,IGNORE_IRRELEVANT,none
residual:adhd meiden,Restcluster: adhd meiden,P2,NONE,,adhd meiden,2,70.0,140.0,IGNORE_IRRELEVANT,none
residual:adhd liegen,Restcluster: adhd liegen,P2,NONE,,adhd en liegen,3,70.0,120.0,IGNORE_IRRELEVANT,none
residual:adhd educatie psycho volwassenen,Restcluster: adhd educatie psycho volwassenen,P2,NONE,,psycho educatie adhd volwassenen,1,70.0,70.0,IGNORE_IRRELEVANT,none
residual:adhd eten,Restcluster: adhd eten,P2,NONE,,adhd en eten,4,70.0,130.0,IGNORE_IRRELEVANT,none
residual:aandoening adhd,Restcluster: aandoening adhd,P2,NONE,,is adhd een aandoening,2,70.0,80.0,IGNORE_IRRELEVANT,none
residual:adhd introvert,Restcluster: adhd introvert,P2,NONE,,introvert adhd,1,70.0,70.0,IGNORE_IRRELEVANT,none
residual:adhd legs restless,Restcluster: adhd legs restless,P2,NONE,,restless legs adhd,1,70.0,70.0,IGNORE_IRRELEVANT,none
residual:adhd sertraline,Restcluster: adhd sertraline,P2,NONE,,sertraline adhd,2,70.0,90.0,IGNORE_IRRELEVANT,none
residual:adhd biofeedback eeg,Restcluster: adhd biofeedback eeg,P2,NONE,,eeg biofeedback adhd,1,70.0,70.0,IGNORE_IRRELEVANT,none
residual:adhd nhg standaard,Restcluster: adhd nhg standaard,P2,NONE,,nhg standaard adhd,1,70.0,70.0,IGNORE_IRRELEVANT,none
residual:adhd coaching volwassenen,Restcluster: adhd coaching volwassenen,P2,NONE,,adhd coaching volwassenen,1,70.0,70.0,IGNORE_IRRELEVANT,none
residual:7 adhd types,Restcluster: 7 adhd types,P2,NONE,,7 types of adhd,2,50.0,100.0,IGNORE_IRRELEVANT,none
residual:adhd eigenschappen positieve,Restcluster: adhd eigenschappen positieve,P2,NONE,,positieve eigenschappen adhd,3,50.0,70.0,IGNORE_IRRELEVANT,none
residual:adhd definitie,Restcluster: adhd definitie,P2,NONE,,definitie adhd,2,50.0,100.0,IGNORE_IRRELEVANT,none
residual:adhd brain fog,Restcluster: adhd brain fog,P2,NONE,,adhd brain fog,1,50.0,50.0,IGNORE_IRRELEVANT,none
residual:adhd gedicht,Restcluster: adhd gedicht,P2,NONE,,gedicht adhd,2,50.0,100.0,IGNORE_IRRELEVANT,none
residual:adhd nederlands paralysis,Restcluster: adhd nederlands paralysis,P2,NONE,,adhd paralysis nederlands,1,50.0,50.0,IGNORE_IRRELEVANT,none
residual:adhd gevolgen,Restcluster: adhd gevolgen,P2,NONE,,adhd gevolgen,3,50.0,150.0,IGNORE_IRRELEVANT,none
residual:adhd eetstoornis,Restcluster: adhd eetstoornis,P2,NONE,,adhd en eetstoornis,2,50.0,70.0,IGNORE_IRRELEVANT,none
residual:adhd diva pdf,Restcluster: adhd diva pdf,P2,NONE,,diva adhd pdf,1,50.0,50.0,IGNORE_IRRELEVANT,none
residual:adhd misofonie,Restcluster: adhd misofonie,P2,NONE,,misofonie adhd,2,50.0,80.0,IGNORE_IRRELEVANT,none
residual:adhd centra,Restcluster: adhd centra,P2,NONE,,adhd centra,1,50.0,50.0,IGNORE_IRRELEVANT,none
residual:adhd pms,Restcluster: adhd pms,P2,NONE,,adhd pms,2,50.0,100.0,IGNORE_IRRELEVANT,none
residual:adhd hebben kan kat,Restcluster: adhd hebben kan kat,P2,NONE,,kan een kat adhd hebben,1,50.0,50.0,IGNORE_IRRELEVANT,none
residual:adhd funny quotes,Restcluster: adhd funny quotes,P2,NONE,,adhd quotes funny,1,50.0,50.0,IGNORE_IRRELEVANT,none
residual:add adhd heb,Restcluster: add adhd heb,P2,NONE,,heb ik add of adhd,1,50.0,50.0,IGNORE_IRRELEVANT,none
residual:adhd jobs,Restcluster: adhd jobs,P2,NONE,,adhd jobs,1,50.0,50.0,IGNORE_IRRELEVANT,none
residual:adhd hyperactiviteit zonder,Restcluster: adhd hyperactiviteit zonder,P2,NONE,,adhd zonder hyperactiviteit,1,50.0,50.0,IGNORE_IRRELEVANT,none
residual:adhd verschijnselen,Restcluster: adhd verschijnselen,P2,NONE,,verschijnselen adhd,3,50.0,150.0,IGNORE_IRRELEVANT,none
residual:adhd stimmen,Restcluster: adhd stimmen,P2,NONE,,stimmen adhd,1,50.0,50.0,IGNORE_IRRELEVANT,none
residual:adhd documentaire,Restcluster: adhd documentaire,P2,NONE,,documentaire adhd,3,50.0,150.0,IGNORE_IRRELEVANT,none
residual:adhd dieet volwassenen,Restcluster: adhd dieet volwassenen,P2,NONE,,dieet adhd volwassenen,2,50.0,100.0,IGNORE_IRRELEVANT,none
residual:adhd bekende nederlanders,Restcluster: adhd bekende nederlanders,P2,NONE,,bekende nederlanders adhd,2,50.0,100.0,IGNORE_IRRELEVANT,none
residual:adhd omgaan school,Restcluster: adhd omgaan school,P2,NONE,,omgaan met adhd op school,1,50.0,50.0,IGNORE_IRRELEVANT,none
residual:adhd ocd,Restcluster: adhd ocd,P2,NONE,,ocd en adhd,3,50.0,130.0,IGNORE_IRRELEVANT,none
residual:adhd bipolaire stoornis,Restcluster: adhd bipolaire stoornis,P2,NONE,,bipolaire stoornis en adhd,3,50.0,110.0,IGNORE_IRRELEVANT,none
residual:adhd bijtketting,Restcluster: adhd bijtketting,P2,NONE,,bijtketting adhd,1,50.0,50.0,IGNORE_IRRELEVANT,none
residual:adhd betekent nederlands wat,Restcluster: adhd betekent nederlands wat,P2,NONE,,wat betekent adhd in het nederlands,1,50.0,50.0,IGNORE_IRRELEVANT,none
residual:adhd for pycnogenol,Restcluster: adhd for pycnogenol,P2,NONE,,pycnogenol for adhd,1,50.0,50.0,IGNORE_IRRELEVANT,none
residual:adhd migraine,Restcluster: adhd migraine,P2,NONE,,adhd en migraine,1,50.0,50.0,IGNORE_IRRELEVANT,none
residual:adhd trauma,Restcluster: adhd trauma,P2,NONE,,adhd en trauma,2,50.0,70.0,IGNORE_IRRELEVANT,none
residual:adhd dominant gedrag,Restcluster: adhd dominant gedrag,P2,NONE,,adhd en dominant gedrag,1,50.0,50.0,IGNORE_IRRELEVANT,none
residual:adhd tentin,Restcluster: adhd tentin,P2,NONE,,tentin adhd,1,50.0,50.0,IGNORE_IRRELEVANT,none
residual:adhd hoe omgaan,Restcluster: adhd hoe omgaan,P2,NONE,,hoe omgaan met adhd,1,50.0,50.0,IGNORE_IRRELEVANT,none
residual:adhd c type,Restcluster: adhd c type,P2,NONE,,adhd type c,1,50.0,50.0,IGNORE_IRRELEVANT,none
residual:adhd amsterdam centrum,Restcluster: adhd amsterdam centrum,P2,NONE,,adhd centrum amsterdam,1,50.0,50.0,IGNORE_IRRELEVANT,none
residual:adhd and speed,Restcluster: adhd and speed,P2,NONE,,speed and adhd,1,50.0,50.0,IGNORE_IRRELEVANT,none
residual:adhd impulsiviteit,Restcluster: adhd impulsiviteit,P2,NONE,,adhd impulsiviteit,3,50.0,110.0,IGNORE_IRRELEVANT,none
residual:adhd woedeaanvallen,Restcluster: adhd woedeaanvallen,P2,NONE,,adhd woedeaanvallen,3,50.0,90.0,IGNORE_IRRELEVANT,none
residual:adhd omgaan volwassenen,Restcluster: adhd omgaan volwassenen,P2,NONE,,omgaan met adhd bij volwassenen,5,50.0,130.0,IGNORE_IRRELEVANT,none
residual:adhd werken,Restcluster: adhd werken,P2,NONE,,werken met adhd,2,50.0,80.0,IGNORE_IRRELEVANT,none
residual:adhd slapen slecht,Restcluster: adhd slapen slecht,P2,NONE,,adhd en slecht slapen,3,50.0,120.0,IGNORE_IRRELEVANT,none
residual:adhd eetstoornissen,Restcluster: adhd eetstoornissen,P2,NONE,,adhd en eetstoornissen,1,50.0,50.0,IGNORE_IRRELEVANT,none
residual:adhd therapeut,Restcluster: adhd therapeut,P2,NONE,,adhd therapeut,1,50.0,50.0,IGNORE_IRRELEVANT,none
residual:adhd zwolle,Restcluster: adhd zwolle,P2,NONE,,adhd zwolle,1,50.0,50.0,IGNORE_IRRELEVANT,none
residual:adhd speed,Restcluster: adhd speed,P2,NONE,,speed adhd,2,50.0,80.0,IGNORE_IRRELEVANT,none
procrastination,Uitstelgedrag,P1,LOW,https://www.structuro.eu/adhd-uitstelgedrag/,adhd uitstelgedrag,5,50.0,120.0,EXPAND,guide
residual:adhd stoornis,Restcluster: adhd stoornis,P2,NONE,,stoornis adhd,1,50.0,50.0,IGNORE_IRRELEVANT,none
residual:adhd prevalentie,Restcluster: adhd prevalentie,P2,NONE,,prevalentie adhd,1,50.0,50.0,IGNORE_IRRELEVANT,none
residual:adhd intelligentie,Restcluster: adhd intelligentie,P2,NONE,,adhd en intelligentie,2,50.0,100.0,IGNORE_IRRELEVANT,none
residual:adhd central,Restcluster: adhd central,P2,NONE,,adhd central,1,50.0,50.0,IGNORE_IRRELEVANT,none
residual:adhd hebben hoeveel mensen nederland,Restcluster: adhd hebben hoeveel mensen nederland,P2,NONE,,hoeveel mensen hebben adhd in nederland,1,50.0,50.0,IGNORE_IRRELEVANT,none
residual:adhd kwaliteiten,Restcluster: adhd kwaliteiten,P2,NONE,,adhd kwaliteiten,2,50.0,100.0,IGNORE_IRRELEVANT,none
residual:adhd uitgeschreven,Restcluster: adhd uitgeschreven,P2,NONE,,adhd uitgeschreven,1,50.0,50.0,IGNORE_IRRELEVANT,none
residual:adhd koptelefoon,Restcluster: adhd koptelefoon,P2,NONE,,koptelefoon adhd,3,50.0,110.0,IGNORE_IRRELEVANT,none
residual:adhd cannabidiol,Restcluster: adhd cannabidiol,P2,NONE,,cannabidiol adhd,1,50.0,50.0,IGNORE_IRRELEVANT,none
residual:adhd volwassenen wat,Restcluster: adhd volwassenen wat,P2,NONE,,wat is adhd bij volwassenen,2,50.0,60.0,IGNORE_IRRELEVANT,none
residual:adhd pycnogenol,Restcluster: adhd pycnogenol,P2,NONE,,pycnogenol adhd,1,50.0,50.0,IGNORE_IRRELEVANT,none
residual:adhd noord,Restcluster: adhd noord,P2,NONE,,adhd noord,1,50.0,50.0,IGNORE_IRRELEVANT,none
residual:adhd filmpje,Restcluster: adhd filmpje,P2,NONE,,filmpje adhd,2,50.0,100.0,IGNORE_IRRELEVANT,none
residual:adhd vergeetachtig,Restcluster: adhd vergeetachtig,P2,NONE,,adhd vergeetachtig,2,50.0,60.0,IGNORE_IRRELEVANT,none
residual:adhd coach utrecht,Restcluster: adhd coach utrecht,P2,NONE,,adhd coach utrecht,1,50.0,50.0,IGNORE_IRRELEVANT,none
residual:adhd verzwaringsdeken,Restcluster: adhd verzwaringsdeken,P2,NONE,,verzwaringsdeken adhd,2,50.0,60.0,IGNORE_IRRELEVANT,none
residual:adhd filmpjes,Restcluster: adhd filmpjes,P2,NONE,,adhd filmpjes,2,50.0,60.0,IGNORE_IRRELEVANT,none
residual:adhd impulsief,Restcluster: adhd impulsief,P2,NONE,,adhd impulsief,2,50.0,90.0,IGNORE_IRRELEVANT,none
residual:adhd hulp volwassenen,Restcluster: adhd hulp volwassenen,P2,NONE,,hulp bij adhd volwassenen,3,50.0,90.0,IGNORE_IRRELEVANT,none
residual:adhd for speed,Restcluster: adhd for speed,P2,NONE,,speed for adhd,1,50.0,50.0,IGNORE_IRRELEVANT,none
residual:adhd getest hoe wordt,Restcluster: adhd getest hoe wordt,P2,NONE,,hoe wordt adhd getest,1,50.0,50.0,IGNORE_IRRELEVANT,none
residual:adhd vayanse,Restcluster: adhd vayanse,P2,NONE,,vayanse adhd,1,50.0,50.0,IGNORE_IRRELEVANT,none
residual:adhd afvallen,Restcluster: adhd afvallen,P2,NONE,,adhd en afvallen,2,50.0,60.0,IGNORE_IRRELEVANT,none
residual:adhd utrecht,Restcluster: adhd utrecht,P2,NONE,,adhd utrecht,1,50.0,50.0,IGNORE_IRRELEVANT,none
residual:adhd centraal wachtlijst,Restcluster: adhd centraal wachtlijst,P2,NONE,,adhd centraal wachtlijst,1,50.0,50.0,IGNORE_IRRELEVANT,none
residual:adhd venlafaxine,Restcluster: adhd venlafaxine,P2,NONE,,venlafaxine adhd,1,50.0,50.0,IGNORE_IRRELEVANT,none
residual:adhd noradrenaline,Restcluster: adhd noradrenaline,P2,NONE,,noradrenaline adhd,1,50.0,50.0,IGNORE_IRRELEVANT,none
residual:adhd daith piercing,Restcluster: adhd daith piercing,P2,NONE,,daith piercing adhd,1,50.0,50.0,IGNORE_IRRELEVANT,none
residual:adhd poli,Restcluster: adhd poli,P2,NONE,,adhd poli,1,50.0,50.0,IGNORE_IRRELEVANT,none
residual:adhd heb nu,Restcluster: adhd heb nu,P2,NONE,,ik heb adhd en nu,1,40.0,40.0,IGNORE_IRRELEVANT,none
residual:adhd nrc,Restcluster: adhd nrc,P2,NONE,,nrc adhd,1,40.0,40.0,IGNORE_IRRELEVANT,none
residual:adhd autisme combinatie,Restcluster: adhd autisme combinatie,P2,MEDIUM,,combinatie adhd en autisme,4,40.0,90.0,IGNORE_IRRELEVANT,none
residual:adhd iq,Restcluster: adhd iq,P2,NONE,,adhd iq,2,40.0,50.0,IGNORE_IRRELEVANT,none
residual:adhd prikkelverwerking,Restcluster: adhd prikkelverwerking,P2,NONE,,adhd prikkelverwerking,3,40.0,90.0,IGNORE_IRRELEVANT,none
residual:adhd partner with,Restcluster: adhd partner with,P2,NONE,,partner with adhd,1,40.0,40.0,IGNORE_IRRELEVANT,none
residual:8d adhd muziek,Restcluster: 8d adhd muziek,P2,NONE,,8d muziek adhd,1,40.0,40.0,IGNORE_IRRELEVANT,none
residual:adhd arts,Restcluster: adhd arts,P2,NONE,,adhd arts,1,40.0,40.0,IGNORE_IRRELEVANT,none
residual:adhd sporten,Restcluster: adhd sporten,P2,NONE,,sporten met adhd,3,40.0,70.0,IGNORE_IRRELEVANT,none
residual:adhd gedragsproblemen,Restcluster: adhd gedragsproblemen,P2,NONE,,adhd en gedragsproblemen,3,40.0,120.0,IGNORE_IRRELEVANT,none
residual:adhd vergoeding,Restcluster: adhd vergoeding,P2,NONE,,adhd vergoeding,1,40.0,40.0,IGNORE_IRRELEVANT,none
residual:adhd helpt wat,Restcluster: adhd helpt wat,P2,NONE,,wat helpt bij adhd,1,40.0,40.0,IGNORE_IRRELEVANT,none
residual:adhd parkinson,Restcluster: adhd parkinson,P2,NONE,,parkinson adhd,2,40.0,80.0,IGNORE_IRRELEVANT,none
residual:adhd mannen volwassenen,Restcluster: adhd mannen volwassenen,P2,NONE,,adhd bij volwassenen mannen,1,40.0,40.0,IGNORE_IRRELEVANT,none
residual:adhd centraal locaties,Restcluster: adhd centraal locaties,P2,NONE,,adhd centraal locaties,1,40.0,40.0,IGNORE_IRRELEVANT,none
residual:adhd soorten verschillende,Restcluster: adhd soorten verschillende,P2,NONE,,verschillende soorten adhd,1,40.0,40.0,IGNORE_IRRELEVANT,none
residual:adhd centrum expertise,Restcluster: adhd centrum expertise,P2,NONE,,adhd expertise centrum,1,40.0,40.0,IGNORE_IRRELEVANT,none
residual:adhd dalton onderwijs,Restcluster: adhd dalton onderwijs,P2,NONE,,dalton onderwijs adhd,1,40.0,40.0,IGNORE_IRRELEVANT,none
residual:adhd autisme spectrum,Restcluster: adhd autisme spectrum,P2,MEDIUM,,adhd autisme spectrum,1,40.0,40.0,IGNORE_IRRELEVANT,none
residual:adhd dating with,Restcluster: adhd dating with,P2,NONE,,dating with adhd,1,40.0,40.0,IGNORE_IRRELEVANT,none
residual:adhd kinderboeken,Restcluster: adhd kinderboeken,P2,NONE,,kinderboeken adhd,2,40.0,80.0,IGNORE_IRRELEVANT,none
residual:adhd ssri,Restcluster: adhd ssri,P2,NONE,,ssri adhd,1,40.0,40.0,IGNORE_IRRELEVANT,none
residual:adhd rebound,Restcluster: adhd rebound,P2,NONE,,rebound adhd,2,40.0,80.0,IGNORE_IRRELEVANT,none
residual:adhd weekplanner,Restcluster: adhd weekplanner,P2,NONE,,weekplanner adhd,1,40.0,40.0,IGNORE_IRRELEVANT,none
residual:adhd heeft hoeveel procent,Restcluster: adhd heeft hoeveel procent,P2,NONE,,hoeveel procent heeft adhd,1,40.0,40.0,IGNORE_IRRELEVANT,none
residual:adhd beeld gecombineerd,Restcluster: adhd beeld gecombineerd,P2,NONE,,adhd gecombineerd beeld,1,40.0,40.0,IGNORE_IRRELEVANT,none
residual:adhd apd,Restcluster: adhd apd,P2,NONE,,apd adhd,2,40.0,50.0,IGNORE_IRRELEVANT,none
residual:adhd problemen,Restcluster: adhd problemen,P2,NONE,,adhd problemen,1,40.0,40.0,IGNORE_IRRELEVANT,none
residual:adhd pgb,Restcluster: adhd pgb,P2,NONE,,pgb adhd,3,40.0,120.0,IGNORE_IRRELEVANT,none
residual:adhd pluspunten,Restcluster: adhd pluspunten,P2,NONE,,pluspunten adhd,2,40.0,50.0,IGNORE_IRRELEVANT,none
residual:adhd balans,Restcluster: adhd balans,P2,NONE,,balans adhd,2,40.0,80.0,IGNORE_IRRELEVANT,none
residual:adhd verliefdheid,Restcluster: adhd verliefdheid,P2,NONE,,adhd en verliefdheid,1,40.0,40.0,IGNORE_IRRELEVANT,none
residual:adhd kan overgaan,Restcluster: adhd kan overgaan,P2,NONE,,kan adhd overgaan,1,40.0,40.0,IGNORE_IRRELEVANT,none
residual:adhd omgaan partner,Restcluster: adhd omgaan partner,P2,NONE,,omgaan met adhd partner,2,40.0,80.0,IGNORE_IRRELEVANT,none
residual:adhd ontwikkelingsanamnese,Restcluster: adhd ontwikkelingsanamnese,P2,NONE,,ontwikkelingsanamnese adhd,1,40.0,40.0,IGNORE_IRRELEVANT,none
residual:adhd nederlandse vertaling,Restcluster: adhd nederlandse vertaling,P2,NONE,,adhd nederlandse vertaling,1,40.0,40.0,IGNORE_IRRELEVANT,none
residual:adhd spreekbeurt,Restcluster: adhd spreekbeurt,P2,NONE,,adhd spreekbeurt,3,40.0,120.0,IGNORE_IRRELEVANT,none
residual:adhd for studying tips,Restcluster: adhd for studying tips,P2,NONE,,adhd tips for studying,1,40.0,40.0,IGNORE_IRRELEVANT,none
residual:adhd autisme overeenkomsten,Restcluster: adhd autisme overeenkomsten,P2,MEDIUM,,overeenkomsten adhd en autisme,1,40.0,40.0,IGNORE_IRRELEVANT,none
residual:adhd middel natuurlijk tegen,Restcluster: adhd middel natuurlijk tegen,P2,NONE,,natuurlijk middel tegen adhd,1,40.0,40.0,IGNORE_IRRELEVANT,none
residual:adhd lyrics,Restcluster: adhd lyrics,P2,NONE,,adhd lyrics,1,40.0,40.0,IGNORE_IRRELEVANT,none
residual:360 adhd,Restcluster: 360 adhd,P2,NONE,,adhd 360,1,40.0,40.0,IGNORE_IRRELEVANT,none
residual:adhd doen wat,Restcluster: adhd doen wat,P2,NONE,,wat te doen bij adhd,3,40.0,90.0,IGNORE_IRRELEVANT,none
residual:adhd studying with,Restcluster: adhd studying with,P2,NONE,,studying with adhd,1,40.0,40.0,IGNORE_IRRELEVANT,none
residual:adhd dieet keto,Restcluster: adhd dieet keto,P2,NONE,,keto dieet adhd,1,40.0,40.0,IGNORE_IRRELEVANT,none
residual:adhd hoogbegaafdheid verschil,Restcluster: adhd hoogbegaafdheid verschil,P2,NONE,,verschil adhd en hoogbegaafdheid,1,40.0,40.0,IGNORE_IRRELEVANT,none
residual:adhd sport,Restcluster: adhd sport,P2,NONE,,adhd sport,1,40.0,40.0,IGNORE_IRRELEVANT,none
residual:adhd psychische stoornis,Restcluster: adhd psychische stoornis,P2,NONE,,is adhd een psychische stoornis,1,40.0,40.0,IGNORE_IRRELEVANT,none
residual:adhd centrum rotterdam,Restcluster: adhd centrum rotterdam,P2,NONE,,adhd centrum rotterdam,1,40.0,40.0,IGNORE_IRRELEVANT,none
residual:adhd man relatie,Restcluster: adhd man relatie,P2,NONE,,relatie met adhd man,1,40.0,40.0,IGNORE_IRRELEVANT,none
residual:adhd structuur,Restcluster: adhd structuur,P2,NONE,,adhd en structuur,3,40.0,120.0,IGNORE_IRRELEVANT,none
residual:adhd kinderboek,Restcluster: adhd kinderboek,P2,NONE,,kinderboek adhd,2,40.0,60.0,IGNORE_IRRELEVANT,none
residual:adhd boek voeding,Restcluster: adhd boek voeding,P2,NONE,,adhd en voeding boek,1,40.0,40.0,IGNORE_IRRELEVANT,none
residual:adhd onderwijs speciaal,Restcluster: adhd onderwijs speciaal,P2,NONE,,speciaal onderwijs adhd,3,40.0,90.0,IGNORE_IRRELEVANT,none
residual:adhd middelen natuurlijke,Restcluster: adhd middelen natuurlijke,P2,NONE,,adhd natuurlijke middelen,1,40.0,40.0,IGNORE_IRRELEVANT,none
residual:adhd autistisch spectrum,Restcluster: adhd autistisch spectrum,P2,NONE,,adhd autistisch spectrum,1,40.0,40.0,IGNORE_IRRELEVANT,none
residual:adhd afwijzing,Restcluster: adhd afwijzing,P2,NONE,,adhd afwijzing,1,40.0,40.0,IGNORE_IRRELEVANT,none
residual:adhd er soorten welke,Restcluster: adhd er soorten welke,P2,NONE,,welke soorten adhd zijn er,1,40.0,40.0,IGNORE_IRRELEVANT,none
residual:adhd effect rebound,Restcluster: adhd effect rebound,P2,NONE,,rebound effect adhd,2,40.0,80.0,IGNORE_IRRELEVANT,none
residual:adhd middel natuurlijk,Restcluster: adhd middel natuurlijk,P2,NONE,,natuurlijk middel adhd,1,40.0,40.0,IGNORE_IRRELEVANT,none
residual:adhd bachbloesem,Restcluster: adhd bachbloesem,P2,NONE,,bachbloesem adhd,2,40.0,70.0,IGNORE_IRRELEVANT,none
residual:adhd brain scan,Restcluster: adhd brain scan,P2,NONE,,adhd brain scan,2,40.0,80.0,IGNORE_IRRELEVANT,none
residual:adhd brain for scan,Restcluster: adhd brain for scan,P2,NONE,,brain scan for adhd,1,40.0,40.0,IGNORE_IRRELEVANT,none
residual:adhd liefdesverdriet,Restcluster: adhd liefdesverdriet,P2,NONE,,adhd en liefdesverdriet,1,40.0,40.0,IGNORE_IRRELEVANT,none
residual:adhd rijles,Restcluster: adhd rijles,P2,NONE,,adhd rijles,2,40.0,80.0,IGNORE_IRRELEVANT,none
residual:adhd diagnostiek nijmegen,Restcluster: adhd diagnostiek nijmegen,P2,NONE,,adhd diagnostiek nijmegen,1,40.0,40.0,IGNORE_IRRELEVANT,none
residual:adhd heeft partner,Restcluster: adhd heeft partner,P2,NONE,,mijn partner heeft adhd,1,40.0,40.0,IGNORE_IRRELEVANT,none
residual:adhd cafe utrecht,Restcluster: adhd cafe utrecht,P2,NONE,,adhd cafe utrecht,1,40.0,40.0,IGNORE_IRRELEVANT,none
residual:adhd leiden,Restcluster: adhd leiden,P2,NONE,,adhd leiden,1,40.0,40.0,IGNORE_IRRELEVANT,none
residual:adhd filmpje klokhuis,Restcluster: adhd filmpje klokhuis,P2,NONE,,filmpje adhd klokhuis,1,40.0,40.0,IGNORE_IRRELEVANT,none
residual:adhd hulpgids,Restcluster: adhd hulpgids,P2,NONE,,hulpgids adhd,2,40.0,70.0,IGNORE_IRRELEVANT,none
residual:adhd centraal inloggen,Restcluster: adhd centraal inloggen,P2,NONE,,adhd centraal inloggen,1,40.0,40.0,IGNORE_IRRELEVANT,none
residual:adhd antidepressiva ervaringen,Restcluster: adhd antidepressiva ervaringen,P2,NONE,,antidepressiva adhd ervaringen,1,40.0,40.0,IGNORE_IRRELEVANT,none
residual:adhd risperidon,Restcluster: adhd risperidon,P2,NONE,,risperidon adhd,2,40.0,50.0,IGNORE_IRRELEVANT,none
residual:adhd leiden praktijk,Restcluster: adhd leiden praktijk,P2,NONE,,adhd praktijk leiden,1,40.0,40.0,IGNORE_IRRELEVANT,none
residual:adhd doen tegen wat,Restcluster: adhd doen tegen wat,P2,NONE,,wat te doen tegen adhd,1,40.0,40.0,IGNORE_IRRELEVANT,none
residual:adhd omgaan partner volwassenen,Restcluster: adhd omgaan partner volwassenen,P2,NONE,,omgaan met adhd volwassenen partner,1,40.0,40.0,IGNORE_IRRELEVANT,none
residual:adhd boek relaties,Restcluster: adhd boek relaties,P2,NONE,,adhd relaties boek,1,40.0,40.0,IGNORE_IRRELEVANT,none
residual:adhd onoplettende type,Restcluster: adhd onoplettende type,P2,NONE,,adhd onoplettende type,1,40.0,40.0,IGNORE_IRRELEVANT,none
residual:adhd bestaat,Restcluster: adhd bestaat,P2,NONE,,bestaat adhd,1,40.0,40.0,IGNORE_IRRELEVANT,none
residual:adhd autisme tussen verschil wat,Restcluster: adhd autisme tussen verschil wat,P2,MEDIUM,,wat is het verschil tussen adhd en autisme,1,40.0,40.0,IGNORE_IRRELEVANT,none
residual:adhd cgt,Restcluster: adhd cgt,P2,NONE,,cgt adhd,2,40.0,60.0,IGNORE_IRRELEVANT,none
residual:adhd vaststellen volwassenen,Restcluster: adhd vaststellen volwassenen,P2,NONE,,adhd vaststellen volwassenen,1,40.0,40.0,IGNORE_IRRELEVANT,none
residual:adhd ervaringsdeskundige,Restcluster: adhd ervaringsdeskundige,P2,NONE,,ervaringsdeskundige adhd,1,40.0,40.0,IGNORE_IRRELEVANT,none
residual:adhd bachbloesems,Restcluster: adhd bachbloesems,P2,NONE,,bachbloesems adhd,1,40.0,40.0,IGNORE_IRRELEVANT,none
residual:adhd study tips,Restcluster: adhd study tips,P2,NONE,,study tips adhd,2,40.0,80.0,IGNORE_IRRELEVANT,none
residual:adhd poster,Restcluster: adhd poster,P2,NONE,,adhd poster,2,40.0,60.0,IGNORE_IRRELEVANT,none
residual:adhd studying tips,Restcluster: adhd studying tips,P2,NONE,,adhd studying tips,1,40.0,40.0,IGNORE_IRRELEVANT,none
residual:adhd budget persoonsgebonden,Restcluster: adhd budget persoonsgebonden,P2,NONE,,persoonsgebonden budget adhd,1,40.0,40.0,IGNORE_IRRELEVANT,none
residual:adhd apd or,Restcluster: adhd apd or,P2,NONE,,apd or adhd,1,40.0,40.0,IGNORE_IRRELEVANT,none
residual:adhd staat,Restcluster: adhd staat,P2,NONE,,adhd staat voor,1,40.0,40.0,IGNORE_IRRELEVANT,none
residual:adhd centrum zwolle,Restcluster: adhd centrum zwolle,P2,NONE,,adhd centrum zwolle,1,40.0,40.0,IGNORE_IRRELEVANT,none
residual:adhd heb nu wat,Restcluster: adhd heb nu wat,P2,NONE,,ik heb adhd wat nu,1,40.0,40.0,IGNORE_IRRELEVANT,none
residual:adhd gedrag,Restcluster: adhd gedrag,P2,NONE,,gedrag adhd,2,40.0,80.0,IGNORE_IRRELEVANT,none
residual:adhd autisme tegelijk,Restcluster: adhd autisme tegelijk,P2,MEDIUM,,autisme en adhd tegelijk,1,40.0,40.0,IGNORE_IRRELEVANT,none
residual:adhd erik scherder,Restcluster: adhd erik scherder,P2,NONE,,erik scherder adhd,1,40.0,40.0,IGNORE_IRRELEVANT,none
residual:adhd gaan hoe,Restcluster: adhd gaan hoe,P2,NONE,,hoe om te gaan met adhd,1,40.0,40.0,IGNORE_IRRELEVANT,none
residual:adhd hoe werkt,Restcluster: adhd hoe werkt,P2,NONE,,hoe werkt adhd,1,40.0,40.0,IGNORE_IRRELEVANT,none
residual:adhd objectpermanentie,Restcluster: adhd objectpermanentie,P2,NONE,,objectpermanentie adhd,1,40.0,40.0,IGNORE_IRRELEVANT,none
residual:adhd helpt tegen wat,Restcluster: adhd helpt tegen wat,P2,NONE,,wat helpt tegen adhd,1,40.0,40.0,IGNORE_IRRELEVANT,none
residual:adhd cafeïne,Restcluster: adhd cafeïne,P2,NONE,,cafeïne en adhd,1,40.0,40.0,IGNORE_IRRELEVANT,none
residual:adhd associatief denken,Restcluster: adhd associatief denken,P2,NONE,,associatief denken adhd,1,40.0,40.0,IGNORE_IRRELEVANT,none
residual:adhd hoofd rust,Restcluster: adhd hoofd rust,P2,NONE,,rust in je hoofd adhd,1,40.0,40.0,IGNORE_IRRELEVANT,none
residual:adhd film,Restcluster: adhd film,P2,NONE,,adhd film,2,40.0,60.0,IGNORE_IRRELEVANT,none
residual:adhd autisme tussen verschil,Restcluster: adhd autisme tussen verschil,P2,MEDIUM,,verschil tussen adhd en autisme,2,40.0,70.0,IGNORE_IRRELEVANT,none
residual:adhd vakantie,Restcluster: adhd vakantie,P2,NONE,,adhd en vakantie,2,30.0,60.0,IGNORE_IRRELEVANT,none
residual:adhd nao,Restcluster: adhd nao,P2,NONE,,adhd nao,1,30.0,30.0,IGNORE_IRRELEVANT,none
residual:adhd biloba for ginkgo,Restcluster: adhd biloba for ginkgo,P2,NONE,,ginkgo biloba for adhd,1,30.0,30.0,IGNORE_IRRELEVANT,none
residual:adhd gedrag impulsief,Restcluster: adhd gedrag impulsief,P2,NONE,,adhd impulsief gedrag,1,30.0,30.0,IGNORE_IRRELEVANT,none
residual:adhd dyslexie hoogbegaafd,Restcluster: adhd dyslexie hoogbegaafd,P2,NONE,,adhd dyslexie hoogbegaafd,1,30.0,30.0,IGNORE_IRRELEVANT,none
residual:adhd disharmonisch profiel,Restcluster: adhd disharmonisch profiel,P2,NONE,,disharmonisch profiel adhd,1,30.0,30.0,IGNORE_IRRELEVANT,none
residual:adhd weetjes,Restcluster: adhd weetjes,P2,NONE,,weetjes over adhd,3,30.0,70.0,IGNORE_IRRELEVANT,none
residual:adhd magazine,Restcluster: adhd magazine,P2,NONE,,adhd magazine,1,30.0,30.0,IGNORE_IRRELEVANT,none
residual:adhd dag,Restcluster: adhd dag,P2,NONE,,adhd dag,1,30.0,30.0,IGNORE_IRRELEVANT,none
residual:adhd duloxetine,Restcluster: adhd duloxetine,P2,NONE,,duloxetine adhd,1,30.0,30.0,IGNORE_IRRELEVANT,none
residual:adhd spelletjes,Restcluster: adhd spelletjes,P2,NONE,,spelletjes adhd,3,30.0,90.0,IGNORE_IRRELEVANT,none
residual:adhd tips volwassenen,Restcluster: adhd tips volwassenen,P2,NONE,,tips adhd volwassenen,5,30.0,110.0,IGNORE_IRRELEVANT,none
residual:adhd centraal contact,Restcluster: adhd centraal contact,P2,NONE,,adhd centraal contact,1,30.0,30.0,IGNORE_IRRELEVANT,none
residual:adhd autipas,Restcluster: adhd autipas,P2,NONE,,autipas adhd,2,30.0,40.0,IGNORE_IRRELEVANT,none
residual:adhd ptss,Restcluster: adhd ptss,P2,NONE,,adhd en ptss,3,30.0,70.0,IGNORE_IRRELEVANT,none
residual:adhd verschillende vormen,Restcluster: adhd verschillende vormen,P2,NONE,,verschillende vormen van adhd,3,30.0,70.0,IGNORE_IRRELEVANT,none
residual:adhd amsterdam diagnostiek,Restcluster: adhd amsterdam diagnostiek,P2,NONE,,adhd diagnostiek amsterdam,1,30.0,30.0,IGNORE_IRRELEVANT,none
residual:acupunctuur adhd,Restcluster: acupunctuur adhd,P2,NONE,,adhd acupunctuur,2,30.0,60.0,IGNORE_IRRELEVANT,none
residual:adhd kooij sandra volwassenen,Restcluster: adhd kooij sandra volwassenen,P2,NONE,,adhd bij volwassenen sandra kooij,2,30.0,60.0,IGNORE_IRRELEVANT,none
residual:adhd moclobemide,Restcluster: adhd moclobemide,P2,NONE,,moclobemide adhd,1,30.0,30.0,IGNORE_IRRELEVANT,none
residual:5 adhd for htp,Restcluster: 5 adhd for htp,P2,NONE,,5 htp for adhd,1,30.0,30.0,IGNORE_IRRELEVANT,none
residual:adhd dysgrafie,Restcluster: adhd dysgrafie,P2,NONE,,dysgrafie adhd,1,30.0,30.0,IGNORE_IRRELEVANT,none
residual:adhd paniekaanvallen,Restcluster: adhd paniekaanvallen,P2,NONE,,adhd en paniekaanvallen,2,30.0,60.0,IGNORE_IRRELEVANT,none
residual:adhd brahmi for,Restcluster: adhd brahmi for,P2,NONE,,brahmi for adhd,1,30.0,30.0,IGNORE_IRRELEVANT,none
residual:adhd intrusive thoughts,Restcluster: adhd intrusive thoughts,P2,NONE,,intrusive thoughts adhd,2,30.0,40.0,IGNORE_IRRELEVANT,none
residual:adhd interview,Restcluster: adhd interview,P2,NONE,,interview adhd,1,30.0,30.0,IGNORE_IRRELEVANT,none
residual:adhd centrum nijmegen,Restcluster: adhd centrum nijmegen,P2,NONE,,adhd centrum nijmegen,1,30.0,30.0,IGNORE_IRRELEVANT,none
residual:adhd kanten sterke,Restcluster: adhd kanten sterke,P2,NONE,,sterke kanten adhd,2,30.0,50.0,IGNORE_IRRELEVANT,none
residual:adhd blocks brain,Restcluster: adhd blocks brain,P2,NONE,,brain blocks adhd,1,30.0,30.0,IGNORE_IRRELEVANT,none
residual:adhd hoogfunctionerend,Restcluster: adhd hoogfunctionerend,P2,NONE,,hoogfunctionerend adhd,1,30.0,30.0,IGNORE_IRRELEVANT,none
residual:adhd lt03,Restcluster: adhd lt03,P2,NONE,,lt03 adhd,1,30.0,30.0,IGNORE_IRRELEVANT,none
residual:adhd komt vandaan waar,Restcluster: adhd komt vandaan waar,P2,NONE,,waar komt adhd vandaan,1,30.0,30.0,IGNORE_IRRELEVANT,none
residual:adhd coach groningen,Restcluster: adhd coach groningen,P2,NONE,,adhd coach groningen,1,30.0,30.0,IGNORE_IRRELEVANT,none
residual:adhd organiseren plannen,Restcluster: adhd organiseren plannen,P2,NONE,,plannen en organiseren adhd,2,30.0,60.0,IGNORE_IRRELEVANT,none
residual:adhd meditatie,Restcluster: adhd meditatie,P2,NONE,,meditatie adhd,3,30.0,70.0,IGNORE_IRRELEVANT,none
residual:adhd bach bloesem,Restcluster: adhd bach bloesem,P2,NONE,,bach bloesem adhd,2,30.0,60.0,IGNORE_IRRELEVANT,none
residual:adhd ervaringsverhalen volwassenen,Restcluster: adhd ervaringsverhalen volwassenen,P2,NONE,,ervaringsverhalen adhd volwassenen,1,30.0,30.0,IGNORE_IRRELEVANT,none
residual:adhd clonidine volwassenen,Restcluster: adhd clonidine volwassenen,P2,NONE,,clonidine adhd volwassenen,1,30.0,30.0,IGNORE_IRRELEVANT,none
residual:adhd dreumes,Restcluster: adhd dreumes,P2,NONE,,dreumes adhd,2,30.0,60.0,IGNORE_IRRELEVANT,none
residual:adhd leven partner,Restcluster: adhd leven partner,P2,NONE,,leven met een adhd partner,4,30.0,100.0,IGNORE_IRRELEVANT,none
residual:adhd brown noise,Restcluster: adhd brown noise,P2,NONE,,brown noise adhd,1,30.0,30.0,IGNORE_IRRELEVANT,none
residual:adhd survivalgids,Restcluster: adhd survivalgids,P2,NONE,,adhd survivalgids,3,30.0,60.0,IGNORE_IRRELEVANT,none
residual:adhd opleiding,Restcluster: adhd opleiding,P2,NONE,,adhd opleiding,2,30.0,60.0,IGNORE_IRRELEVANT,none
residual:adhd beroepen,Restcluster: adhd beroepen,P2,NONE,,adhd beroepen,2,30.0,60.0,IGNORE_IRRELEVANT,none
residual:adhd demek ne,Restcluster: adhd demek ne,P2,NONE,,adhd ne demek,1,30.0,30.0,IGNORE_IRRELEVANT,none
residual:adhd asperger,Restcluster: adhd asperger,P2,NONE,,asperger en adhd,4,30.0,100.0,IGNORE_IRRELEVANT,none
residual:adhd and asperger syndrome,Restcluster: adhd and asperger syndrome,P2,NONE,,asperger syndrome and adhd,1,30.0,30.0,IGNORE_IRRELEVANT,none
residual:adhd hoog iq,Restcluster: adhd hoog iq,P2,NONE,,hoog iq en adhd,1,30.0,30.0,IGNORE_IRRELEVANT,none
residual:adhd wat,Restcluster: adhd wat,P2,NONE,,adhd wat is het,4,30.0,80.0,IGNORE_IRRELEVANT,none
residual:adhd brahmi,Restcluster: adhd brahmi,P2,NONE,,brahmi adhd,1,30.0,30.0,IGNORE_IRRELEVANT,none
residual:acdc adhd shirt,Restcluster: acdc adhd shirt,P2,NONE,,acdc adhd shirt,1,30.0,30.0,IGNORE_IRRELEVANT,none
residual:adhd hoofd vol,Restcluster: adhd hoofd vol,P2,NONE,,vol hoofd adhd,1,30.0,30.0,IGNORE_IRRELEVANT,none
residual:adhd lotgenoten,Restcluster: adhd lotgenoten,P2,NONE,,lotgenoten adhd,2,30.0,60.0,IGNORE_IRRELEVANT,none
residual:about adhd blogs,Restcluster: about adhd blogs,P2,NONE,,blogs about adhd,1,30.0,30.0,IGNORE_IRRELEVANT,none
residual:adhd amsterdam cafe,Restcluster: adhd amsterdam cafe,P2,NONE,,adhd cafe amsterdam,1,30.0,30.0,IGNORE_IRRELEVANT,none
residual:adhd mis stofje welk,Restcluster: adhd mis stofje welk,P2,NONE,,welk stofje mis je bij adhd,1,30.0,30.0,IGNORE_IRRELEVANT,none
residual:adhd ouders,Restcluster: adhd ouders,P2,NONE,,ouders met adhd,4,30.0,60.0,IGNORE_IRRELEVANT,none
residual:adhd klas tips,Restcluster: adhd klas tips,P2,NONE,,adhd in de klas tips,3,30.0,50.0,IGNORE_IRRELEVANT,none
residual:adhd herkennen,Restcluster: adhd herkennen,P2,NONE,,adhd herkennen,1,30.0,30.0,IGNORE_IRRELEVANT,none
residual:adhd praatgroep volwassenen,Restcluster: adhd praatgroep volwassenen,P2,NONE,,praatgroep adhd volwassenen,1,30.0,30.0,IGNORE_IRRELEVANT,none
residual:adhd centraal telefoonnummer,Restcluster: adhd centraal telefoonnummer,P2,NONE,,adhd centraal telefoonnummer,1,30.0,30.0,IGNORE_IRRELEVANT,none
residual:adhd onderzoek utrecht volwassenen,Restcluster: adhd onderzoek utrecht volwassenen,P2,NONE,,adhd onderzoek volwassenen utrecht,1,30.0,30.0,IGNORE_IRRELEVANT,none
residual:adhd jongeren,Restcluster: adhd jongeren,P2,NONE,,jongeren met adhd,3,30.0,90.0,IGNORE_IRRELEVANT,none
residual:adhd kok,Restcluster: adhd kok,P2,NONE,,adhd kok,2,30.0,40.0,IGNORE_IRRELEVANT,none
residual:adhd gedragsstoornis,Restcluster: adhd gedragsstoornis,P2,NONE,,is adhd een gedragsstoornis,3,30.0,70.0,IGNORE_IRRELEVANT,none
residual:adhd doen kun tegen wat,Restcluster: adhd doen kun tegen wat,P2,NONE,,wat kun je doen tegen adhd,2,30.0,60.0,IGNORE_IRRELEVANT,none
residual:adhd imposter syndroom,Restcluster: adhd imposter syndroom,P2,NONE,,imposter syndroom adhd,1,30.0,30.0,IGNORE_IRRELEVANT,none
residual:adhd vergeetachtigheid,Restcluster: adhd vergeetachtigheid,P2,NONE,,adhd en vergeetachtigheid,1,30.0,30.0,IGNORE_IRRELEVANT,none
residual:adhd blog,Restcluster: adhd blog,P2,NONE,,blog adhd,2,30.0,60.0,IGNORE_IRRELEVANT,none
residual:adhd fluoxetine,Restcluster: adhd fluoxetine,P2,NONE,,fluoxetine adhd,1,30.0,30.0,IGNORE_IRRELEVANT,none
residual:adhd amitriptyline,Restcluster: adhd amitriptyline,P2,NONE,,amitriptyline adhd,1,30.0,30.0,IGNORE_IRRELEVANT,none
residual:adhd hyperactiviteit,Restcluster: adhd hyperactiviteit,P2,NONE,,adhd hyperactiviteit,1,30.0,30.0,IGNORE_IRRELEVANT,none
residual:adhd buspiron,Restcluster: adhd buspiron,P2,NONE,,buspiron adhd,1,30.0,30.0,IGNORE_IRRELEVANT,none
residual:adhd wajong,Restcluster: adhd wajong,P2,NONE,,wajong adhd,3,30.0,70.0,IGNORE_IRRELEVANT,none
residual:adhd artikelen,Restcluster: adhd artikelen,P2,NONE,,artikelen over adhd,1,30.0,30.0,IGNORE_IRRELEVANT,none
residual:adhd effectief,Restcluster: adhd effectief,P2,NONE,,effectief met adhd,1,30.0,30.0,IGNORE_IRRELEVANT,none
residual:adhd antidepressiva welke,Restcluster: adhd antidepressiva welke,P2,NONE,,welke antidepressiva bij adhd,1,30.0,30.0,IGNORE_IRRELEVANT,none
residual:adhd hulpmiddelen klas,Restcluster: adhd hulpmiddelen klas,P2,NONE,,adhd hulpmiddelen in de klas,2,30.0,40.0,IGNORE_IRRELEVANT,none
residual:adhd er vormen welke,Restcluster: adhd er vormen welke,P2,NONE,,welke vormen van adhd zijn er,1,30.0,30.0,IGNORE_IRRELEVANT,none
residual:adhd staat waar,Restcluster: adhd staat waar,P2,NONE,,waar staat adhd,2,30.0,40.0,IGNORE_IRRELEVANT,none
residual:additude adhd,Restcluster: additude adhd,P2,NONE,,additude adhd,1,30.0,30.0,IGNORE_IRRELEVANT,none
residual:adhd chronische ziekte,Restcluster: adhd chronische ziekte,P2,NONE,,is adhd een chronische ziekte,2,30.0,40.0,IGNORE_IRRELEVANT,none
residual:adhd ouder,Restcluster: adhd ouder,P2,NONE,,ouder met adhd,1,30.0,30.0,IGNORE_IRRELEVANT,none
residual:adhd voluit,Restcluster: adhd voluit,P2,NONE,,adhd voluit,1,30.0,30.0,IGNORE_IRRELEVANT,none
residual:5 adhd htp,Restcluster: 5 adhd htp,P2,NONE,,5 htp adhd,5,30.0,90.0,IGNORE_IRRELEVANT,none
residual:adhd artikel,Restcluster: adhd artikel,P2,NONE,,artikel over adhd,3,30.0,90.0,IGNORE_IRRELEVANT,none
residual:adhd biloba ginkgo,Restcluster: adhd biloba ginkgo,P2,NONE,,ginkgo biloba adhd,1,30.0,30.0,IGNORE_IRRELEVANT,none
residual:adhd leeftijd oudere,Restcluster: adhd leeftijd oudere,P2,NONE,,adhd op oudere leeftijd,1,30.0,30.0,IGNORE_IRRELEVANT,none
residual:adhd flirten,Restcluster: adhd flirten,P2,NONE,,adhd flirten,1,30.0,30.0,IGNORE_IRRELEVANT,none
residual:adhd bore out,Restcluster: adhd bore out,P2,NONE,,bore out adhd,1,30.0,30.0,IGNORE_IRRELEVANT,none
residual:adhd nji,Restcluster: adhd nji,P2,NONE,,nji adhd,2,30.0,40.0,IGNORE_IRRELEVANT,none
residual:adhd hoofdpijn,Restcluster: adhd hoofdpijn,P2,NONE,,adhd en hoofdpijn,2,30.0,60.0,IGNORE_IRRELEVANT,none
residual:adhd bloggers,Restcluster: adhd bloggers,P2,NONE,,adhd bloggers,1,30.0,30.0,IGNORE_IRRELEVANT,none
residual:adhd clownesk gedrag,Restcluster: adhd clownesk gedrag,P2,NONE,,clownesk gedrag adhd,1,30.0,30.0,IGNORE_IRRELEVANT,none
residual:adhd bestaat niet,Restcluster: adhd bestaat niet,P2,NONE,,adhd bestaat niet,1,30.0,30.0,IGNORE_IRRELEVANT,none
residual:adhd orkestra,Restcluster: adhd orkestra,P2,NONE,,orkestra adhd,1,30.0,30.0,IGNORE_IRRELEVANT,none
residual:adhd lied,Restcluster: adhd lied,P2,NONE,,adhd lied,1,30.0,30.0,IGNORE_IRRELEVANT,none
residual:adhd nieuws,Restcluster: adhd nieuws,P2,NONE,,adhd nieuws,2,30.0,40.0,IGNORE_IRRELEVANT,none
residual:about adhd blog,Restcluster: about adhd blog,P2,NONE,,blog about adhd,1,30.0,30.0,IGNORE_IRRELEVANT,none
residual:adhd groeien heen kun,Restcluster: adhd groeien heen kun,P2,NONE,,kun je over adhd heen groeien,1,30.0,30.0,IGNORE_IRRELEVANT,none
residual:adhd autisme hebben kan,Restcluster: adhd autisme hebben kan,P2,MEDIUM,,kan je adhd en autisme hebben,1,30.0,30.0,IGNORE_IRRELEVANT,none
residual:adhd dexa,Restcluster: adhd dexa,P2,NONE,,dexa adhd,1,30.0,30.0,IGNORE_IRRELEVANT,none
residual:adhd tos,Restcluster: adhd tos,P2,NONE,,tos en adhd,1,30.0,30.0,IGNORE_IRRELEVANT,none
residual:adhd seks,Restcluster: adhd seks,P2,NONE,,adhd en seks,1,30.0,30.0,IGNORE_IRRELEVANT,none
residual:adhd positief,Restcluster: adhd positief,P2,NONE,,adhd positief,2,30.0,60.0,IGNORE_IRRELEVANT,none
residual:adhd iemand relatie,Restcluster: adhd iemand relatie,P2,NONE,,relatie met iemand met adhd,1,30.0,30.0,IGNORE_IRRELEVANT,none
residual:adhd bosman dokter,Restcluster: adhd bosman dokter,P2,NONE,,dokter bosman adhd,1,30.0,30.0,IGNORE_IRRELEVANT,none
residual:adhd eten slecht,Restcluster: adhd eten slecht,P2,NONE,,adhd en slecht eten,1,30.0,30.0,IGNORE_IRRELEVANT,none
residual:adhd narcissist,Restcluster: adhd narcissist,P2,NONE,,narcissist adhd,1,30.0,30.0,IGNORE_IRRELEVANT,none
residual:adhd hersenstichting,Restcluster: adhd hersenstichting,P2,NONE,,hersenstichting adhd,1,30.0,30.0,IGNORE_IRRELEVANT,none
residual:adhd leren organiseren plannen,Restcluster: adhd leren organiseren plannen,P2,NONE,,leren plannen en organiseren adhd,1,30.0,30.0,IGNORE_IRRELEVANT,none
residual:adhd autisme samen,Restcluster: adhd autisme samen,P2,MEDIUM,,autisme en adhd samen,2,30.0,60.0,IGNORE_IRRELEVANT,none
residual:adhd coach worden,Restcluster: adhd coach worden,P2,NONE,,adhd coach worden,1,30.0,30.0,IGNORE_IRRELEVANT,none
residual:adhd hersenscan,Restcluster: adhd hersenscan,P2,NONE,,hersenscan adhd,2,30.0,60.0,IGNORE_IRRELEVANT,none
residual:adhd liegen volwassenen,Restcluster: adhd liegen volwassenen,P2,NONE,,adhd liegen volwassenen,2,30.0,60.0,IGNORE_IRRELEVANT,none
residual:adhd fibromyalgie,Restcluster: adhd fibromyalgie,P2,NONE,,adhd en fibromyalgie,2,30.0,60.0,IGNORE_IRRELEVANT,none
residual:adhd onderwijs,Restcluster: adhd onderwijs,P2,NONE,,onderwijs adhd,4,30.0,120.0,IGNORE_IRRELEVANT,none
residual:adhd kat,Restcluster: adhd kat,P2,NONE,,kat adhd,3,30.0,90.0,IGNORE_IRRELEVANT,none
residual:adhd coaching nijmegen,Restcluster: adhd coaching nijmegen,P2,NONE,,adhd coaching nijmegen,1,30.0,30.0,IGNORE_IRRELEVANT,none
residual:adhd blog on,Restcluster: adhd blog on,P2,NONE,,blog on adhd,1,30.0,30.0,IGNORE_IRRELEVANT,none
residual:adhd kendrick,Restcluster: adhd kendrick,P2,NONE,,adhd kendrick,1,30.0,30.0,IGNORE_IRRELEVANT,none
residual:adhd fk,Restcluster: adhd fk,P2,NONE,,adhd fk,1,30.0,30.0,IGNORE_IRRELEVANT,none
residual:adhd screener volwassenen,Restcluster: adhd screener volwassenen,P2,NONE,,adhd screener volwassenen,1,30.0,30.0,IGNORE_IRRELEVANT,none
residual:adhd genen,Restcluster: adhd genen,P2,NONE,,adhd genen,1,30.0,30.0,IGNORE_IRRELEVANT,none
residual:adhd ginkgo,Restcluster: adhd ginkgo,P2,NONE,,ginkgo adhd,1,30.0,30.0,IGNORE_IRRELEVANT,none
residual:adhd kan latere leeftijd ontstaan,Restcluster: adhd kan latere leeftijd ontstaan,P2,NONE,,kan adhd op latere leeftijd ontstaan,1,30.0,30.0,IGNORE_IRRELEVANT,none
residual:adhd nos,Restcluster: adhd nos,P2,NONE,,adhd nos,1,30.0,30.0,IGNORE_IRRELEVANT,none
residual:adhd serotonine,Restcluster: adhd serotonine,P2,NONE,,serotonine adhd,2,30.0,50.0,IGNORE_IRRELEVANT,none
residual:adhd comorbidity,Restcluster: adhd comorbidity,P2,NONE,,comorbidity in adhd,1,30.0,30.0,IGNORE_IRRELEVANT,none
residual:adhd hersenen hoe werkt,Restcluster: adhd hersenen hoe werkt,P2,NONE,,hoe werkt adhd in de hersenen,1,30.0,30.0,IGNORE_IRRELEVANT,none
residual:adhd alexithymie,Restcluster: adhd alexithymie,P2,NONE,,alexithymie adhd,1,30.0,30.0,IGNORE_IRRELEVANT,none
residual:adhd centrum utrecht,Restcluster: adhd centrum utrecht,P2,NONE,,adhd centrum utrecht,1,30.0,30.0,IGNORE_IRRELEVANT,none
residual:adhd huishoudschema,Restcluster: adhd huishoudschema,P2,NONE,,huishoudschema adhd,1,30.0,30.0,IGNORE_IRRELEVANT,none
residual:adhd neurodivergent,Restcluster: adhd neurodivergent,P2,NONE,,neurodivergent adhd,1,30.0,30.0,IGNORE_IRRELEVANT,none
residual:adhd oorzaken wat,Restcluster: adhd oorzaken wat,P2,NONE,,wat zijn de oorzaken van adhd,1,30.0,30.0,IGNORE_IRRELEVANT,none
residual:adhd indigo,Restcluster: adhd indigo,P2,NONE,,indigo adhd,1,30.0,30.0,IGNORE_IRRELEVANT,none
residual:adhd hulphond,Restcluster: adhd hulphond,P2,NONE,,hulphond adhd,3,30.0,60.0,IGNORE_IRRELEVANT,none
residual:adhd gedachtenstroom,Restcluster: adhd gedachtenstroom,P2,NONE,,adhd gedachtenstroom,1,30.0,30.0,IGNORE_IRRELEVANT,none
residual:adhd echolalia,Restcluster: adhd echolalia,P2,NONE,,echolalia adhd,1,30.0,30.0,IGNORE_IRRELEVANT,none
residual:adhd frans,Restcluster: adhd frans,P2,NONE,,adhd in het frans,2,30.0,50.0,IGNORE_IRRELEVANT,none
residual:adhd werkvloer,Restcluster: adhd werkvloer,P2,NONE,,adhd op de werkvloer,2,30.0,40.0,IGNORE_IRRELEVANT,none
residual:adhd training volwassenen,Restcluster: adhd training volwassenen,P2,NONE,,adhd training volwassenen,1,30.0,30.0,IGNORE_IRRELEVANT,none
residual:adhd oorzaak wat,Restcluster: adhd oorzaak wat,P2,NONE,,wat is de oorzaak van adhd,1,30.0,30.0,IGNORE_IRRELEVANT,none
residual:adhd liefde,Restcluster: adhd liefde,P2,NONE,,adhd en liefde,2,30.0,40.0,IGNORE_IRRELEVANT,none
residual:adhd tekst,Restcluster: adhd tekst,P2,NONE,,adhd tekst,3,30.0,50.0,IGNORE_IRRELEVANT,none
residual:adhd afkorting staat waar,Restcluster: adhd afkorting staat waar,P2,NONE,,waar staat de afkorting adhd voor,1,30.0,30.0,IGNORE_IRRELEVANT,none
residual:adhd voeding volwassenen,Restcluster: adhd voeding volwassenen,P2,NONE,,adhd en voeding volwassenen,4,30.0,80.0,IGNORE_IRRELEVANT,none
residual:adhd afkorting betekenis,Restcluster: adhd afkorting betekenis,P2,NONE,,betekenis afkorting adhd,3,30.0,70.0,IGNORE_IRRELEVANT,none
residual:adhd erger kan worden,Restcluster: adhd erger kan worden,P2,NONE,,kan adhd erger worden,1,30.0,30.0,IGNORE_IRRELEVANT,none
residual:adhd ce este,Restcluster: adhd ce este,P2,NONE,,ce este adhd,1,30.0,30.0,IGNORE_IRRELEVANT,none
residual:adhd psychose,Restcluster: adhd psychose,P2,NONE,,adhd psychose,2,30.0,50.0,IGNORE_IRRELEVANT,none
residual:adhd cursus volwassenen,Restcluster: adhd cursus volwassenen,P2,NONE,,cursus adhd volwassenen,1,30.0,30.0,IGNORE_IRRELEVANT,none
residual:adhd journal,Restcluster: adhd journal,P2,NONE,,adhd journal,1,30.0,30.0,IGNORE_IRRELEVANT,none
residual:adhd signalen,Restcluster: adhd signalen,P2,NONE,,signalen adhd,2,30.0,50.0,IGNORE_IRRELEVANT,none
residual:adhd and binge eating,Restcluster: adhd and binge eating,P2,NONE,,binge eating and adhd,1,30.0,30.0,IGNORE_IRRELEVANT,none
residual:adhd dcd,Restcluster: adhd dcd,P2,NONE,,dcd en adhd,2,30.0,40.0,IGNORE_IRRELEVANT,none
residual:adhd structuur volwassenen,Restcluster: adhd structuur volwassenen,P2,NONE,,adhd structuur volwassenen,1,30.0,30.0,IGNORE_IRRELEVANT,none
residual:adhd autisme partner,Restcluster: adhd autisme partner,P2,MEDIUM,,partner met adhd en autisme,1,30.0,30.0,IGNORE_IRRELEVANT,none
residual:adhd beroemde mensen,Restcluster: adhd beroemde mensen,P2,NONE,,beroemde mensen met adhd,1,30.0,30.0,IGNORE_IRRELEVANT,none
residual:adhd moe,Restcluster: adhd moe,P2,NONE,,adhd moe,2,30.0,50.0,IGNORE_IRRELEVANT,none
residual:adhd youtubers,Restcluster: adhd youtubers,P2,NONE,,adhd youtubers,1,20.0,20.0,IGNORE_IRRELEVANT,none
residual:adhd brainwiki,Restcluster: adhd brainwiki,P2,NONE,,brainwiki adhd,1,20.0,20.0,IGNORE_IRRELEVANT,none
residual:4 adhd jaar,Restcluster: 4 adhd jaar,P2,NONE,,adhd 4 jaar,1,20.0,20.0,IGNORE_IRRELEVANT,none
residual:adhd delft,Restcluster: adhd delft,P2,NONE,,adhd delft,1,20.0,20.0,IGNORE_IRRELEVANT,none
residual:adhd vragen,Restcluster: adhd vragen,P2,NONE,,adhd vragen,3,20.0,60.0,IGNORE_IRRELEVANT,none
residual:3 adhd soorten,Restcluster: 3 adhd soorten,P2,NONE,,3 soorten adhd,1,20.0,20.0,IGNORE_IRRELEVANT,none
residual:add adhd opvoedwijzer,Restcluster: add adhd opvoedwijzer,P2,NONE,,opvoedwijzer add en adhd,1,20.0,20.0,IGNORE_IRRELEVANT,none
residual:adhd leeftijd vanaf welke,Restcluster: adhd leeftijd vanaf welke,P2,NONE,,adhd vanaf welke leeftijd,1,20.0,20.0,IGNORE_IRRELEVANT,none
residual:adhd nagelbijten,Restcluster: adhd nagelbijten,P2,NONE,,nagelbijten adhd,2,20.0,40.0,IGNORE_IRRELEVANT,none
residual:adhd pictogrammen,Restcluster: adhd pictogrammen,P2,NONE,,pictogrammen adhd,2,20.0,40.0,IGNORE_IRRELEVANT,none
residual:adhd uitkering,Restcluster: adhd uitkering,P2,NONE,,adhd uitkering,1,20.0,20.0,IGNORE_IRRELEVANT,none
residual:adhd lichte vorm,Restcluster: adhd lichte vorm,P2,NONE,,lichte vorm van adhd,2,20.0,40.0,IGNORE_IRRELEVANT,none
residual:adhd ervaringen orkestra,Restcluster: adhd ervaringen orkestra,P2,NONE,,orkestra adhd ervaringen,1,20.0,20.0,IGNORE_IRRELEVANT,none
residual:adhd zelfmoord,Restcluster: adhd zelfmoord,P2,NONE,,adhd zelfmoord,1,20.0,20.0,IGNORE_IRRELEVANT,none
residual:adhd friemelen,Restcluster: adhd friemelen,P2,NONE,,adhd friemelen,1,20.0,20.0,IGNORE_IRRELEVANT,none
residual:01 314 adhd,Restcluster: 01 314 adhd,P2,NONE,,adhd 314.01,1,20.0,20.0,IGNORE_IRRELEVANT,none
residual:adhd stoornis wat,Restcluster: adhd stoornis wat,P2,NONE,,wat voor stoornis is adhd,1,20.0,20.0,IGNORE_IRRELEVANT,none
residual:adhd edelsteen,Restcluster: adhd edelsteen,P2,NONE,,edelsteen adhd,2,20.0,30.0,IGNORE_IRRELEVANT,none
residual:adhd basisschool,Restcluster: adhd basisschool,P2,NONE,,basisschool adhd,3,20.0,50.0,IGNORE_IRRELEVANT,none
residual:adhd doet wat,Restcluster: adhd doet wat,P2,NONE,,wat doet adhd met je,1,20.0,20.0,IGNORE_IRRELEVANT,none
residual:adhd l tryptofaan,Restcluster: adhd l tryptofaan,P2,NONE,,l tryptofaan adhd,2,20.0,40.0,IGNORE_IRRELEVANT,none
residual:adhd gilles la tourette,Restcluster: adhd gilles la tourette,P2,NONE,,gilles de la tourette en adhd,2,20.0,30.0,IGNORE_IRRELEVANT,none
residual:adhd ernst max,Restcluster: adhd ernst max,P2,NONE,,max ernst adhd,1,20.0,20.0,IGNORE_IRRELEVANT,none
residual:adhd talks ted,Restcluster: adhd talks ted,P2,NONE,,ted talks adhd,1,20.0,20.0,IGNORE_IRRELEVANT,none
residual:adhd b12 vitamin,Restcluster: adhd b12 vitamin,P2,NONE,,vitamin b12 adhd,1,20.0,20.0,IGNORE_IRRELEVANT,none
residual:adhd noise white,Restcluster: adhd noise white,P2,NONE,,white noise adhd,1,20.0,20.0,IGNORE_IRRELEVANT,none
residual:adhd genezen,Restcluster: adhd genezen,P2,NONE,,is adhd te genezen,2,20.0,40.0,IGNORE_IRRELEVANT,none
residual:adhd opvoeding,Restcluster: adhd opvoeding,P2,NONE,,adhd en opvoeding,3,20.0,60.0,IGNORE_IRRELEVANT,none
residual:adhd dopa l,Restcluster: adhd dopa l,P2,NONE,,l-dopa adhd,2,20.0,40.0,IGNORE_IRRELEVANT,none
residual:adhd lotgenoten volwassenen,Restcluster: adhd lotgenoten volwassenen,P2,NONE,,lotgenoten adhd volwassenen,2,20.0,40.0,IGNORE_IRRELEVANT,none
residual:adhd coaching online,Restcluster: adhd coaching online,P2,NONE,,online adhd coaching,1,20.0,20.0,IGNORE_IRRELEVANT,none
residual:adhd haarlem,Restcluster: adhd haarlem,P2,NONE,,adhd haarlem,1,20.0,20.0,IGNORE_IRRELEVANT,none
residual:adhd amsterdam coaching,Restcluster: adhd amsterdam coaching,P2,NONE,,adhd coaching amsterdam,1,20.0,20.0,IGNORE_IRRELEVANT,none
residual:adhd kindertaal uitgelegd,Restcluster: adhd kindertaal uitgelegd,P2,NONE,,adhd uitgelegd in kindertaal,1,20.0,20.0,IGNORE_IRRELEVANT,none
residual:adhd engels wat,Restcluster: adhd engels wat,P2,NONE,,wat is adhd in het engels,1,20.0,20.0,IGNORE_IRRELEVANT,none
residual:adhd asrs nederlands,Restcluster: adhd asrs nederlands,P2,NONE,,asrs adhd nederlands,1,20.0,20.0,IGNORE_IRRELEVANT,none
residual:adhd moeite opstaan,Restcluster: adhd moeite opstaan,P2,NONE,,adhd moeite met opstaan,1,20.0,20.0,IGNORE_IRRELEVANT,none
residual:adhd onzekerheid,Restcluster: adhd onzekerheid,P2,NONE,,adhd en onzekerheid,2,20.0,40.0,IGNORE_IRRELEVANT,none
residual:aangepast adhd rijexamen,Restcluster: aangepast adhd rijexamen,P2,NONE,,aangepast rijexamen adhd,1,20.0,20.0,IGNORE_IRRELEVANT,none
residual:adhd dsps,Restcluster: adhd dsps,P2,NONE,,dsps adhd,1,20.0,20.0,IGNORE_IRRELEVANT,none
residual:adhd talk ted,Restcluster: adhd talk ted,P2,NONE,,ted talk adhd,1,20.0,20.0,IGNORE_IRRELEVANT,none
residual:adhd slaapfase verlate,Restcluster: adhd slaapfase verlate,P2,NONE,,verlate slaapfase adhd,1,20.0,20.0,IGNORE_IRRELEVANT,none
residual:adhd bekende voetballers,Restcluster: adhd bekende voetballers,P2,NONE,,bekende voetballers met adhd,1,20.0,20.0,IGNORE_IRRELEVANT,none
residual:adhd uitkering wajong,Restcluster: adhd uitkering wajong,P2,NONE,,wajong uitkering adhd,2,20.0,30.0,IGNORE_IRRELEVANT,none
residual:adhd nederland percentage,Restcluster: adhd nederland percentage,P2,NONE,,percentage adhd nederland,1,20.0,20.0,IGNORE_IRRELEVANT,none
residual:adhd xtc,Restcluster: adhd xtc,P2,NONE,,xtc adhd,2,20.0,40.0,IGNORE_IRRELEVANT,none
residual:adhd zindelijkheid,Restcluster: adhd zindelijkheid,P2,NONE,,adhd en zindelijkheid,1,20.0,20.0,IGNORE_IRRELEVANT,none
residual:adhd congress,Restcluster: adhd congress,P2,NONE,,adhd congress,1,20.0,20.0,IGNORE_IRRELEVANT,none
residual:adhd emotie regulatie,Restcluster: adhd emotie regulatie,P2,NONE,,emotie regulatie adhd,1,20.0,20.0,IGNORE_IRRELEVANT,none
residual:adhd daarmee doe wat,Restcluster: adhd daarmee doe wat,P2,NONE,,adhd wat doe je daarmee,1,20.0,20.0,IGNORE_IRRELEVANT,none
residual:adhd leren omgaan,Restcluster: adhd leren omgaan,P2,NONE,,leren omgaan met adhd,1,20.0,20.0,IGNORE_IRRELEVANT,none
residual:adhd bedplassen,Restcluster: adhd bedplassen,P2,NONE,,adhd bedplassen,3,20.0,50.0,IGNORE_IRRELEVANT,none
residual:aandachtstekort adhd,Restcluster: aandachtstekort adhd,P2,NONE,,adhd aandachtstekort,1,20.0,20.0,IGNORE_IRRELEVANT,none
residual:adhd pgb volwassenen,Restcluster: adhd pgb volwassenen,P2,NONE,,pgb adhd volwassenen,1,20.0,20.0,IGNORE_IRRELEVANT,none
residual:adhd jokes,Restcluster: adhd jokes,P2,NONE,,adhd jokes,1,20.0,20.0,IGNORE_IRRELEVANT,none
residual:adhd park south,Restcluster: adhd park south,P2,NONE,,south park adhd,1,20.0,20.0,IGNORE_IRRELEVANT,none
residual:adhd ketamine,Restcluster: adhd ketamine,P2,NONE,,ketamine adhd,1,20.0,20.0,IGNORE_IRRELEVANT,none
residual:adhd amsterdam onderzoek,Restcluster: adhd amsterdam onderzoek,P2,NONE,,adhd onderzoek amsterdam,1,20.0,20.0,IGNORE_IRRELEVANT,none
residual:adhd prikkels,Restcluster: adhd prikkels,P2,NONE,,adhd prikkels,2,20.0,30.0,IGNORE_IRRELEVANT,none
residual:adhd hebben meer mensen nodig slaap,Restcluster: adhd hebben meer mensen nodig slaap,P2,NONE,,hebben mensen met adhd meer slaap nodig,1,20.0,20.0,IGNORE_IRRELEVANT,none
residual:adhd circadian rhythm,Restcluster: adhd circadian rhythm,P2,NONE,,circadian rhythm adhd,1,20.0,20.0,IGNORE_IRRELEVANT,none
residual:adhd oplossingen,Restcluster: adhd oplossingen,P2,NONE,,oplossingen adhd,2,20.0,40.0,IGNORE_IRRELEVANT,none
residual:adhd bosch centraal den,Restcluster: adhd bosch centraal den,P2,NONE,,adhd centraal den bosch,1,20.0,20.0,IGNORE_IRRELEVANT,none
residual:adhd dat staat waar,Restcluster: adhd dat staat waar,P2,NONE,,adhd waar staat dat voor,1,20.0,20.0,IGNORE_IRRELEVANT,none
residual:adhd bacopa ervaringen,Restcluster: adhd bacopa ervaringen,P2,NONE,,bacopa ervaringen adhd,1,20.0,20.0,IGNORE_IRRELEVANT,none
residual:adhd geen maar wat wel,Restcluster: adhd geen maar wat wel,P2,NONE,,geen adhd maar wat dan wel,1,20.0,20.0,IGNORE_IRRELEVANT,none
residual:adhd rsd,Restcluster: adhd rsd,P2,NONE,,adhd rsd,2,20.0,40.0,IGNORE_IRRELEVANT,none
residual:adhd cortex prefrontale,Restcluster: adhd cortex prefrontale,P2,NONE,,prefrontale cortex adhd,1,20.0,20.0,IGNORE_IRRELEVANT,none
residual:adhd ted,Restcluster: adhd ted,P2,NONE,,adhd ted,1,20.0,20.0,IGNORE_IRRELEVANT,none
residual:adhd kubus,Restcluster: adhd kubus,P2,NONE,,adhd kubus,1,20.0,20.0,IGNORE_IRRELEVANT,none
residual:adhd lvb,Restcluster: adhd lvb,P2,NONE,,lvb en adhd,1,20.0,20.0,IGNORE_IRRELEVANT,none
residual:adhd expert,Restcluster: adhd expert,P2,NONE,,adhd expert,1,20.0,20.0,IGNORE_IRRELEVANT,none
residual:adhd kratom,Restcluster: adhd kratom,P2,NONE,,kratom adhd,1,20.0,20.0,IGNORE_IRRELEVANT,none
residual:adhd reddit symptoms,Restcluster: adhd reddit symptoms,P2,NONE,,symptoms of adhd reddit,2,20.0,40.0,IGNORE_IRRELEVANT,none
residual:adhd centraal minddistrict,Restcluster: adhd centraal minddistrict,P2,NONE,,adhd centraal minddistrict,1,20.0,20.0,IGNORE_IRRELEVANT,none
residual:adhd and yoga,Restcluster: adhd and yoga,P2,NONE,,adhd and yoga,1,20.0,20.0,IGNORE_IRRELEVANT,none
residual:adhd tyrosine,Restcluster: adhd tyrosine,P2,NONE,,tyrosine adhd,1,20.0,20.0,IGNORE_IRRELEVANT,none
residual:adhd echolalie,Restcluster: adhd echolalie,P2,NONE,,echolalie adhd,1,20.0,20.0,IGNORE_IRRELEVANT,none
residual:adhd for psychiatrist,Restcluster: adhd for psychiatrist,P2,NONE,,psychiatrist for adhd,1,20.0,20.0,IGNORE_IRRELEVANT,none
residual:adhd iemand omgaan,Restcluster: adhd iemand omgaan,P2,NONE,,omgaan met iemand met adhd,1,20.0,20.0,IGNORE_IRRELEVANT,none
residual:3 adhd jaar,Restcluster: 3 adhd jaar,P2,NONE,,adhd 3 jaar,1,20.0,20.0,IGNORE_IRRELEVANT,none
residual:5 adhd jaar,Restcluster: 5 adhd jaar,P2,NONE,,adhd 5 jaar,1,20.0,20.0,IGNORE_IRRELEVANT,none
residual:adhd druk hoofd,Restcluster: adhd druk hoofd,P2,NONE,,adhd druk in je hoofd,2,20.0,30.0,IGNORE_IRRELEVANT,none
residual:adhd geschiedenis,Restcluster: adhd geschiedenis,P2,NONE,,adhd geschiedenis,1,20.0,20.0,IGNORE_IRRELEVANT,none
residual:adhd opruimen,Restcluster: adhd opruimen,P2,NONE,,opruimen met adhd,1,20.0,20.0,IGNORE_IRRELEVANT,none
residual:adhd opvoeden,Restcluster: adhd opvoeden,P2,NONE,,opvoeden adhd,1,20.0,20.0,IGNORE_IRRELEVANT,none
residual:adhd liedje,Restcluster: adhd liedje,P2,NONE,,adhd liedje,1,20.0,20.0,IGNORE_IRRELEVANT,none
residual:adhd planbord,Restcluster: adhd planbord,P2,NONE,,planbord adhd,1,20.0,20.0,IGNORE_IRRELEVANT,none
residual:add adhd samen,Restcluster: add adhd samen,P2,NONE,,adhd en add samen,1,20.0,20.0,IGNORE_IRRELEVANT,none
residual:adhd eeg for,Restcluster: adhd eeg for,P2,NONE,,eeg for adhd,1,20.0,20.0,IGNORE_IRRELEVANT,none
residual:adhd for noise white,Restcluster: adhd for noise white,P2,NONE,,white noise for adhd,1,20.0,20.0,IGNORE_IRRELEVANT,none
residual:adhd mannen volwassen,Restcluster: adhd mannen volwassen,P2,NONE,,adhd bij volwassen mannen,1,20.0,20.0,IGNORE_IRRELEVANT,none
residual:adhd afkorting betekenis nederlands,Restcluster: adhd afkorting betekenis nederlands,P2,NONE,,adhd betekenis afkorting nederlands,1,20.0,20.0,IGNORE_IRRELEVANT,none
residual:adhd l lysine,Restcluster: adhd l lysine,P2,NONE,,l-lysine adhd,2,20.0,40.0,IGNORE_IRRELEVANT,none
residual:adhd onderzoek utrecht,Restcluster: adhd onderzoek utrecht,P2,NONE,,adhd onderzoek utrecht,1,20.0,20.0,IGNORE_IRRELEVANT,none
residual:adhd imposter syndrome,Restcluster: adhd imposter syndrome,P2,NONE,,imposter syndrome adhd,1,20.0,20.0,IGNORE_IRRELEVANT,none
residual:adhd psychiatrist,Restcluster: adhd psychiatrist,P2,NONE,,psychiatrist adhd,1,20.0,20.0,IGNORE_IRRELEVANT,none
residual:adhd epilepsie,Restcluster: adhd epilepsie,P2,NONE,,adhd en epilepsie,2,20.0,30.0,IGNORE_IRRELEVANT,none
residual:adhd innerlijke onrust,Restcluster: adhd innerlijke onrust,P2,NONE,,innerlijke onrust adhd,1,20.0,20.0,IGNORE_IRRELEVANT,none
residual:adhd overspannen,Restcluster: adhd overspannen,P2,NONE,,adhd en overspannen,1,20.0,20.0,IGNORE_IRRELEVANT,none
residual:adhd pilletjes,Restcluster: adhd pilletjes,P2,NONE,,adhd pilletjes,1,20.0,20.0,IGNORE_IRRELEVANT,none
residual:adhd zelfrapportage,Restcluster: adhd zelfrapportage,P2,NONE,,zelfrapportage adhd,1,20.0,20.0,IGNORE_IRRELEVANT,none
residual:adhd dummies,Restcluster: adhd dummies,P2,NONE,,adhd voor dummies,1,20.0,20.0,IGNORE_IRRELEVANT,none
residual:adhd kritiek omgaan,Restcluster: adhd kritiek omgaan,P2,NONE,,adhd omgaan met kritiek,1,20.0,20.0,IGNORE_IRRELEVANT,none
residual:adhd bosman,Restcluster: adhd bosman,P2,NONE,,bosman adhd,1,20.0,20.0,IGNORE_IRRELEVANT,none
residual:adhd dopa for l,Restcluster: adhd dopa for l,P2,NONE,,l-dopa for adhd,2,20.0,40.0,IGNORE_IRRELEVANT,none
residual:adhd diagnostisch onderzoek,Restcluster: adhd diagnostisch onderzoek,P2,NONE,,diagnostisch onderzoek adhd,1,20.0,20.0,IGNORE_IRRELEVANT,none
residual:adhd energiedrank,Restcluster: adhd energiedrank,P2,NONE,,energiedrank en adhd,1,20.0,20.0,IGNORE_IRRELEVANT,none
residual:adhd handboek,Restcluster: adhd handboek,P2,NONE,,handboek adhd,1,20.0,20.0,IGNORE_IRRELEVANT,none
residual:adhd autisme heb,Restcluster: adhd autisme heb,P2,MEDIUM,,heb ik autisme of adhd,1,20.0,20.0,IGNORE_IRRELEVANT,none
residual:adhd sport volwassenen,Restcluster: adhd sport volwassenen,P2,NONE,,adhd en sport volwassenen,1,20.0,20.0,IGNORE_IRRELEVANT,none
residual:adhd uitbarsting woede,Restcluster: adhd uitbarsting woede,P2,NONE,,woede uitbarsting adhd,1,20.0,20.0,IGNORE_IRRELEVANT,none
residual:adhd volwassenen werkboek,Restcluster: adhd volwassenen werkboek,P2,NONE,,adhd werkboek volwassenen,1,20.0,20.0,IGNORE_IRRELEVANT,none
residual:adhd afkorting wat,Restcluster: adhd afkorting wat,P2,NONE,,wat is de afkorting van adhd,1,20.0,20.0,IGNORE_IRRELEVANT,none
residual:adhd partner reddit,Restcluster: adhd partner reddit,P2,NONE,,adhd partner reddit,1,20.0,20.0,IGNORE_IRRELEVANT,none
residual:adhd traject,Restcluster: adhd traject,P2,NONE,,adhd traject,1,20.0,20.0,IGNORE_IRRELEVANT,none
residual:adhd moeite veranderingen,Restcluster: adhd moeite veranderingen,P2,NONE,,adhd moeite met veranderingen,1,20.0,20.0,IGNORE_IRRELEVANT,none
residual:adhd denken wit zwart,Restcluster: adhd denken wit zwart,P2,NONE,,zwart wit denken adhd,1,20.0,20.0,IGNORE_IRRELEVANT,none
residual:adhd disharmonisch intelligentieprofiel,Restcluster: adhd disharmonisch intelligentieprofiel,P2,NONE,,disharmonisch intelligentieprofiel adhd,1,20.0,20.0,IGNORE_IRRELEVANT,none
residual:adhd comorbiditeit dyslexie,Restcluster: adhd comorbiditeit dyslexie,P2,MEDIUM,,comorbiditeit dyslexie en adhd,1,20.0,20.0,IGNORE_IRRELEVANT,none
residual:adhd coach nijmegen,Restcluster: adhd coach nijmegen,P2,NONE,,adhd coach nijmegen,1,20.0,20.0,IGNORE_IRRELEVANT,none
residual:adhd zelfrapportagelijst,Restcluster: adhd zelfrapportagelijst,P2,NONE,,adhd zelfrapportagelijst,2,20.0,30.0,IGNORE_IRRELEVANT,none
residual:adhd hb,Restcluster: adhd hb,P2,NONE,,hb en adhd,1,20.0,20.0,IGNORE_IRRELEVANT,none
residual:adhd typhoon,Restcluster: adhd typhoon,P2,NONE,,typhoon adhd,1,20.0,20.0,IGNORE_IRRELEVANT,none
residual:adhd ga hoe,Restcluster: adhd ga hoe,P2,NONE,,hoe ga je om met adhd,2,20.0,30.0,IGNORE_IRRELEVANT,none
residual:adhd arbeidsongeschikt,Restcluster: adhd arbeidsongeschikt,P2,NONE,,adhd arbeidsongeschikt,1,20.0,20.0,IGNORE_IRRELEVANT,none
residual:adhd hoe omgaan volwassenen,Restcluster: adhd hoe omgaan volwassenen,P2,NONE,,hoe omgaan met adhd volwassenen,2,20.0,30.0,IGNORE_IRRELEVANT,none
residual:adhd spierspanning,Restcluster: adhd spierspanning,P2,NONE,,adhd spierspanning,1,20.0,20.0,IGNORE_IRRELEVANT,none
residual:adhd leerstoornis,Restcluster: adhd leerstoornis,P2,NONE,,is adhd een leerstoornis,2,20.0,30.0,IGNORE_IRRELEVANT,none
residual:adhd funny memes,Restcluster: adhd funny memes,P2,NONE,,funny memes adhd,1,20.0,20.0,IGNORE_IRRELEVANT,none
residual:adhd for kratom,Restcluster: adhd for kratom,P2,NONE,,kratom for adhd,1,20.0,20.0,IGNORE_IRRELEVANT,none
residual:adhd gecombineerd,Restcluster: adhd gecombineerd,P2,NONE,,adhd gecombineerd,1,20.0,20.0,IGNORE_IRRELEVANT,none
residual:adhd rumag,Restcluster: adhd rumag,P2,NONE,,adhd rumag,2,20.0,30.0,IGNORE_IRRELEVANT,none
residual:6 adhd jaar,Restcluster: 6 adhd jaar,P2,NONE,,adhd 6 jaar,1,20.0,20.0,IGNORE_IRRELEVANT,none
residual:adhd for wellbutrin,Restcluster: adhd for wellbutrin,P2,NONE,,wellbutrin for adhd,1,20.0,20.0,IGNORE_IRRELEVANT,none
residual:adhd loopbaancoach,Restcluster: adhd loopbaancoach,P2,NONE,,loopbaancoach adhd,1,20.0,20.0,IGNORE_IRRELEVANT,none
residual:adhd verwerkingssnelheid,Restcluster: adhd verwerkingssnelheid,P2,NONE,,verwerkingssnelheid adhd,1,20.0,20.0,IGNORE_IRRELEVANT,none
residual:adhd diva onderzoek,Restcluster: adhd diva onderzoek,P2,NONE,,diva onderzoek adhd,2,20.0,30.0,IGNORE_IRRELEVANT,none
residual:adhd hsp relatie,Restcluster: adhd hsp relatie,P2,NONE,,hsp en adhd relatie,1,20.0,20.0,IGNORE_IRRELEVANT,none
residual:adhd arnhem coach,Restcluster: adhd arnhem coach,P2,NONE,,adhd coach arnhem,1,20.0,20.0,IGNORE_IRRELEVANT,none
residual:adhd gecombineerde type wat,Restcluster: adhd gecombineerde type wat,P2,NONE,,wat is adhd gecombineerde type,1,20.0,20.0,IGNORE_IRRELEVANT,none
residual:adhd gamen,Restcluster: adhd gamen,P2,NONE,,adhd en gamen,1,20.0,20.0,IGNORE_IRRELEVANT,none
residual:adhd coach friesland,Restcluster: adhd coach friesland,P2,NONE,,adhd coach friesland,1,20.0,20.0,IGNORE_IRRELEVANT,none
residual:adhd brainblocks,Restcluster: adhd brainblocks,P2,NONE,,brainblocks adhd,1,20.0,20.0,IGNORE_IRRELEVANT,none
residual:adhd stressbal,Restcluster: adhd stressbal,P2,NONE,,stressbal adhd,1,20.0,20.0,IGNORE_IRRELEVANT,none
residual:adhd comedian nederland,Restcluster: adhd comedian nederland,P2,NONE,,adhd comedian nederland,1,20.0,20.0,IGNORE_IRRELEVANT,none
residual:adhd allebei relatie,Restcluster: adhd allebei relatie,P2,NONE,,allebei adhd relatie,1,20.0,20.0,IGNORE_IRRELEVANT,none
residual:aanvragen adhd verklaring,Restcluster: aanvragen adhd verklaring,P2,NONE,,adhd verklaring aanvragen,1,20.0,20.0,IGNORE_IRRELEVANT,none
residual:adhd mirtazapine,Restcluster: adhd mirtazapine,P2,NONE,,mirtazapine adhd,1,20.0,20.0,IGNORE_IRRELEVANT,none
residual:adhd onderzoek vergoed wordt,Restcluster: adhd onderzoek vergoed wordt,P2,NONE,,wordt adhd onderzoek vergoed,1,20.0,20.0,IGNORE_IRRELEVANT,none
residual:adhd kan krijgen latere leeftijd,Restcluster: adhd kan krijgen latere leeftijd,P2,NONE,,kan je adhd krijgen op latere leeftijd,1,20.0,20.0,IGNORE_IRRELEVANT,none
residual:adhd ijzertekort,Restcluster: adhd ijzertekort,P2,NONE,,adhd ijzertekort,3,20.0,40.0,IGNORE_IRRELEVANT,none
residual:adhd drink energy,Restcluster: adhd drink energy,P2,NONE,,energy drink adhd,1,20.0,20.0,IGNORE_IRRELEVANT,none
residual:adhd b12,Restcluster: adhd b12,P2,NONE,,b12 adhd,1,20.0,20.0,IGNORE_IRRELEVANT,none
residual:adhd neurologisch,Restcluster: adhd neurologisch,P2,NONE,,adhd neurologisch,1,20.0,20.0,IGNORE_IRRELEVANT,none
residual:adhd hoofdbonken,Restcluster: adhd hoofdbonken,P2,NONE,,hoofdbonken adhd,1,20.0,20.0,IGNORE_IRRELEVANT,none
residual:adhd eetbuien,Restcluster: adhd eetbuien,P2,NONE,,adhd eetbuien,1,20.0,20.0,IGNORE_IRRELEVANT,none
residual:adhd afkorting betekent wat,Restcluster: adhd afkorting betekent wat,P2,NONE,,wat betekent de afkorting adhd,1,20.0,20.0,IGNORE_IRRELEVANT,none
residual:adhd balansdigitaal,Restcluster: adhd balansdigitaal,P2,NONE,,balansdigitaal adhd,1,20.0,20.0,IGNORE_IRRELEVANT,none
residual:adhd hoogbegaafd volwassenen,Restcluster: adhd hoogbegaafd volwassenen,P2,NONE,,adhd hoogbegaafd volwassenen,2,20.0,30.0,IGNORE_IRRELEVANT,none
residual:adhd denk doe methode stop,Restcluster: adhd denk doe methode stop,P2,NONE,,stop denk doe methode adhd,1,20.0,20.0,IGNORE_IRRELEVANT,none
residual:adhd dwangmatigheid,Restcluster: adhd dwangmatigheid,P2,NONE,,adhd en dwangmatigheid,1,20.0,20.0,IGNORE_IRRELEVANT,none
residual:adhd yoga,Restcluster: adhd yoga,P2,NONE,,adhd yoga,1,20.0,20.0,IGNORE_IRRELEVANT,none
residual:adhd plannen,Restcluster: adhd plannen,P2,NONE,,adhd en plannen,3,20.0,40.0,IGNORE_IRRELEVANT,none
residual:adhd gluten,Restcluster: adhd gluten,P2,NONE,,gluten en adhd,2,20.0,30.0,IGNORE_IRRELEVANT,none
residual:adhd lucovitaal,Restcluster: adhd lucovitaal,P2,NONE,,lucovitaal adhd,1,20.0,20.0,IGNORE_IRRELEVANT,none
residual:adhd valeriaan,Restcluster: adhd valeriaan,P2,NONE,,valeriaan adhd,2,20.0,30.0,IGNORE_IRRELEVANT,none
residual:adhd mannen voordelen,Restcluster: adhd mannen voordelen,P2,NONE,,voordelen adhd mannen,1,20.0,20.0,IGNORE_IRRELEVANT,none
residual:adhd oplossing,Restcluster: adhd oplossing,P2,NONE,,oplossing adhd,1,20.0,20.0,IGNORE_IRRELEVANT,none
residual:adhd kunnen niet slapen,Restcluster: adhd kunnen niet slapen,P2,NONE,,adhd en niet kunnen slapen,2,20.0,40.0,IGNORE_IRRELEVANT,none
residual:adhd borderline samen,Restcluster: adhd borderline samen,P2,NONE,,adhd en borderline samen,1,20.0,20.0,IGNORE_IRRELEVANT,none
residual:adhd emotie regulatie stoornis,Restcluster: adhd emotie regulatie stoornis,P2,NONE,,emotie regulatie stoornis adhd,1,20.0,20.0,IGNORE_IRRELEVANT,none
residual:adhd oudertraining,Restcluster: adhd oudertraining,P2,NONE,,oudertraining adhd,2,20.0,30.0,IGNORE_IRRELEVANT,none
residual:adhd disorder eating,Restcluster: adhd disorder eating,P2,NONE,,adhd eating disorder,1,20.0,20.0,IGNORE_IRRELEVANT,none
residual:adhd groep,Restcluster: adhd groep,P2,NONE,,adhd groep,1,20.0,20.0,IGNORE_IRRELEVANT,none
residual:adhd coach eindhoven,Restcluster: adhd coach eindhoven,P2,NONE,,adhd coach eindhoven,1,20.0,20.0,IGNORE_IRRELEVANT,none
residual:adhd belirtileri,Restcluster: adhd belirtileri,P2,NONE,,adhd belirtileri,1,20.0,20.0,IGNORE_IRRELEVANT,none
residual:adhd cabaretier nederlandse,Restcluster: adhd cabaretier nederlandse,P2,NONE,,nederlandse cabaretier adhd,1,20.0,20.0,IGNORE_IRRELEVANT,none
residual:adhd breda centrum,Restcluster: adhd breda centrum,P2,NONE,,adhd centrum breda,1,20.0,20.0,IGNORE_IRRELEVANT,none
residual:adhd dokter,Restcluster: adhd dokter,P2,NONE,,adhd dokter,1,20.0,20.0,IGNORE_IRRELEVANT,none
residual:adhd staat waarvoor,Restcluster: adhd staat waarvoor,P2,NONE,,waarvoor staat adhd,1,20.0,20.0,IGNORE_IRRELEVANT,none
residual:adhd forum volwassenen,Restcluster: adhd forum volwassenen,P2,NONE,,adhd volwassenen forum,4,20.0,70.0,IGNORE_IRRELEVANT,none
residual:adhd organizer,Restcluster: adhd organizer,P2,NONE,,adhd organizer,1,20.0,20.0,IGNORE_IRRELEVANT,none
residual:adhd coach den haag,Restcluster: adhd coach den haag,P2,NONE,,adhd coach den haag,1,20.0,20.0,IGNORE_IRRELEVANT,none
residual:adhd groeien heen kan,Restcluster: adhd groeien heen kan,P2,NONE,,kan je over adhd heen groeien,1,20.0,20.0,IGNORE_IRRELEVANT,none
residual:adhd hoeveel mensen,Restcluster: adhd hoeveel mensen,P2,NONE,,hoeveel mensen adhd,1,20.0,20.0,IGNORE_IRRELEVANT,none
residual:adhd altijd moe,Restcluster: adhd altijd moe,P2,NONE,,adhd altijd moe,1,20.0,20.0,IGNORE_IRRELEVANT,none
residual:adhd balans stichting,Restcluster: adhd balans stichting,P2,NONE,,stichting balans adhd,1,20.0,20.0,IGNORE_IRRELEVANT,none
residual:adhd balans digitaal,Restcluster: adhd balans digitaal,P2,NONE,,balans digitaal adhd,1,20.0,20.0,IGNORE_IRRELEVANT,none
residual:adhd loop oordoppen,Restcluster: adhd loop oordoppen,P2,NONE,,loop oordoppen adhd,1,20.0,20.0,IGNORE_IRRELEVANT,none
residual:adhd disfunctie executieve,Restcluster: adhd disfunctie executieve,P2,NONE,,executieve disfunctie adhd,1,20.0,20.0,IGNORE_IRRELEVANT,none
residual:adhd adults chair for,Restcluster: adhd adults chair for,P2,NONE,,adhd chair for adults,1,20.0,20.0,IGNORE_IRRELEVANT,none
residual:adhd hoge verwerkingssnelheid,Restcluster: adhd hoge verwerkingssnelheid,P2,NONE,,hoge verwerkingssnelheid adhd,1,20.0,20.0,IGNORE_IRRELEVANT,none
residual:adhd,Restcluster: adhd,P2,NONE,,adhd en,5,20.0,60.0,IGNORE_IRRELEVANT,none
residual:adhd for yoga,Restcluster: adhd for yoga,P2,NONE,,yoga for adhd,1,20.0,20.0,IGNORE_IRRELEVANT,none
residual:adhd borderline verschil,Restcluster: adhd borderline verschil,P2,NONE,,verschil adhd en borderline,2,20.0,30.0,IGNORE_IRRELEVANT,none
residual:adhd anhedonia,Restcluster: adhd anhedonia,P2,NONE,,anhedonia adhd,1,20.0,20.0,IGNORE_IRRELEVANT,none
residual:adhd spiegelneuronen,Restcluster: adhd spiegelneuronen,P2,NONE,,spiegelneuronen adhd,1,20.0,20.0,IGNORE_IRRELEVANT,none
residual:adhd hoe komt vaak,Restcluster: adhd hoe komt vaak,P2,NONE,,hoe vaak komt adhd voor,1,20.0,20.0,IGNORE_IRRELEVANT,none
residual:adhd door trauma,Restcluster: adhd door trauma,P2,NONE,,adhd door trauma,1,20.0,20.0,IGNORE_IRRELEVANT,none
residual:adhd kenniscentrum volwassenen,Restcluster: adhd kenniscentrum volwassenen,P2,NONE,,kenniscentrum adhd bij volwassenen,1,20.0,20.0,IGNORE_IRRELEVANT,none
residual:adhd eeg,Restcluster: adhd eeg,P2,NONE,,eeg adhd,1,20.0,20.0,IGNORE_IRRELEVANT,none
residual:adhd levensverwachting,Restcluster: adhd levensverwachting,P2,NONE,,levensverwachting adhd,1,20.0,20.0,IGNORE_IRRELEVANT,none
residual:adhd onoplettend overwegend type,Restcluster: adhd onoplettend overwegend type,P2,NONE,,adhd overwegend onoplettend type,1,20.0,20.0,IGNORE_IRRELEVANT,none
residual:adhd bipolair,Restcluster: adhd bipolair,P2,NONE,,bipolair en adhd,2,20.0,30.0,IGNORE_IRRELEVANT,none
residual:adhd bosch coach den,Restcluster: adhd bosch coach den,P2,NONE,,adhd coach den bosch,1,20.0,20.0,IGNORE_IRRELEVANT,none
residual:adhd dyscalculie,Restcluster: adhd dyscalculie,P2,NONE,,dyscalculie en adhd,2,20.0,30.0,IGNORE_IRRELEVANT,none
residual:adhd veroorzaakt wat,Restcluster: adhd veroorzaakt wat,P2,NONE,,wat veroorzaakt adhd,1,20.0,20.0,IGNORE_IRRELEVANT,none
residual:adhd and asperger,Restcluster: adhd and asperger,P2,NONE,,adhd and asperger,1,20.0,20.0,IGNORE_IRRELEVANT,none
residual:adhd danlos ehlers,Restcluster: adhd danlos ehlers,P2,NONE,,ehlers danlos adhd,1,20.0,20.0,IGNORE_IRRELEVANT,none
residual:adhd onbehandelde,Restcluster: adhd onbehandelde,P2,NONE,,onbehandelde adhd,1,20.0,20.0,IGNORE_IRRELEVANT,none
residual:adhd behandelgids pdf volwassenen,Restcluster: adhd behandelgids pdf volwassenen,P2,NONE,,behandelgids adhd bij volwassenen pdf,1,20.0,20.0,IGNORE_IRRELEVANT,none
residual:adhd adults books,Restcluster: adhd adults books,P2,NONE,,adhd in adults books,1,20.0,20.0,IGNORE_IRRELEVANT,none
residual:adhd retreat,Restcluster: adhd retreat,P2,NONE,,adhd retreat,1,20.0,20.0,IGNORE_IRRELEVANT,none
residual:adhd diva interview,Restcluster: adhd diva interview,P2,NONE,,diva interview adhd,1,20.0,20.0,IGNORE_IRRELEVANT,none
residual:adhd coach rotterdam,Restcluster: adhd coach rotterdam,P2,NONE,,adhd coach rotterdam,1,20.0,20.0,IGNORE_IRRELEVANT,none
residual:adhd cbs,Restcluster: adhd cbs,P2,NONE,,cbs adhd,1,20.0,20.0,IGNORE_IRRELEVANT,none
residual:adhd equasym,Restcluster: adhd equasym,P2,NONE,,equasym adhd,1,20.0,20.0,IGNORE_IRRELEVANT,none
residual:adhd doktor,Restcluster: adhd doktor,P2,NONE,,adhd doktor,1,20.0,20.0,IGNORE_IRRELEVANT,none
residual:adhd rijschool,Restcluster: adhd rijschool,P2,NONE,,rijschool adhd,2,20.0,30.0,IGNORE_IRRELEVANT,none
residual:adhd hoorn,Restcluster: adhd hoorn,P2,NONE,,adhd hoorn,1,20.0,20.0,IGNORE_IRRELEVANT,none
residual:adhd jeugd,Restcluster: adhd jeugd,P2,NONE,,adhd jeugd,1,20.0,20.0,IGNORE_IRRELEVANT,none
residual:adhd npo,Restcluster: adhd npo,P2,NONE,,npo adhd,2,20.0,30.0,IGNORE_IRRELEVANT,none
residual:adhd osteopaat,Restcluster: adhd osteopaat,P2,NONE,,osteopaat adhd,1,20.0,20.0,IGNORE_IRRELEVANT,none
residual:adhd impulsbeheersing,Restcluster: adhd impulsbeheersing,P2,NONE,,impulsbeheersing adhd,1,20.0,20.0,IGNORE_IRRELEVANT,none
residual:adhd blindness face,Restcluster: adhd blindness face,P2,NONE,,face blindness adhd,1,10.0,10.0,IGNORE_IRRELEVANT,none
residual:00 314 adhd,Restcluster: 00 314 adhd,P2,NONE,,adhd 314.00,1,10.0,10.0,IGNORE_IRRELEVANT,none
residual:adhd chairs for sensory,Restcluster: adhd chairs for sensory,P2,NONE,,sensory chairs for adhd,1,10.0,10.0,IGNORE_IRRELEVANT,none
residual:adhd betekenis spirituele,Restcluster: adhd betekenis spirituele,P2,NONE,,adhd spirituele betekenis,1,10.0,10.0,IGNORE_IRRELEVANT,none
residual:adhd games serious,Restcluster: adhd games serious,P2,NONE,,serious games adhd,1,10.0,10.0,IGNORE_IRRELEVANT,none
residual:adhd e learning,Restcluster: adhd e learning,P2,NONE,,adhd e learning,2,10.0,20.0,IGNORE_IRRELEVANT,none
residual:adhd bachbloesem ervaringen,Restcluster: adhd bachbloesem ervaringen,P2,NONE,,bachbloesem adhd ervaringen,1,10.0,10.0,IGNORE_IRRELEVANT,none
residual:adhd effect xtc,Restcluster: adhd effect xtc,P2,NONE,,effect xtc adhd,1,10.0,10.0,IGNORE_IRRELEVANT,none
residual:adhd onderzoek voeding,Restcluster: adhd onderzoek voeding,P2,NONE,,adhd en voeding onderzoek,3,10.0,30.0,IGNORE_IRRELEVANT,none
residual:adhd quizz,Restcluster: adhd quizz,P2,NONE,,adhd quizz,1,10.0,10.0,IGNORE_IRRELEVANT,none
residual:adhd nijmegen onderzoek,Restcluster: adhd nijmegen onderzoek,P2,NONE,,adhd onderzoek nijmegen,1,10.0,10.0,IGNORE_IRRELEVANT,none
residual:adhd intrusive reddit thoughts,Restcluster: adhd intrusive reddit thoughts,P2,NONE,,intrusive thoughts adhd reddit,2,10.0,20.0,IGNORE_IRRELEVANT,none
residual:adhd kindertaal uitleg,Restcluster: adhd kindertaal uitleg,P2,NONE,,uitleg adhd kindertaal,1,10.0,10.0,IGNORE_IRRELEVANT,none
residual:adhd ervaringsdeskundige opleiding,Restcluster: adhd ervaringsdeskundige opleiding,P2,NONE,,opleiding ervaringsdeskundige adhd,1,10.0,10.0,IGNORE_IRRELEVANT,none
residual:1 5 adhd dziecka rocznego u,Restcluster: 1 5 adhd dziecka rocznego u,P2,NONE,,adhd u 1 5 rocznego dziecka,1,10.0,10.0,IGNORE_IRRELEVANT,none
residual:adhd psychiatrische stoornis,Restcluster: adhd psychiatrische stoornis,P2,NONE,,adhd psychiatrische stoornis,1,10.0,10.0,IGNORE_IRRELEVANT,none
residual:adhd adults l tyrosine,Restcluster: adhd adults l tyrosine,P2,NONE,,l tyrosine adhd adults,2,10.0,20.0,IGNORE_IRRELEVANT,none
residual:adhd and research yoga,Restcluster: adhd and research yoga,P2,NONE,,yoga and adhd research,1,10.0,10.0,IGNORE_IRRELEVANT,none
residual:adhd dla dziecka jaki pies z,Restcluster: adhd dla dziecka jaki pies z,P2,NONE,,jaki pies dla dziecka z adhd,1,10.0,10.0,IGNORE_IRRELEVANT,none
residual:adhd dr vogel,Restcluster: adhd dr vogel,P2,NONE,,dr vogel adhd,1,10.0,10.0,IGNORE_IRRELEVANT,none
residual:adhd geboorte zuurstoftekort,Restcluster: adhd geboorte zuurstoftekort,P2,NONE,,zuurstoftekort bij geboorte adhd,1,10.0,10.0,IGNORE_IRRELEVANT,none
residual:adhd thc treatment,Restcluster: adhd thc treatment,P2,NONE,,adhd thc treatment,1,10.0,10.0,IGNORE_IRRELEVANT,none
residual:adhd dosage tyrosine,Restcluster: adhd dosage tyrosine,P2,NONE,,tyrosine adhd dosage,2,10.0,20.0,IGNORE_IRRELEVANT,none
residual:3 adhd overfocused type,Restcluster: 3 adhd overfocused type,P2,NONE,,adhd type 3 overfocused,1,10.0,10.0,IGNORE_IRRELEVANT,none
residual:adhd geneesmiddelen,Restcluster: adhd geneesmiddelen,P2,NONE,,geneesmiddelen adhd,1,10.0,10.0,IGNORE_IRRELEVANT,none
residual:adhd dyslectie,Restcluster: adhd dyslectie,P2,NONE,,dyslectie en adhd,1,10.0,10.0,IGNORE_IRRELEVANT,none
residual:adhd based evidence practice,Restcluster: adhd based evidence practice,P2,NONE,,evidence based practice adhd,1,10.0,10.0,IGNORE_IRRELEVANT,none
residual:adhd for l reddit tyrosine,Restcluster: adhd for l reddit tyrosine,P2,NONE,,l tyrosine for adhd reddit,2,10.0,20.0,IGNORE_IRRELEVANT,none
residual:adhd carnitine l,Restcluster: adhd carnitine l,P2,NONE,,l carnitine adhd,1,10.0,10.0,IGNORE_IRRELEVANT,none
residual:adhd article journal,Restcluster: adhd article journal,P2,NONE,,adhd journal article,1,10.0,10.0,IGNORE_IRRELEVANT,none
residual:adhd exploding head syndrome,Restcluster: adhd exploding head syndrome,P2,NONE,,exploding head syndrome adhd,1,10.0,10.0,IGNORE_IRRELEVANT,none
residual:adhd paralysis symptoms,Restcluster: adhd paralysis symptoms,P2,NONE,,adhd paralysis symptoms,1,10.0,10.0,IGNORE_IRRELEVANT,none
residual:adhd homeopathische middelen tegen,Restcluster: adhd homeopathische middelen tegen,P2,NONE,,homeopathische middelen tegen adhd,1,10.0,10.0,IGNORE_IRRELEVANT,none
residual:adhd cdp choline for,Restcluster: adhd cdp choline for,P2,NONE,,cdp choline for adhd,1,10.0,10.0,IGNORE_IRRELEVANT,none
residual:5 adhd and combination for htp l tyrosine,Restcluster: 5 adhd and combination for htp l tyrosine,P2,NONE,,l tyrosine and 5 htp combination for adhd,2,10.0,20.0,IGNORE_IRRELEVANT,none
residual:adhd chaos,Restcluster: adhd chaos,P2,NONE,,chaos adhd,1,10.0,10.0,IGNORE_IRRELEVANT,none
residual:adhd leeftijd vaststellen welke,Restcluster: adhd leeftijd vaststellen welke,P2,NONE,,adhd vaststellen op welke leeftijd,2,10.0,20.0,IGNORE_IRRELEVANT,none
residual:adhd power,Restcluster: adhd power,P2,NONE,,adhd power,1,10.0,10.0,IGNORE_IRRELEVANT,none
residual:adhd clonidine guanfacine,Restcluster: adhd clonidine guanfacine,P2,NONE,,clonidine vs guanfacine adhd,1,10.0,10.0,IGNORE_IRRELEVANT,none
residual:adhd centraal contact nijmegen,Restcluster: adhd centraal contact nijmegen,P2,NONE,,adhd centraal nijmegen contact,1,10.0,10.0,IGNORE_IRRELEVANT,none
residual:adhd b for vitamin,Restcluster: adhd b for vitamin,P2,NONE,,vitamin b for adhd,1,10.0,10.0,IGNORE_IRRELEVANT,none
residual:adhd d3 for vitamin,Restcluster: adhd d3 for vitamin,P2,NONE,,vitamin d3 for adhd,1,10.0,10.0,IGNORE_IRRELEVANT,none
residual:adhd hyperfocus reddit relationships,Restcluster: adhd hyperfocus reddit relationships,P2,NONE,,adhd hyperfocus relationships reddit,1,10.0,10.0,IGNORE_IRRELEVANT,none
residual:adhd spreekbeurtpakket,Restcluster: adhd spreekbeurtpakket,P2,NONE,,adhd spreekbeurtpakket,1,10.0,10.0,IGNORE_IRRELEVANT,none
residual:adhd oxytocine,Restcluster: adhd oxytocine,P2,NONE,,oxytocine adhd,1,10.0,10.0,IGNORE_IRRELEVANT,none
residual:adhd wikikids,Restcluster: adhd wikikids,P2,NONE,,wikikids adhd,2,10.0,20.0,IGNORE_IRRELEVANT,none
residual:adhd leven opgeruimd pdf,Restcluster: adhd leven opgeruimd pdf,P2,NONE,,opgeruimd leven met adhd pdf,1,10.0,10.0,IGNORE_IRRELEVANT,none
residual:adhd reward system,Restcluster: adhd reward system,P2,NONE,,reward system adhd,1,10.0,10.0,IGNORE_IRRELEVANT,none
residual:adhd for qbtest,Restcluster: adhd for qbtest,P2,NONE,,qbtest for adhd,1,10.0,10.0,IGNORE_IRRELEVANT,none
residual:adhd psychologie,Restcluster: adhd psychologie,P2,NONE,,psychologie adhd,2,10.0,20.0,IGNORE_IRRELEVANT,none
residual:adhd quitting smoking,Restcluster: adhd quitting smoking,P2,NONE,,adhd quitting smoking,1,10.0,10.0,IGNORE_IRRELEVANT,none
residual:adhd tedx,Restcluster: adhd tedx,P2,NONE,,adhd tedx,1,10.0,10.0,IGNORE_IRRELEVANT,none
residual:aandachtspunten adhd,Restcluster: aandachtspunten adhd,P2,NONE,,aandachtspunten adhd,1,10.0,10.0,IGNORE_IRRELEVANT,none
residual:adhd and odd treatment,Restcluster: adhd and odd treatment,P2,NONE,,adhd and odd treatment,1,10.0,10.0,IGNORE_IRRELEVANT,none
residual:adhd clarity,Restcluster: adhd clarity,P2,NONE,,clarity adhd,1,10.0,10.0,IGNORE_IRRELEVANT,none
residual:adhd observatielijst,Restcluster: adhd observatielijst,P2,NONE,,observatielijst adhd,2,10.0,20.0,IGNORE_IRRELEVANT,none
residual:adhd diva young,Restcluster: adhd diva young,P2,NONE,,young diva adhd,1,10.0,10.0,IGNORE_IRRELEVANT,none
residual:adhd brown dr,Restcluster: adhd brown dr,P2,NONE,,dr brown adhd,1,10.0,10.0,IGNORE_IRRELEVANT,none
residual:adhd types verschillende,Restcluster: adhd types verschillende,P2,NONE,,adhd verschillende types,1,10.0,10.0,IGNORE_IRRELEVANT,none
residual:adhd iv wais,Restcluster: adhd iv wais,P2,NONE,,wais iv adhd,2,10.0,20.0,IGNORE_IRRELEVANT,none
residual:adhd dosage l tyrosine,Restcluster: adhd dosage l tyrosine,P2,NONE,,l tyrosine adhd dosage,2,10.0,20.0,IGNORE_IRRELEVANT,none
residual:adhd economy token,Restcluster: adhd economy token,P2,NONE,,token economy adhd,1,10.0,10.0,IGNORE_IRRELEVANT,none
residual:adhd treatment wellbutrin,Restcluster: adhd treatment wellbutrin,P2,NONE,,wellbutrin adhd treatment,1,10.0,10.0,IGNORE_IRRELEVANT,none
residual:adhd dextroamphetamine dosage for,Restcluster: adhd dextroamphetamine dosage for,P2,NONE,,dextroamphetamine dosage for adhd,1,10.0,10.0,IGNORE_IRRELEVANT,none
residual:adhd bijtring,Restcluster: adhd bijtring,P2,NONE,,bijtring adhd,1,10.0,10.0,IGNORE_IRRELEVANT,none
residual:adhd info,Restcluster: adhd info,P2,NONE,,info over adhd,1,10.0,10.0,IGNORE_IRRELEVANT,none
residual:adhd cab,Restcluster: adhd cab,P2,NONE,,cab adhd,1,10.0,10.0,IGNORE_IRRELEVANT,none
residual:adhd verloop,Restcluster: adhd verloop,P2,NONE,,verloop adhd,1,10.0,10.0,IGNORE_IRRELEVANT,none
residual:5 adhd motivators,Restcluster: 5 adhd motivators,P2,NONE,,5 adhd motivators,1,10.0,10.0,IGNORE_IRRELEVANT,none
residual:adhd analysis applied behavior,Restcluster: adhd analysis applied behavior,P2,NONE,,applied behavior analysis adhd,1,10.0,10.0,IGNORE_IRRELEVANT,none
residual:adhd enquete,Restcluster: adhd enquete,P2,NONE,,enquete adhd,1,10.0,10.0,IGNORE_IRRELEVANT,none
residual:adhd beroepen vriendelijke,Restcluster: adhd beroepen vriendelijke,P2,NONE,,adhd vriendelijke beroepen,1,10.0,10.0,IGNORE_IRRELEVANT,none
residual:adhd ogen ontfocussen,Restcluster: adhd ogen ontfocussen,P2,NONE,,ogen ontfocussen adhd,1,10.0,10.0,IGNORE_IRRELEVANT,none
residual:adalah adhd disleksia,Restcluster: adalah adhd disleksia,P2,NONE,,disleksia adhd adalah,1,10.0,10.0,IGNORE_IRRELEVANT,none
residual:adhd dipiperon,Restcluster: adhd dipiperon,P2,NONE,,dipiperon adhd,1,10.0,10.0,IGNORE_IRRELEVANT,none
residual:adhd conceptueel denken,Restcluster: adhd conceptueel denken,P2,NONE,,conceptueel denken adhd,1,10.0,10.0,IGNORE_IRRELEVANT,none
residual:adhd seroquel,Restcluster: adhd seroquel,P2,NONE,,seroquel adhd,1,10.0,10.0,IGNORE_IRRELEVANT,none
residual:15 adhd month old,Restcluster: 15 adhd month old,P2,NONE,,adhd 15 month old,1,10.0,10.0,IGNORE_IRRELEVANT,none
residual:adhd apps best for organisation,Restcluster: adhd apps best for organisation,P2,NONE,,best organisation apps for adhd,1,10.0,10.0,IGNORE_IRRELEVANT,none
residual:adhd meaning spanish,Restcluster: adhd meaning spanish,P2,NONE,,adhd meaning in spanish,1,10.0,10.0,IGNORE_IRRELEVANT,none
residual:adhd kun leeftijd vanaf vaststellen welke,Restcluster: adhd kun leeftijd vanaf vaststellen welke,P2,NONE,,vanaf welke leeftijd kun je adhd vaststellen,1,10.0,10.0,IGNORE_IRRELEVANT,none
residual:adhd adultos sintomas,Restcluster: adhd adultos sintomas,P2,NONE,,sintomas de adhd en adultos,3,10.0,30.0,IGNORE_IRRELEVANT,none
residual:adhd komiek nederlandse,Restcluster: adhd komiek nederlandse,P2,NONE,,nederlandse komiek adhd,1,10.0,10.0,IGNORE_IRRELEVANT,none
residual:adhd adults barkley,Restcluster: adhd adults barkley,P2,NONE,,adhd in adults barkley,1,10.0,10.0,IGNORE_IRRELEVANT,none
residual:adhd teenager tics,Restcluster: adhd teenager tics,P2,NONE,,adhd tics in teenager,1,10.0,10.0,IGNORE_IRRELEVANT,none
residual:adhd living young,Restcluster: adhd living young,P2,NONE,,adhd young living,1,10.0,10.0,IGNORE_IRRELEVANT,none
residual:adhd haikyuu reader x,Restcluster: adhd haikyuu reader x,P2,NONE,,haikyuu x adhd reader,1,10.0,10.0,IGNORE_IRRELEVANT,none
residual:adhd mindmap,Restcluster: adhd mindmap,P2,NONE,,mindmap adhd,1,10.0,10.0,IGNORE_IRRELEVANT,none
residual:adhd jochem meijer,Restcluster: adhd jochem meijer,P2,NONE,,adhd jochem meijer,2,10.0,20.0,IGNORE_IRRELEVANT,none
residual:5 adhd barn år,Restcluster: 5 adhd barn år,P2,NONE,,adhd barn 5 år,1,10.0,10.0,IGNORE_IRRELEVANT,none
residual:adhd door kwijtschelding studieschuld,Restcluster: adhd door kwijtschelding studieschuld,P2,NONE,,kwijtschelding studieschuld door adhd,1,10.0,10.0,IGNORE_IRRELEVANT,none
residual:adhd japan,Restcluster: adhd japan,P2,NONE,,adhd in japan,1,10.0,10.0,IGNORE_IRRELEVANT,none
residual:adhd mindfulness training,Restcluster: adhd mindfulness training,P2,NONE,,mindfulness training adhd,3,10.0,30.0,IGNORE_IRRELEVANT,none
residual:adhd dienstplicht heb,Restcluster: adhd dienstplicht heb,P2,NONE,,heb je dienstplicht met adhd,1,10.0,10.0,IGNORE_IRRELEVANT,none
residual:adhd for organizer professional,Restcluster: adhd for organizer professional,P2,NONE,,professional organizer for adhd,1,10.0,10.0,IGNORE_IRRELEVANT,none
residual:adhd filmpje wat,Restcluster: adhd filmpje wat,P2,NONE,,wat is adhd filmpje,1,10.0,10.0,IGNORE_IRRELEVANT,none
residual:5 adhd for good htp,Restcluster: 5 adhd for good htp,P2,NONE,,is 5 htp good for adhd,1,10.0,10.0,IGNORE_IRRELEVANT,none
residual:adhd gefeliciteerd hebt,Restcluster: adhd gefeliciteerd hebt,P2,NONE,,gefeliciteerd je hebt adhd,1,10.0,10.0,IGNORE_IRRELEVANT,none
residual:adhd bindingsangst,Restcluster: adhd bindingsangst,P2,NONE,,adhd en bindingsangst,1,10.0,10.0,IGNORE_IRRELEVANT,none
residual:adhd buitelaar jan,Restcluster: adhd buitelaar jan,P2,NONE,,jan buitelaar adhd,1,10.0,10.0,IGNORE_IRRELEVANT,none
residual:adhd blend living young,Restcluster: adhd blend living young,P2,NONE,,adhd blend young living,2,10.0,20.0,IGNORE_IRRELEVANT,none
residual:adhd dieet voeding volwassenen,Restcluster: adhd dieet voeding volwassenen,P2,NONE,,adhd voeding dieet volwassenen,1,10.0,10.0,IGNORE_IRRELEVANT,none
residual:adderall adhd for non,Restcluster: adderall adhd for non,P2,NONE,,adderall for non adhd,1,10.0,10.0,IGNORE_IRRELEVANT,none
residual:adhd terapeut,Restcluster: adhd terapeut,P2,NONE,,terapeut adhd,1,10.0,10.0,IGNORE_IRRELEVANT,none
residual:adhd us what,Restcluster: adhd us what,P2,NONE,,what us adhd,1,10.0,10.0,IGNORE_IRRELEVANT,none
residual:adhd pants smarty,Restcluster: adhd pants smarty,P2,NONE,,smarty pants adhd,1,10.0,10.0,IGNORE_IRRELEVANT,none
residual:adhd onderwijs voortgezet,Restcluster: adhd onderwijs voortgezet,P2,NONE,,adhd voortgezet onderwijs,4,10.0,40.0,IGNORE_IRRELEVANT,none
residual:adhd handelingsplan,Restcluster: adhd handelingsplan,P2,NONE,,handelingsplan adhd,1,10.0,10.0,IGNORE_IRRELEVANT,none
residual:adhd idrlabs,Restcluster: adhd idrlabs,P2,NONE,,idrlabs adhd,1,10.0,10.0,IGNORE_IRRELEVANT,none
residual:add adhd autisme,Restcluster: add adhd autisme,P2,MEDIUM,,add adhd autisme,1,10.0,10.0,IGNORE_IRRELEVANT,none
residual:adhd meaning wikipedia,Restcluster: adhd meaning wikipedia,P2,NONE,,adhd meaning wikipedia,1,10.0,10.0,IGNORE_IRRELEVANT,none
residual:adhd mindfulness volwassenen,Restcluster: adhd mindfulness volwassenen,P2,NONE,,mindfulness adhd volwassenen,2,10.0,20.0,IGNORE_IRRELEVANT,none
residual:aanvragen adhd pgb,Restcluster: aanvragen adhd pgb,P2,NONE,,pgb aanvragen adhd,2,10.0,20.0,IGNORE_IRRELEVANT,none
residual:adhd reddit tics,Restcluster: adhd reddit tics,P2,NONE,,adhd tics reddit,1,10.0,10.0,IGNORE_IRRELEVANT,none
residual:adhd ingvar kamprad,Restcluster: adhd ingvar kamprad,P2,NONE,,ingvar kamprad adhd,1,10.0,10.0,IGNORE_IRRELEVANT,none
residual:adhd opvoedtips,Restcluster: adhd opvoedtips,P2,NONE,,opvoedtips adhd,1,10.0,10.0,IGNORE_IRRELEVANT,none
residual:adhd hype,Restcluster: adhd hype,P2,NONE,,adhd hype,1,10.0,10.0,IGNORE_IRRELEVANT,none
residual:adhd chairs for special,Restcluster: adhd chairs for special,P2,NONE,,special chairs for adhd,1,10.0,10.0,IGNORE_IRRELEVANT,none
residual:adhd lithium orotate,Restcluster: adhd lithium orotate,P2,NONE,,lithium orotate adhd,1,10.0,10.0,IGNORE_IRRELEVANT,none
residual:adhd steunpunt,Restcluster: adhd steunpunt,P2,NONE,,adhd steunpunt,1,10.0,10.0,IGNORE_IRRELEVANT,none
residual:adhd d treatment vitamin,Restcluster: adhd d treatment vitamin,P2,NONE,,vitamin d adhd treatment,1,10.0,10.0,IGNORE_IRRELEVANT,none
residual:adhd uwv,Restcluster: adhd uwv,P2,NONE,,adhd uwv,2,10.0,20.0,IGNORE_IRRELEVANT,none
residual:adhd gilmore lorelai,Restcluster: adhd gilmore lorelai,P2,NONE,,lorelai gilmore adhd,1,10.0,10.0,IGNORE_IRRELEVANT,none
residual:adhd komen laat,Restcluster: adhd komen laat,P2,NONE,,te laat komen adhd,1,10.0,10.0,IGNORE_IRRELEVANT,none
residual:3 adhd behind brain years,Restcluster: 3 adhd behind brain years,P2,NONE,,adhd brain 3 years behind,1,10.0,10.0,IGNORE_IRRELEVANT,none
residual:adhd opvoeden positief,Restcluster: adhd opvoeden positief,P2,NONE,,positief opvoeden adhd,1,10.0,10.0,IGNORE_IRRELEVANT,none
residual:adhd ssris with,Restcluster: adhd ssris with,P2,NONE,,ssris with adhd,1,10.0,10.0,IGNORE_IRRELEVANT,none
residual:adhd oudervereniging,Restcluster: adhd oudervereniging,P2,NONE,,oudervereniging adhd,1,10.0,10.0,IGNORE_IRRELEVANT,none
residual:adhd adults products,Restcluster: adhd adults products,P2,NONE,,adhd products adults,1,10.0,10.0,IGNORE_IRRELEVANT,none
residual:5 adhd gta,Restcluster: 5 adhd gta,P2,NONE,,gta 5 adhd,1,10.0,10.0,IGNORE_IRRELEVANT,none
residual:adhd enfp,Restcluster: adhd enfp,P2,NONE,,enfp adhd,1,10.0,10.0,IGNORE_IRRELEVANT,none
residual:adhd aphasia,Restcluster: adhd aphasia,P2,NONE,,aphasia adhd,1,10.0,10.0,IGNORE_IRRELEVANT,none
residual:8d adhd music,Restcluster: 8d adhd music,P2,NONE,,adhd 8d music,1,10.0,10.0,IGNORE_IRRELEVANT,none
residual:adhd app best calendar,Restcluster: adhd app best calendar,P2,NONE,,best calendar app adhd,1,10.0,10.0,IGNORE_IRRELEVANT,none
residual:adhd thuisbegeleiding,Restcluster: adhd thuisbegeleiding,P2,NONE,,thuisbegeleiding adhd,1,10.0,10.0,IGNORE_IRRELEVANT,none
residual:adhd partner pdf survey,Restcluster: adhd partner pdf survey,P2,NONE,,adhd partner survey pdf,1,10.0,10.0,IGNORE_IRRELEVANT,none
residual:5 adhd interpretation rating scale,Restcluster: 5 adhd interpretation rating scale,P2,NONE,,adhd rating scale 5 interpretation,1,10.0,10.0,IGNORE_IRRELEVANT,none
residual:adhd biloba ginkgo reddit,Restcluster: adhd biloba ginkgo reddit,P2,NONE,,ginkgo biloba reddit adhd,1,10.0,10.0,IGNORE_IRRELEVANT,none
residual:adhd volwassenen zelfhulpgroep,Restcluster: adhd volwassenen zelfhulpgroep,P2,NONE,,zelfhulpgroep adhd volwassenen,1,10.0,10.0,IGNORE_IRRELEVANT,none
residual:adhd dosage inositol,Restcluster: adhd dosage inositol,P2,NONE,,inositol adhd dosage,1,10.0,10.0,IGNORE_IRRELEVANT,none
residual:adhd label off wellbutrin,Restcluster: adhd label off wellbutrin,P2,NONE,,wellbutrin off label adhd,1,10.0,10.0,IGNORE_IRRELEVANT,none
residual:adderall adhd for someone without,Restcluster: adderall adhd for someone without,P2,NONE,,adderall for someone without adhd,1,10.0,10.0,IGNORE_IRRELEVANT,none
residual:adhd carnosine l,Restcluster: adhd carnosine l,P2,NONE,,l carnosine adhd,2,10.0,20.0,IGNORE_IRRELEVANT,none
residual:adhd homeopathisch middel volwassenen welk,Restcluster: adhd homeopathisch middel volwassenen welk,P2,NONE,,welk homeopathisch middel bij adhd volwassenen,1,10.0,10.0,IGNORE_IRRELEVANT,none
residual:adhd autisme centrum hoorn,Restcluster: adhd autisme centrum hoorn,P2,MEDIUM,,adhd en autisme centrum hoorn,1,10.0,10.0,IGNORE_IRRELEVANT,none
residual:adhd adolescentes síntomas,Restcluster: adhd adolescentes síntomas,P2,NONE,,adhd síntomas en adolescentes,1,10.0,10.0,IGNORE_IRRELEVANT,none
residual:adhd hersenen zichtbaar,Restcluster: adhd hersenen zichtbaar,P2,NONE,,adhd zichtbaar in hersenen,1,10.0,10.0,IGNORE_IRRELEVANT,none
residual:adhd geboorte heb vanaf,Restcluster: adhd geboorte heb vanaf,P2,NONE,,heb je adhd vanaf je geboorte,1,10.0,10.0,IGNORE_IRRELEVANT,none
residual:adhd libido,Restcluster: adhd libido,P2,NONE,,libido adhd,1,10.0,10.0,IGNORE_IRRELEVANT,none
residual:adhd onderzoek wetenschappelijk,Restcluster: adhd onderzoek wetenschappelijk,P2,NONE,,adhd wetenschappelijk onderzoek,2,10.0,20.0,IGNORE_IRRELEVANT,none
residual:adhd verschijnselen volwassenen,Restcluster: adhd verschijnselen volwassenen,P2,NONE,,verschijnselen adhd volwassenen,1,10.0,10.0,IGNORE_IRRELEVANT,none
residual:adhd bestaat echt,Restcluster: adhd bestaat echt,P2,NONE,,bestaat adhd echt,1,10.0,10.0,IGNORE_IRRELEVANT,none
residual:adhd omschrijving,Restcluster: adhd omschrijving,P2,NONE,,omschrijving adhd,1,10.0,10.0,IGNORE_IRRELEVANT,none
residual:adhd focused,Restcluster: adhd focused,P2,NONE,,over focused adhd,1,10.0,10.0,IGNORE_IRRELEVANT,none
residual:adhd quercetin,Restcluster: adhd quercetin,P2,NONE,,quercetin adhd,1,10.0,10.0,IGNORE_IRRELEVANT,none
residual:adhd e120,Restcluster: adhd e120,P2,NONE,,e120 adhd,1,10.0,10.0,IGNORE_IRRELEVANT,none
residual:adhd slaapproblemen volwassenen,Restcluster: adhd slaapproblemen volwassenen,P2,NONE,,adhd slaapproblemen bij volwassenen,2,10.0,20.0,IGNORE_IRRELEVANT,none
residual:adhd mirror neurons,Restcluster: adhd mirror neurons,P2,NONE,,mirror neurons adhd,1,10.0,10.0,IGNORE_IRRELEVANT,none
residual:adhd thuiswerken,Restcluster: adhd thuiswerken,P2,NONE,,adhd thuiswerken,1,10.0,10.0,IGNORE_IRRELEVANT,none
residual:adhd concentration for music,Restcluster: adhd concentration for music,P2,NONE,,concentration music for adhd,1,10.0,10.0,IGNORE_IRRELEVANT,none
residual:about adhd forgets me partner,Restcluster: about adhd forgets me partner,P2,NONE,,adhd partner forgets about me,1,10.0,10.0,IGNORE_IRRELEVANT,none
residual:adhd latere leeftijd ontdekken,Restcluster: adhd latere leeftijd ontdekken,P2,NONE,,adhd ontdekken op latere leeftijd,1,10.0,10.0,IGNORE_IRRELEVANT,none
residual:adhd combinatie dyslexie,Restcluster: adhd combinatie dyslexie,P2,NONE,,combinatie dyslexie en adhd,1,10.0,10.0,IGNORE_IRRELEVANT,none
residual:adhd behandelcentrum rotterdam,Restcluster: adhd behandelcentrum rotterdam,P2,NONE,,adhd behandelcentrum rotterdam,1,10.0,10.0,IGNORE_IRRELEVANT,none
residual:5 adhd forum latka u,Restcluster: 5 adhd forum latka u,P2,NONE,,adhd u 5 latka forum,1,10.0,10.0,IGNORE_IRRELEVANT,none
residual:adhd eigenwijze hersenen leven volwassenen,Restcluster: adhd eigenwijze hersenen leven volwassenen,P2,NONE,,adhd bij volwassenen leven met eigenwijze hersenen,1,10.0,10.0,IGNORE_IRRELEVANT,none
residual:adhd handelingsadviezen,Restcluster: adhd handelingsadviezen,P2,NONE,,handelingsadviezen adhd,1,10.0,10.0,IGNORE_IRRELEVANT,none
residual:adhd cijfers,Restcluster: adhd cijfers,P2,NONE,,cijfers adhd,2,10.0,20.0,IGNORE_IRRELEVANT,none
residual:adhd nos overeenkomsten pdd verschillen,Restcluster: adhd nos overeenkomsten pdd verschillen,P2,NONE,,adhd en pdd nos overeenkomsten en verschillen,2,10.0,20.0,IGNORE_IRRELEVANT,none
residual:5 adhd for olds toys year,Restcluster: 5 adhd for olds toys year,P2,NONE,,adhd toys for 5 year olds,1,10.0,10.0,IGNORE_IRRELEVANT,none
residual:adhd paracetamol,Restcluster: adhd paracetamol,P2,NONE,,adhd paracetamol,1,10.0,10.0,IGNORE_IRRELEVANT,none
residual:adhd ruminating thoughts,Restcluster: adhd ruminating thoughts,P2,NONE,,ruminating thoughts adhd,1,10.0,10.0,IGNORE_IRRELEVANT,none
residual:adhd valdoxan,Restcluster: adhd valdoxan,P2,NONE,,valdoxan adhd,1,10.0,10.0,IGNORE_IRRELEVANT,none
residual:ace adhd interview,Restcluster: ace adhd interview,P2,NONE,,ace interview adhd,1,10.0,10.0,IGNORE_IRRELEVANT,none
residual:adhd hyperfocus relationships,Restcluster: adhd hyperfocus relationships,P2,NONE,,adhd hyperfocus relationships,1,10.0,10.0,IGNORE_IRRELEVANT,none
residual:adhd neuroplus,Restcluster: adhd neuroplus,P2,NONE,,neuroplus adhd,1,10.0,10.0,IGNORE_IRRELEVANT,none
residual:adhd are for games good what,Restcluster: adhd are for games good what,P2,NONE,,what games are good for adhd,1,10.0,10.0,IGNORE_IRRELEVANT,none
residual:adhd arts does help martial with,Restcluster: adhd arts does help martial with,P2,NONE,,does martial arts help with adhd,1,10.0,10.0,IGNORE_IRRELEVANT,none
residual:adhd reality therapy virtual,Restcluster: adhd reality therapy virtual,P2,NONE,,virtual reality therapy adhd,1,10.0,10.0,IGNORE_IRRELEVANT,none
residual:adhd magical thinking,Restcluster: adhd magical thinking,P2,NONE,,magical thinking adhd,1,10.0,10.0,IGNORE_IRRELEVANT,none
residual:adhd terapie,Restcluster: adhd terapie,P2,NONE,,terapie adhd,1,10.0,10.0,IGNORE_IRRELEVANT,none
residual:adhd designer graphic,Restcluster: adhd designer graphic,P2,NONE,,graphic designer adhd,1,10.0,10.0,IGNORE_IRRELEVANT,none
residual:adhd and heavy metal music,Restcluster: adhd and heavy metal music,P2,NONE,,heavy metal music and adhd,1,10.0,10.0,IGNORE_IRRELEVANT,none
residual:adhd app organizer,Restcluster: adhd app organizer,P2,NONE,,app adhd organizer,1,10.0,10.0,IGNORE_IRRELEVANT,none
residual:adhd afab,Restcluster: adhd afab,P2,NONE,,adhd in afab,3,10.0,30.0,IGNORE_IRRELEVANT,none
residual:adhd have likely mbti most type,Restcluster: adhd have likely mbti most type,P2,NONE,,mbti type most likely to have adhd,1,10.0,10.0,IGNORE_IRRELEVANT,none
residual:adhd huiswerk,Restcluster: adhd huiswerk,P2,NONE,,adhd huiswerk,2,10.0,20.0,IGNORE_IRRELEVANT,none
residual:adhd ojee ouwerkerk,Restcluster: adhd ojee ouwerkerk,P2,NONE,,ojee adhd ouwerkerk,1,10.0,10.0,IGNORE_IRRELEVANT,none
residual:adhd modeziekte,Restcluster: adhd modeziekte,P2,NONE,,adhd modeziekte,1,10.0,10.0,IGNORE_IRRELEVANT,none
residual:adhd japan meds,Restcluster: adhd japan meds,P2,NONE,,japan adhd meds,1,10.0,10.0,IGNORE_IRRELEVANT,none
residual:adhd adults inattentive,Restcluster: adhd adults inattentive,P2,NONE,,adhd in adults inattentive,1,10.0,10.0,IGNORE_IRRELEVANT,none
residual:adhd disorder mood,Restcluster: adhd disorder mood,P2,NONE,,adhd vs mood disorder,2,10.0,20.0,IGNORE_IRRELEVANT,none
residual:adhd kloof performaal verbaal,Restcluster: adhd kloof performaal verbaal,P2,NONE,,verbaal-performaal kloof adhd,2,10.0,20.0,IGNORE_IRRELEVANT,none
residual:adhd brain for stimulation,Restcluster: adhd brain for stimulation,P2,NONE,,brain stimulation for adhd,1,10.0,10.0,IGNORE_IRRELEVANT,none
residual:adhd jelent mit,Restcluster: adhd jelent mit,P2,NONE,,adhd mit jelent,1,10.0,10.0,IGNORE_IRRELEVANT,none
residual:adhd stratega,Restcluster: adhd stratega,P2,NONE,,stratega adhd,1,10.0,10.0,IGNORE_IRRELEVANT,none
residual:adhd dewasa orang pada penyakit,Restcluster: adhd dewasa orang pada penyakit,P2,NONE,,penyakit adhd pada orang dewasa,1,10.0,10.0,IGNORE_IRRELEVANT,none
residual:adhd delayed phase sleep syndrome,Restcluster: adhd delayed phase sleep syndrome,P2,NONE,,delayed sleep phase syndrome adhd,1,10.0,10.0,IGNORE_IRRELEVANT,none
residual:adhd stoornissen verwante,Restcluster: adhd stoornissen verwante,P2,NONE,,adhd verwante stoornissen,1,10.0,10.0,IGNORE_IRRELEVANT,none
residual:adderall adhd does for non work,Restcluster: adderall adhd does for non work,P2,NONE,,does adderall work for non adhd,1,10.0,10.0,IGNORE_IRRELEVANT,none
residual:adhd tics tourettes,Restcluster: adhd tics tourettes,P2,NONE,,adhd tics vs tourettes,1,10.0,10.0,IGNORE_IRRELEVANT,none
residual:adhd social withdrawal,Restcluster: adhd social withdrawal,P2,NONE,,social withdrawal adhd,1,10.0,10.0,IGNORE_IRRELEVANT,none
residual:adhd gotu kola,Restcluster: adhd gotu kola,P2,NONE,,gotu kola adhd,1,10.0,10.0,IGNORE_IRRELEVANT,none
residual:adhd uppsala utredning,Restcluster: adhd uppsala utredning,P2,NONE,,adhd utredning uppsala,1,10.0,10.0,IGNORE_IRRELEVANT,none
residual:adhd diagnos vuxna,Restcluster: adhd diagnos vuxna,P2,NONE,,adhd diagnos vuxna,1,10.0,10.0,IGNORE_IRRELEVANT,none
residual:adhd nld,Restcluster: adhd nld,P2,NONE,,nld en adhd,3,10.0,30.0,IGNORE_IRRELEVANT,none
residual:adhd andohadin,Restcluster: adhd andohadin,P2,NONE,,andohadin adhd,1,10.0,10.0,IGNORE_IRRELEVANT,none
residual:adhd motoriek,Restcluster: adhd motoriek,P2,NONE,,motoriek adhd,1,10.0,10.0,IGNORE_IRRELEVANT,none
residual:adhd for journaling,Restcluster: adhd for journaling,P2,NONE,,journaling for adhd,1,10.0,10.0,IGNORE_IRRELEVANT,none
residual:adhd cd odd,Restcluster: adhd cd odd,P2,NONE,,odd cd adhd,1,10.0,10.0,IGNORE_IRRELEVANT,none
residual:8 adhd month old,Restcluster: 8 adhd month old,P2,NONE,,adhd 8 month old,1,10.0,10.0,IGNORE_IRRELEVANT,none
residual:adhd adults and characterization diagnosis treatment,Restcluster: adhd adults and characterization diagnosis treatment,P2,NONE,,adhd in adults characterization diagnosis and treatment,1,10.0,10.0,IGNORE_IRRELEVANT,none
residual:adhd turmeric,Restcluster: adhd turmeric,P2,NONE,,turmeric adhd,1,10.0,10.0,IGNORE_IRRELEVANT,none
residual:adhd hoogbegaafd,Restcluster: adhd hoogbegaafd,P2,NONE,,adhd en hoogbegaafd,6,10.0,60.0,IGNORE_IRRELEVANT,none
residual:adhd d3 vitamin,Restcluster: adhd d3 vitamin,P2,NONE,,vitamin d3 adhd,1,10.0,10.0,IGNORE_IRRELEVANT,none
residual:adhd adults bupropion for,Restcluster: adhd adults bupropion for,P2,NONE,,bupropion for adhd in adults,1,10.0,10.0,IGNORE_IRRELEVANT,none
residual:adhd middel,Restcluster: adhd middel,P2,NONE,,middel adhd,1,10.0,10.0,IGNORE_IRRELEVANT,none
residual:adhd og,Restcluster: adhd og,P2,NONE,,adhd og,1,10.0,10.0,IGNORE_IRRELEVANT,none
residual:0 2 adhd hallowell,Restcluster: 0 2 adhd hallowell,P2,NONE,,adhd 2.0 hallowell,1,10.0,10.0,IGNORE_IRRELEVANT,none
residual:adhd clinical partners,Restcluster: adhd clinical partners,P2,NONE,,adhd clinical partners,1,10.0,10.0,IGNORE_IRRELEVANT,none
residual:adhd equasym lääke,Restcluster: adhd equasym lääke,P2,NONE,,adhd lääke equasym,1,10.0,10.0,IGNORE_IRRELEVANT,none
residual:adhd adults reddit,Restcluster: adhd adults reddit,P2,NONE,,adhd in adults reddit,1,10.0,10.0,IGNORE_IRRELEVANT,none
residual:adhd symptoms uk,Restcluster: adhd symptoms uk,P2,NONE,,symptoms of adhd uk,1,10.0,10.0,IGNORE_IRRELEVANT,none
residual:adhd bumetanide,Restcluster: adhd bumetanide,P2,NONE,,bumetanide bij adhd,2,10.0,20.0,IGNORE_IRRELEVANT,none
residual:adhd artikel wetenschappelijk,Restcluster: adhd artikel wetenschappelijk,P2,NONE,,adhd wetenschappelijk artikel,2,10.0,20.0,IGNORE_IRRELEVANT,none
residual:adhd me,Restcluster: adhd me,P2,NONE,,me adhd,1,10.0,10.0,IGNORE_IRRELEVANT,none
residual:adhd friendly me near schools,Restcluster: adhd friendly me near schools,P2,NONE,,adhd friendly schools near me,1,10.0,10.0,IGNORE_IRRELEVANT,none
residual:adhd beloningssysteem,Restcluster: adhd beloningssysteem,P2,NONE,,adhd beloningssysteem,2,10.0,20.0,IGNORE_IRRELEVANT,none
residual:adhd wat werkstuk,Restcluster: adhd wat werkstuk,P2,NONE,,wat is adhd werkstuk,1,10.0,10.0,IGNORE_IRRELEVANT,none
residual:adhd hulpvraag,Restcluster: adhd hulpvraag,P2,NONE,,hulpvraag adhd,1,10.0,10.0,IGNORE_IRRELEVANT,none
residual:adhd relaties tips,Restcluster: adhd relaties tips,P2,NONE,,adhd relaties tips,1,10.0,10.0,IGNORE_IRRELEVANT,none
residual:adhd lijnzaadolie,Restcluster: adhd lijnzaadolie,P2,NONE,,lijnzaadolie adhd,1,10.0,10.0,IGNORE_IRRELEVANT,none
residual:adhd dha epa ratio,Restcluster: adhd dha epa ratio,P2,NONE,,epa dha ratio adhd,1,10.0,10.0,IGNORE_IRRELEVANT,none
residual:adhd japan treatment,Restcluster: adhd japan treatment,P2,NONE,,japan adhd treatment,3,10.0,30.0,IGNORE_IRRELEVANT,none
residual:adhd blog uk,Restcluster: adhd blog uk,P2,NONE,,adhd blog uk,1,10.0,10.0,IGNORE_IRRELEVANT,none
residual:adhd reddit xanax,Restcluster: adhd reddit xanax,P2,NONE,,adhd xanax reddit,1,10.0,10.0,IGNORE_IRRELEVANT,none
residual:10 adhd diagnosis icd,Restcluster: 10 adhd diagnosis icd,P2,NONE,,adhd diagnosis icd 10,1,10.0,10.0,IGNORE_IRRELEVANT,none
residual:adhd narcolepsy,Restcluster: adhd narcolepsy,P2,NONE,,narcolepsy vs adhd,1,10.0,10.0,IGNORE_IRRELEVANT,none
residual:adhd arnhem onderzoek,Restcluster: adhd arnhem onderzoek,P2,NONE,,adhd onderzoek arnhem,1,10.0,10.0,IGNORE_IRRELEVANT,none
residual:adhd phosphatidylserine,Restcluster: adhd phosphatidylserine,P2,NONE,,phosphatidylserine adhd,1,10.0,10.0,IGNORE_IRRELEVANT,none
residual:adhd schaapjes tellen,Restcluster: adhd schaapjes tellen,P2,NONE,,adhd schaapjes tellen,1,10.0,10.0,IGNORE_IRRELEVANT,none
residual:adhd ouderbegeleiding,Restcluster: adhd ouderbegeleiding,P2,NONE,,ouderbegeleiding adhd,1,10.0,10.0,IGNORE_IRRELEVANT,none
residual:adhd homeopathie volwassenen,Restcluster: adhd homeopathie volwassenen,P2,NONE,,homeopathie adhd volwassenen,2,10.0,20.0,IGNORE_IRRELEVANT,none
residual:adhd ermee kun wat,Restcluster: adhd ermee kun wat,P2,NONE,,adhd wat kun je ermee,1,10.0,10.0,IGNORE_IRRELEVANT,none
residual:adhd mind theory,Restcluster: adhd mind theory,P2,NONE,,theory of mind adhd,1,10.0,10.0,IGNORE_IRRELEVANT,none
residual:adhd promethazine,Restcluster: adhd promethazine,P2,NONE,,promethazine adhd,1,10.0,10.0,IGNORE_IRRELEVANT,none
residual:adhd partner questionnaire,Restcluster: adhd partner questionnaire,P2,NONE,,adhd partner questionnaire,1,10.0,10.0,IGNORE_IRRELEVANT,none
residual:adhd kamp,Restcluster: adhd kamp,P2,NONE,,kamp voor adhd,3,10.0,30.0,IGNORE_IRRELEVANT,none
residual:adhd reiki,Restcluster: adhd reiki,P2,NONE,,reiki en adhd,1,10.0,10.0,IGNORE_IRRELEVANT,none
residual:adhd asrs form,Restcluster: adhd asrs form,P2,NONE,,asrs form adhd,1,10.0,10.0,IGNORE_IRRELEVANT,none
residual:adhd diagnostiek volwassenen,Restcluster: adhd diagnostiek volwassenen,P2,NONE,,adhd diagnostiek volwassenen,5,10.0,50.0,IGNORE_IRRELEVANT,none
residual:adhd bijscholing,Restcluster: adhd bijscholing,P2,NONE,,bijscholing adhd,1,10.0,10.0,IGNORE_IRRELEVANT,none
residual:adhd inertia sleep,Restcluster: adhd inertia sleep,P2,NONE,,sleep inertia adhd,1,10.0,10.0,IGNORE_IRRELEVANT,none
residual:adhd kindertaal wat,Restcluster: adhd kindertaal wat,P2,NONE,,wat is adhd in kindertaal,2,10.0,20.0,IGNORE_IRRELEVANT,none
residual:adhd kinderopvang,Restcluster: adhd kinderopvang,P2,NONE,,adhd kinderopvang,1,10.0,10.0,IGNORE_IRRELEVANT,none
residual:adhd geluiddempende koptelefoon,Restcluster: adhd geluiddempende koptelefoon,P2,NONE,,geluiddempende koptelefoon adhd,1,10.0,10.0,IGNORE_IRRELEVANT,none
residual:adhd conners rating scale,Restcluster: adhd conners rating scale,P2,NONE,,conners rating scale adhd,1,10.0,10.0,IGNORE_IRRELEVANT,none
residual:adhd gedrag volwassenen,Restcluster: adhd gedrag volwassenen,P2,NONE,,adhd gedrag volwassenen,1,10.0,10.0,IGNORE_IRRELEVANT,none
residual:adderall adhd effects for non side,Restcluster: adderall adhd effects for non side,P2,NONE,,adderall side effects for non adhd,1,10.0,10.0,IGNORE_IRRELEVANT,none
residual:adhd tengel,Restcluster: adhd tengel,P2,NONE,,tengel adhd,1,10.0,10.0,IGNORE_IRRELEVANT,none
residual:adhd typen,Restcluster: adhd typen,P2,NONE,,adhd typen,2,10.0,20.0,IGNORE_IRRELEVANT,none
residual:adhd utredning,Restcluster: adhd utredning,P2,NONE,,utredning adhd,1,10.0,10.0,IGNORE_IRRELEVANT,none
residual:adhd beste boek,Restcluster: adhd beste boek,P2,NONE,,beste boek over adhd,1,10.0,10.0,IGNORE_IRRELEVANT,none
residual:adhd boek,Restcluster: adhd boek,P2,NONE,,boek over adhd,1,10.0,10.0,IGNORE_IRRELEVANT,none
residual:adhd cabaretiers nederlandse,Restcluster: adhd cabaretiers nederlandse,P2,NONE,,nederlandse cabaretiers adhd,1,10.0,10.0,IGNORE_IRRELEVANT,none
residual:adhd betekenis,Restcluster: adhd betekenis,P2,NONE,,betekenis adhd,3,10.0,30.0,IGNORE_IRRELEVANT,none
residual:adhd juice plus reviews,Restcluster: adhd juice plus reviews,P2,NONE,,juice plus adhd reviews,1,10.0,10.0,IGNORE_IRRELEVANT,none
residual:adhd amsterdammer centraal groene,Restcluster: adhd amsterdammer centraal groene,P2,NONE,,adhd centraal groene amsterdammer,1,10.0,10.0,IGNORE_IRRELEVANT,none
residual:adhd hooggevoelig,Restcluster: adhd hooggevoelig,P2,NONE,,hooggevoelig en adhd,3,10.0,30.0,IGNORE_IRRELEVANT,none
residual:adhd study tips university,Restcluster: adhd study tips university,P2,NONE,,adhd study tips university,1,10.0,10.0,IGNORE_IRRELEVANT,none
residual:adhd hersenafwijking,Restcluster: adhd hersenafwijking,P2,NONE,,adhd hersenafwijking,1,10.0,10.0,IGNORE_IRRELEVANT,none
residual:adhd veroorzaakt voeding,Restcluster: adhd veroorzaakt voeding,P2,NONE,,voeding veroorzaakt adhd,1,10.0,10.0,IGNORE_IRRELEVANT,none
residual:adhd away do go tics,Restcluster: adhd away do go tics,P2,NONE,,do adhd tics go away,1,10.0,10.0,IGNORE_IRRELEVANT,none
residual:adhd hersenziekte,Restcluster: adhd hersenziekte,P2,NONE,,is adhd een hersenziekte,2,10.0,20.0,IGNORE_IRRELEVANT,none
residual:adhd boeken,Restcluster: adhd boeken,P2,NONE,,boeken over adhd,3,10.0,30.0,IGNORE_IRRELEVANT,none
residual:adhd boek kooij sandra,Restcluster: adhd boek kooij sandra,P2,NONE,,sandra kooij adhd boek,1,10.0,10.0,IGNORE_IRRELEVANT,none
residual:adhd diet tips,Restcluster: adhd diet tips,P2,NONE,,adhd diet tips,1,10.0,10.0,IGNORE_IRRELEVANT,none
residual:adhd adults disorder,Restcluster: adhd adults disorder,P2,NONE,,adhd disorder adults,1,10.0,10.0,IGNORE_IRRELEVANT,none
residual:adhd exam tips,Restcluster: adhd exam tips,P2,NONE,,adhd exam tips,1,10.0,10.0,IGNORE_IRRELEVANT,none
residual:adhd middelbaar onderwijs,Restcluster: adhd middelbaar onderwijs,P2,NONE,,adhd middelbaar onderwijs,1,10.0,10.0,IGNORE_IRRELEVANT,none
residual:adhd cube fidget,Restcluster: adhd cube fidget,P2,NONE,,fidget cube adhd,1,10.0,10.0,IGNORE_IRRELEVANT,none
residual:adhd radboud,Restcluster: adhd radboud,P2,NONE,,radboud adhd,2,10.0,20.0,IGNORE_IRRELEVANT,none
residual:adhd remweg,Restcluster: adhd remweg,P2,NONE,,remweg adhd,1,10.0,10.0,IGNORE_IRRELEVANT,none
residual:adhd uitbarstingen woede,Restcluster: adhd uitbarstingen woede,P2,NONE,,adhd woede uitbarstingen,3,10.0,30.0,IGNORE_IRRELEVANT,none
residual:adhd informatieverwerking sensorische,Restcluster: adhd informatieverwerking sensorische,P2,NONE,,adhd en sensorische informatieverwerking,1,10.0,10.0,IGNORE_IRRELEVANT,none
residual:adhd recht wajong,Restcluster: adhd recht wajong,P2,NONE,,adhd recht op wajong,1,10.0,10.0,IGNORE_IRRELEVANT,none
residual:adhd dose low naltrexone,Restcluster: adhd dose low naltrexone,P2,NONE,,low dose naltrexone adhd,1,10.0,10.0,IGNORE_IRRELEVANT,none
residual:adhd effect stroop,Restcluster: adhd effect stroop,P2,NONE,,stroop effect adhd,1,10.0,10.0,IGNORE_IRRELEVANT,none
residual:adhd pots syndroom,Restcluster: adhd pots syndroom,P2,NONE,,pots syndroom adhd,1,10.0,10.0,IGNORE_IRRELEVANT,none
residual:adhd automutilatie,Restcluster: adhd automutilatie,P2,NONE,,automutilatie adhd,1,10.0,10.0,IGNORE_IRRELEVANT,none
residual:adhd wat wikikids,Restcluster: adhd wat wikikids,P2,NONE,,wat is adhd wikikids,1,10.0,10.0,IGNORE_IRRELEVANT,none
residual:adhd listening speed,Restcluster: adhd listening speed,P2,NONE,,speed listening adhd,1,10.0,10.0,IGNORE_IRRELEVANT,none
residual:adhd memory tips,Restcluster: adhd memory tips,P2,NONE,,adhd memory tips,1,10.0,10.0,IGNORE_IRRELEVANT,none
residual:adhd er gebeurt hersenen wat,Restcluster: adhd er gebeurt hersenen wat,P2,NONE,,wat gebeurt er in de hersenen bij adhd,1,10.0,10.0,IGNORE_IRRELEVANT,none
residual:8d adhd audio,Restcluster: 8d adhd audio,P2,NONE,,adhd 8d audio,1,10.0,10.0,IGNORE_IRRELEVANT,none
residual:adhd hyperfocus symptoms,Restcluster: adhd hyperfocus symptoms,P2,NONE,,symptoms of adhd hyperfocus,1,10.0,10.0,IGNORE_IRRELEVANT,none
residual:adhd quit smoking,Restcluster: adhd quit smoking,P2,NONE,,adhd quit smoking,1,10.0,10.0,IGNORE_IRRELEVANT,none
residual:adhd uitgeput,Restcluster: adhd uitgeput,P2,NONE,,adhd uitgeput,1,10.0,10.0,IGNORE_IRRELEVANT,none
residual:adhd sativa,Restcluster: adhd sativa,P2,NONE,,sativa adhd,1,10.0,10.0,IGNORE_IRRELEVANT,none
residual:adhd marriage tips,Restcluster: adhd marriage tips,P2,NONE,,adhd marriage tips,1,10.0,10.0,IGNORE_IRRELEVANT,none
residual:adhd developmental pediatrician,Restcluster: adhd developmental pediatrician,P2,NONE,,developmental pediatrician adhd,1,10.0,10.0,IGNORE_IRRELEVANT,none
residual:adhd does have homer simpson,Restcluster: adhd does have homer simpson,P2,NONE,,does homer simpson have adhd,1,10.0,10.0,IGNORE_IRRELEVANT,none
residual:adhd taurine,Restcluster: adhd taurine,P2,NONE,,taurine adhd,1,10.0,10.0,IGNORE_IRRELEVANT,none
residual:adhd autisme werken,Restcluster: adhd autisme werken,P2,MEDIUM,,werken met adhd en autisme,1,10.0,10.0,IGNORE_IRRELEVANT,none
residual:2020 adhd voeding,Restcluster: 2020 adhd voeding,P2,NONE,,adhd en voeding 2020,2,10.0,20.0,IGNORE_IRRELEVANT,none
residual:adhd psychoeducatie,Restcluster: adhd psychoeducatie,P2,NONE,,adhd psychoeducatie,1,10.0,10.0,IGNORE_IRRELEVANT,none
residual:adhd eetproblemen,Restcluster: adhd eetproblemen,P2,NONE,,adhd eetproblemen,2,10.0,20.0,IGNORE_IRRELEVANT,none
residual:adhd pi symptoms,Restcluster: adhd pi symptoms,P2,NONE,,symptoms of adhd pi,1,10.0,10.0,IGNORE_IRRELEVANT,none
residual:adhd hoe komt nederland vaak,Restcluster: adhd hoe komt nederland vaak,P2,NONE,,hoe vaak komt adhd voor in nederland,1,10.0,10.0,IGNORE_IRRELEVANT,none
residual:adhd ocd odd,Restcluster: adhd ocd odd,P2,NONE,,adhd odd ocd,1,10.0,10.0,IGNORE_IRRELEVANT,none
residual:adhd kinderbijslag verhoogd,Restcluster: adhd kinderbijslag verhoogd,P2,NONE,,verhoogd kinderbijslag adhd,1,10.0,10.0,IGNORE_IRRELEVANT,none
residual:adhd e621,Restcluster: adhd e621,P2,NONE,,e621 adhd,1,10.0,10.0,IGNORE_IRRELEVANT,none
residual:adhd adults for journal,Restcluster: adhd adults for journal,P2,NONE,,adhd journal for adults,1,10.0,10.0,IGNORE_IRRELEVANT,none
residual:adhd genezen kan worden,Restcluster: adhd genezen kan worden,P2,NONE,,kan adhd genezen worden,1,10.0,10.0,IGNORE_IRRELEVANT,none
residual:adhd treatment wikipedia,Restcluster: adhd treatment wikipedia,P2,NONE,,adhd treatment wikipedia,1,10.0,10.0,IGNORE_IRRELEVANT,none
residual:adhd werken zorg,Restcluster: adhd werken zorg,P2,NONE,,adhd en werken in de zorg,1,10.0,10.0,IGNORE_IRRELEVANT,none
residual:adhd meldplicht,Restcluster: adhd meldplicht,P2,NONE,,meldplicht adhd,1,10.0,10.0,IGNORE_IRRELEVANT,none
residual:adhd planne,Restcluster: adhd planne,P2,NONE,,adhd planne,1,10.0,10.0,IGNORE_IRRELEVANT,none
residual:adhd resonance stochastic,Restcluster: adhd resonance stochastic,P2,NONE,,stochastic resonance adhd,1,10.0,10.0,IGNORE_IRRELEVANT,none
residual:adhd deken verzwaarde,Restcluster: adhd deken verzwaarde,P2,NONE,,verzwaarde deken adhd,1,10.0,10.0,IGNORE_IRRELEVANT,none
residual:adhd terapia,Restcluster: adhd terapia,P2,NONE,,adhd terapia,2,10.0,20.0,IGNORE_IRRELEVANT,none
residual:adhd betekent dat wat,Restcluster: adhd betekent dat wat,P2,NONE,,adhd wat betekent dat,1,10.0,10.0,IGNORE_IRRELEVANT,none
residual:adhd adults malaysia,Restcluster: adhd adults malaysia,P2,NONE,,adhd in adults malaysia,1,10.0,10.0,IGNORE_IRRELEVANT,none
residual:adhd hulpmiddelen thuis,Restcluster: adhd hulpmiddelen thuis,P2,NONE,,adhd hulpmiddelen thuis,1,10.0,10.0,IGNORE_IRRELEVANT,none
residual:adhd contact number,Restcluster: adhd contact number,P2,NONE,,adhd contact number,1,10.0,10.0,IGNORE_IRRELEVANT,none
residual:adhd pdd,Restcluster: adhd pdd,P2,NONE,,pdd adhd,1,10.0,10.0,IGNORE_IRRELEVANT,none
residual:3 adhd latek,Restcluster: 3 adhd latek,P2,NONE,,adhd 3 latek,1,10.0,10.0,IGNORE_IRRELEVANT,none
residual:adhd zorgpad,Restcluster: adhd zorgpad,P2,NONE,,zorgpad adhd,2,10.0,20.0,IGNORE_IRRELEVANT,none
residual:adhd cdc gov,Restcluster: adhd cdc gov,P2,NONE,,cdc gov adhd,2,10.0,20.0,IGNORE_IRRELEVANT,none
residual:adhd klas omgaan,Restcluster: adhd klas omgaan,P2,NONE,,omgaan met adhd in de klas,1,10.0,10.0,IGNORE_IRRELEVANT,none
residual:adhd eeg scan,Restcluster: adhd eeg scan,P2,NONE,,eeg scan adhd,1,10.0,10.0,IGNORE_IRRELEVANT,none
residual:adhd pea,Restcluster: adhd pea,P2,NONE,,pea adhd,1,10.0,10.0,IGNORE_IRRELEVANT,none
residual:adhd katten,Restcluster: adhd katten,P2,NONE,,adhd bij katten,1,10.0,10.0,IGNORE_IRRELEVANT,none
residual:adhd cordyceps,Restcluster: adhd cordyceps,P2,NONE,,cordyceps adhd,1,10.0,10.0,IGNORE_IRRELEVANT,none
residual:adhd liegen veel,Restcluster: adhd liegen veel,P2,NONE,,adhd en veel liegen,1,10.0,10.0,IGNORE_IRRELEVANT,none
residual:adhd brain normal scan,Restcluster: adhd brain normal scan,P2,NONE,,adhd brain scan vs normal,2,10.0,20.0,IGNORE_IRRELEVANT,none
residual:adhd ferrari ferry,Restcluster: adhd ferrari ferry,P2,NONE,,ferry ferrari adhd,1,10.0,10.0,IGNORE_IRRELEVANT,none
residual:adderall adhd effects non on patients,Restcluster: adderall adhd effects non on patients,P2,NONE,,adderall effects on non adhd patients,1,10.0,10.0,IGNORE_IRRELEVANT,none
residual:adhd partner survey,Restcluster: adhd partner survey,P2,NONE,,adhd partner survey,1,10.0,10.0,IGNORE_IRRELEVANT,none
residual:adhd psychiatrie,Restcluster: adhd psychiatrie,P2,NONE,,psychiatrie adhd,1,10.0,10.0,IGNORE_IRRELEVANT,none
residual:adhd business coach,Restcluster: adhd business coach,P2,NONE,,adhd business coach,1,10.0,10.0,IGNORE_IRRELEVANT,none
residual:adhd adults gifts,Restcluster: adhd adults gifts,P2,NONE,,adhd gifts adults,1,10.0,10.0,IGNORE_IRRELEVANT,none
residual:adhd poli volwassenen,Restcluster: adhd poli volwassenen,P2,NONE,,adhd poli volwassenen,1,10.0,10.0,IGNORE_IRRELEVANT,none
residual:adhd ongelooflijk,Restcluster: adhd ongelooflijk,P2,NONE,,ongelooflijk adhd,1,10.0,10.0,IGNORE_IRRELEVANT,none
residual:3 adhd age,Restcluster: 3 adhd age,P2,NONE,,adhd age 3,1,10.0,10.0,IGNORE_IRRELEVANT,none
residual:adhd daydreaming maladaptive,Restcluster: adhd daydreaming maladaptive,P2,NONE,,maladaptive daydreaming adhd,1,10.0,10.0,IGNORE_IRRELEVANT,none
residual:adhd verzonnen ziekte,Restcluster: adhd verzonnen ziekte,P2,NONE,,adhd verzonnen ziekte,1,10.0,10.0,IGNORE_IRRELEVANT,none
residual:adhd camps me near summer,Restcluster: adhd camps me near summer,P2,NONE,,adhd summer camps near me,1,10.0,10.0,IGNORE_IRRELEVANT,none
residual:adhd classroom strategies,Restcluster: adhd classroom strategies,P2,NONE,,adhd strategies classroom,1,10.0,10.0,IGNORE_IRRELEVANT,none
residual:adhd eliminatiedieet,Restcluster: adhd eliminatiedieet,P2,NONE,,adhd eliminatiedieet,2,10.0,20.0,IGNORE_IRRELEVANT,none
residual:adhd embarrassment,Restcluster: adhd embarrassment,P2,NONE,,adhd embarrassment,1,10.0,10.0,IGNORE_IRRELEVANT,none
residual:adhd china,Restcluster: adhd china,P2,NONE,,china adhd,1,10.0,10.0,IGNORE_IRRELEVANT,none
residual:adhd hoe mensen relatie,Restcluster: adhd hoe mensen relatie,P2,NONE,,hoe zijn mensen met adhd in een relatie,1,10.0,10.0,IGNORE_IRRELEVANT,none
residual:5 adhd latka u,Restcluster: 5 adhd latka u,P2,NONE,,adhd u 5 latka,1,10.0,10.0,IGNORE_IRRELEVANT,none
residual:adhd communicatieproblemen,Restcluster: adhd communicatieproblemen,P2,NONE,,adhd communicatieproblemen,1,10.0,10.0,IGNORE_IRRELEVANT,none
residual:5 adhd types,Restcluster: 5 adhd types,P2,NONE,,adhd 5 types,1,10.0,10.0,IGNORE_IRRELEVANT,none
residual:adhd cathelijne wildervanck,Restcluster: adhd cathelijne wildervanck,P2,NONE,,cathelijne wildervanck adhd,1,10.0,10.0,IGNORE_IRRELEVANT,none
residual:adhd anlami turkce,Restcluster: adhd anlami turkce,P2,NONE,,adhd turkce anlami,1,10.0,10.0,IGNORE_IRRELEVANT,none
residual:adhd d vitamin,Restcluster: adhd d vitamin,P2,NONE,,vitamin d adhd,1,10.0,10.0,IGNORE_IRRELEVANT,none
residual:adhd productivity tips,Restcluster: adhd productivity tips,P2,NONE,,adhd productivity tips,1,10.0,10.0,IGNORE_IRRELEVANT,none
residual:adhd biotics doet wat,Restcluster: adhd biotics doet wat,P2,NONE,,wat doet adhd van biotics,1,10.0,10.0,IGNORE_IRRELEVANT,none
residual:adhd mate yerba,Restcluster: adhd mate yerba,P2,NONE,,yerba mate adhd,1,10.0,10.0,IGNORE_IRRELEVANT,none
residual:adhd history wikipedia,Restcluster: adhd history wikipedia,P2,NONE,,adhd history wikipedia,1,10.0,10.0,IGNORE_IRRELEVANT,none
residual:adhd natuurlijk,Restcluster: adhd natuurlijk,P2,NONE,,adhd natuurlijk,1,10.0,10.0,IGNORE_IRRELEVANT,none
residual:adhd kinder kinder,Restcluster: adhd kinder kinder,P2,NONE,,kinder voor kinder adhd,1,10.0,10.0,IGNORE_IRRELEVANT,none
residual:adhd neurologist testing,Restcluster: adhd neurologist testing,P2,NONE,,neurologist adhd testing,1,10.0,10.0,IGNORE_IRRELEVANT,none
residual:adhd pictogram,Restcluster: adhd pictogram,P2,NONE,,pictogram adhd,1,10.0,10.0,IGNORE_IRRELEVANT,none
residual:adhd assessment process uk,Restcluster: adhd assessment process uk,P2,NONE,,adhd assessment process uk,1,10.0,10.0,IGNORE_IRRELEVANT,none
residual:adhd bosman dr,Restcluster: adhd bosman dr,P2,NONE,,dr bosman adhd,1,10.0,10.0,IGNORE_IRRELEVANT,none
residual:adhd kosten onderzoek volwassenen,Restcluster: adhd kosten onderzoek volwassenen,P2,NONE,,adhd onderzoek volwassenen kosten,1,10.0,10.0,IGNORE_IRRELEVANT,none
residual:5 adhd jarige,Restcluster: 5 adhd jarige,P2,NONE,,adhd 5 jarige,1,10.0,10.0,IGNORE_IRRELEVANT,none
residual:adhd excessive talking,Restcluster: adhd excessive talking,P2,NONE,,excessive talking adhd,2,10.0,20.0,IGNORE_IRRELEVANT,none
residual:adhd weekplanning,Restcluster: adhd weekplanning,P2,NONE,,weekplanning adhd,1,10.0,10.0,IGNORE_IRRELEVANT,none
residual:adhd crocus sativus,Restcluster: adhd crocus sativus,P2,NONE,,crocus sativus adhd,1,10.0,10.0,IGNORE_IRRELEVANT,none
residual:adhd verslag,Restcluster: adhd verslag,P2,NONE,,verslag adhd,1,10.0,10.0,IGNORE_IRRELEVANT,none
residual:adhd niet,Restcluster: adhd niet,P2,NONE,,adhd of niet,1,10.0,10.0,IGNORE_IRRELEVANT,none
residual:adhd scorelijst,Restcluster: adhd scorelijst,P2,NONE,,scorelijst adhd,2,10.0,20.0,IGNORE_IRRELEVANT,none
residual:adhd clothing,Restcluster: adhd clothing,P2,NONE,,adhd clothing,1,10.0,10.0,IGNORE_IRRELEVANT,none
residual:add adhd autisme oog rijinstructie,Restcluster: add adhd autisme oog rijinstructie,P2,MEDIUM,,rijinstructie met oog voor autisme en adhd add,1,10.0,10.0,IGNORE_IRRELEVANT,none
residual:adhd adults causes what,Restcluster: adhd adults causes what,P2,NONE,,what causes adhd in adults,1,10.0,10.0,IGNORE_IRRELEVANT,none
residual:adhd problemen volwassenen,Restcluster: adhd problemen volwassenen,P2,NONE,,adhd volwassenen problemen,1,10.0,10.0,IGNORE_IRRELEVANT,none
residual:adhd kampen,Restcluster: adhd kampen,P2,NONE,,adhd kampen,1,10.0,10.0,IGNORE_IRRELEVANT,none
residual:adhd medical student with,Restcluster: adhd medical student with,P2,NONE,,medical student with adhd,1,10.0,10.0,IGNORE_IRRELEVANT,none
residual:adhd dennis,Restcluster: adhd dennis,P2,NONE,,dennis adhd,2,10.0,20.0,IGNORE_IRRELEVANT,none
residual:2 adhd mmpi,Restcluster: 2 adhd mmpi,P2,NONE,,mmpi 2 adhd,1,10.0,10.0,IGNORE_IRRELEVANT,none
residual:adhd fluvoxamine,Restcluster: adhd fluvoxamine,P2,NONE,,fluvoxamine adhd,1,10.0,10.0,IGNORE_IRRELEVANT,none
residual:adhd centraal ervaringen,Restcluster: adhd centraal ervaringen,P2,NONE,,adhd centraal ervaringen,1,10.0,10.0,IGNORE_IRRELEVANT,none
residual:adderall adhd without,Restcluster: adderall adhd without,P2,NONE,,adderall without adhd,1,10.0,10.0,IGNORE_IRRELEVANT,none
residual:adhd nervous tics,Restcluster: adhd nervous tics,P2,NONE,,adhd nervous tics,1,10.0,10.0,IGNORE_IRRELEVANT,none
residual:adhd dysthymia,Restcluster: adhd dysthymia,P2,NONE,,dysthymia adhd,1,10.0,10.0,IGNORE_IRRELEVANT,none
residual:adhd reading tips,Restcluster: adhd reading tips,P2,NONE,,adhd reading tips,1,10.0,10.0,IGNORE_IRRELEVANT,none
residual:adhd medikament,Restcluster: adhd medikament,P2,NONE,,medikament adhd,1,10.0,10.0,IGNORE_IRRELEVANT,none
residual:adhd rusteloosheid,Restcluster: adhd rusteloosheid,P2,NONE,,rusteloosheid adhd,1,10.0,10.0,IGNORE_IRRELEVANT,none
residual:adhd adults relationships,Restcluster: adhd adults relationships,P2,NONE,,adhd in adults relationships,1,10.0,10.0,IGNORE_IRRELEVANT,none
residual:adhd powerpoint presentatie,Restcluster: adhd powerpoint presentatie,P2,NONE,,adhd powerpoint presentatie,2,10.0,20.0,IGNORE_IRRELEVANT,none
residual:adhd godin seth,Restcluster: adhd godin seth,P2,NONE,,seth godin adhd,1,10.0,10.0,IGNORE_IRRELEVANT,none
residual:adhd intelligentie lage,Restcluster: adhd intelligentie lage,P2,NONE,,adhd en lage intelligentie,1,10.0,10.0,IGNORE_IRRELEVANT,none
residual:adderall adhd loss reddit weight,Restcluster: adderall adhd loss reddit weight,P2,NONE,,adderall adhd weight loss reddit,1,10.0,10.0,IGNORE_IRRELEVANT,none
residual:adhd alternatieve geneeswijzen,Restcluster: adhd alternatieve geneeswijzen,P2,NONE,,adhd alternatieve geneeswijzen,2,10.0,20.0,IGNORE_IRRELEVANT,none
residual:adhd and cd odd,Restcluster: adhd and cd odd,P2,NONE,,adhd odd and cd,1,10.0,10.0,IGNORE_IRRELEVANT,none
residual:adhd mutism selective,Restcluster: adhd mutism selective,P2,NONE,,selective mutism adhd,1,10.0,10.0,IGNORE_IRRELEVANT,none
residual:adhd kleurstoffen,Restcluster: adhd kleurstoffen,P2,NONE,,kleurstoffen adhd,2,10.0,20.0,IGNORE_IRRELEVANT,none
residual:adhd dyspraxia,Restcluster: adhd dyspraxia,P2,NONE,,dyspraxia adhd,1,10.0,10.0,IGNORE_IRRELEVANT,none
residual:adhd empath with,Restcluster: adhd empath with,P2,NONE,,empath with adhd,1,10.0,10.0,IGNORE_IRRELEVANT,none
residual:aaqol adhd,Restcluster: aaqol adhd,P2,NONE,,aaqol adhd,1,10.0,10.0,IGNORE_IRRELEVANT,none
residual:adhd eerlijkheid,Restcluster: adhd eerlijkheid,P2,NONE,,adhd eerlijkheid,1,10.0,10.0,IGNORE_IRRELEVANT,none
residual:adhd tics verbal,Restcluster: adhd tics verbal,P2,NONE,,adhd verbal tics,1,10.0,10.0,IGNORE_IRRELEVANT,none
residual:adhd bach druppels,Restcluster: adhd bach druppels,P2,NONE,,bach druppels adhd,1,10.0,10.0,IGNORE_IRRELEVANT,none
residual:adhd for music sleep,Restcluster: adhd for music sleep,P2,NONE,,sleep music for adhd,1,10.0,10.0,IGNORE_IRRELEVANT,none
residual:adhd mom single with,Restcluster: adhd mom single with,P2,NONE,,single mom with adhd,1,10.0,10.0,IGNORE_IRRELEVANT,none
residual:adhd dieet voeding,Restcluster: adhd dieet voeding,P2,NONE,,voeding adhd dieet,2,10.0,20.0,IGNORE_IRRELEVANT,none
residual:adhd mensen succesvolle,Restcluster: adhd mensen succesvolle,P2,NONE,,succesvolle mensen met adhd,1,10.0,10.0,IGNORE_IRRELEVANT,none
residual:adhd living mindwise young,Restcluster: adhd living mindwise young,P2,NONE,,mindwise young living adhd,1,10.0,10.0,IGNORE_IRRELEVANT,none
residual:adhd webmd,Restcluster: adhd webmd,P2,NONE,,webmd adhd,1,10.0,10.0,IGNORE_IRRELEVANT,none
residual:adhd ring,Restcluster: adhd ring,P2,NONE,,adhd ring,1,10.0,10.0,IGNORE_IRRELEVANT,none
residual:adhd chiropractor,Restcluster: adhd chiropractor,P2,NONE,,adhd chiropractor,1,10.0,10.0,IGNORE_IRRELEVANT,none
residual:adhd pluspunten poster,Restcluster: adhd pluspunten poster,P2,NONE,,poster pluspunten adhd,1,10.0,10.0,IGNORE_IRRELEVANT,none
residual:0 adhd f90,Restcluster: 0 adhd f90,P2,NONE,,adhd f90 0,1,10.0,10.0,IGNORE_IRRELEVANT,none
residual:adhd meaning russian,Restcluster: adhd meaning russian,P2,NONE,,adhd meaning in russian,1,10.0,10.0,IGNORE_IRRELEVANT,none
residual:adhd doterra,Restcluster: adhd doterra,P2,NONE,,doterra adhd,1,10.0,10.0,IGNORE_IRRELEVANT,none
residual:adhd klachten volwassenen,Restcluster: adhd klachten volwassenen,P2,NONE,,klachten adhd bij volwassenen,1,10.0,10.0,IGNORE_IRRELEVANT,none
residual:adhd epilepsie verband,Restcluster: adhd epilepsie verband,P2,NONE,,verband adhd en epilepsie,1,10.0,10.0,IGNORE_IRRELEVANT,none
residual:adhd misophonia,Restcluster: adhd misophonia,P2,NONE,,misophonia adhd,1,10.0,10.0,IGNORE_IRRELEVANT,none
residual:adhd e sam,Restcluster: adhd e sam,P2,NONE,,sam-e adhd,2,10.0,20.0,IGNORE_IRRELEVANT,none
residual:adhd frontale kwab,Restcluster: adhd frontale kwab,P2,NONE,,frontale kwab adhd,1,10.0,10.0,IGNORE_IRRELEVANT,none
residual:adhd affect does how reading,Restcluster: adhd affect does how reading,P2,NONE,,how does adhd affect reading,1,10.0,10.0,IGNORE_IRRELEVANT,none
residual:adhd for ring spinner,Restcluster: adhd for ring spinner,P2,NONE,,spinner ring for adhd,1,10.0,10.0,IGNORE_IRRELEVANT,none
residual:aanvraag adhd pgb,Restcluster: aanvraag adhd pgb,P2,NONE,,aanvraag pgb adhd,1,10.0,10.0,IGNORE_IRRELEVANT,none
residual:adhd amsterdam poli,Restcluster: adhd amsterdam poli,P2,NONE,,adhd poli amsterdam,1,10.0,10.0,IGNORE_IRRELEVANT,none
residual:adhd adults and depression,Restcluster: adhd adults and depression,P2,NONE,,adhd in adults and depression,1,10.0,10.0,IGNORE_IRRELEVANT,none
residual:adhd behandelcentrum,Restcluster: adhd behandelcentrum,P2,NONE,,behandelcentrum adhd,2,10.0,20.0,IGNORE_IRRELEVANT,none
residual:adhd clonidine xr,Restcluster: adhd clonidine xr,P2,NONE,,clonidine xr adhd,1,10.0,10.0,IGNORE_IRRELEVANT,none
residual:adhd creatief,Restcluster: adhd creatief,P2,NONE,,adhd creatief,1,10.0,10.0,IGNORE_IRRELEVANT,none
residual:adhd fast processing speed,Restcluster: adhd fast processing speed,P2,NONE,,adhd fast processing speed,2,10.0,20.0,IGNORE_IRRELEVANT,none
residual:30 adhd rule,Restcluster: 30 adhd rule,P2,NONE,,adhd 30 rule,2,10.0,20.0,IGNORE_IRRELEVANT,none
residual:adhd zelfvertrouwen,Restcluster: adhd zelfvertrouwen,P2,NONE,,adhd zelfvertrouwen,1,10.0,10.0,IGNORE_IRRELEVANT,none
residual:add adhd volwassenen,Restcluster: add adhd volwassenen,P2,NONE,,add adhd volwassenen,1,10.0,10.0,IGNORE_IRRELEVANT,none
residual:adhd jgz richtlijn,Restcluster: adhd jgz richtlijn,P2,NONE,,jgz richtlijn adhd,1,10.0,10.0,IGNORE_IRRELEVANT,none
residual:adhd signs studying while,Restcluster: adhd signs studying while,P2,NONE,,signs of adhd while studying,1,10.0,10.0,IGNORE_IRRELEVANT,none
residual:adhd disorder system template,Restcluster: adhd disorder system template,P2,NONE,,adhd system disorder template,1,10.0,10.0,IGNORE_IRRELEVANT,none
residual:adhd cathelijne centrum wildervanck,Restcluster: adhd cathelijne centrum wildervanck,P2,NONE,,cathelijne wildervanck adhd centrum,1,10.0,10.0,IGNORE_IRRELEVANT,none
residual:adhd jenter,Restcluster: adhd jenter,P2,NONE,,jenter adhd,1,10.0,10.0,IGNORE_IRRELEVANT,none
residual:adhd uitzendbureau,Restcluster: adhd uitzendbureau,P2,NONE,,uitzendbureau adhd,1,10.0,10.0,IGNORE_IRRELEVANT,none
residual:adhd rijtest,Restcluster: adhd rijtest,P2,NONE,,rijtest adhd,2,10.0,20.0,IGNORE_IRRELEVANT,none
residual:adhd hypofrontality,Restcluster: adhd hypofrontality,P2,NONE,,hypofrontality adhd,1,10.0,10.0,IGNORE_IRRELEVANT,none
residual:adhd hoe klas omgaan,Restcluster: adhd hoe klas omgaan,P2,NONE,,hoe omgaan met adhd in de klas,1,10.0,10.0,IGNORE_IRRELEVANT,none
residual:adhd counseling,Restcluster: adhd counseling,P2,NONE,,adhd counseling,2,10.0,20.0,IGNORE_IRRELEVANT,none
residual:adhd and codependency,Restcluster: adhd and codependency,P2,NONE,,codependency and adhd,1,10.0,10.0,IGNORE_IRRELEVANT,none
residual:adhd liegen stelen,Restcluster: adhd liegen stelen,P2,NONE,,adhd stelen liegen,1,10.0,10.0,IGNORE_IRRELEVANT,none
residual:adhd verzekering,Restcluster: adhd verzekering,P2,NONE,,verzekering adhd,2,10.0,20.0,IGNORE_IRRELEVANT,none
residual:adhd emoties volwassenen,Restcluster: adhd emoties volwassenen,P2,NONE,,adhd en emoties volwassenen,1,10.0,10.0,IGNORE_IRRELEVANT,none
residual:adhd orexin,Restcluster: adhd orexin,P2,NONE,,orexin adhd,1,10.0,10.0,IGNORE_IRRELEVANT,none
residual:adhd nhg,Restcluster: adhd nhg,P2,NONE,,adhd nhg,2,10.0,20.0,IGNORE_IRRELEVANT,none
residual:adhd slaaptips,Restcluster: adhd slaaptips,P2,NONE,,adhd slaaptips,1,10.0,10.0,IGNORE_IRRELEVANT,none
residual:adhd brain exercises for gym,Restcluster: adhd brain exercises for gym,P2,NONE,,brain gym exercises for adhd,1,10.0,10.0,IGNORE_IRRELEVANT,none
residual:add adhd testi,Restcluster: add adhd testi,P2,NONE,,adhd add testi,1,10.0,10.0,IGNORE_IRRELEVANT,none
residual:adhd odd treatment,Restcluster: adhd odd treatment,P2,NONE,,adhd odd treatment,1,10.0,10.0,IGNORE_IRRELEVANT,none
residual:adhd hersenonderzoek,Restcluster: adhd hersenonderzoek,P2,NONE,,hersenonderzoek adhd,1,10.0,10.0,IGNORE_IRRELEVANT,none
residual:adhd chemicals for research,Restcluster: adhd chemicals for research,P2,NONE,,research chemicals for adhd,1,10.0,10.0,IGNORE_IRRELEVANT,none
residual:adhd dosage for l reddit tyrosine,Restcluster: adhd dosage for l reddit tyrosine,P2,NONE,,l tyrosine dosage for adhd reddit,2,10.0,20.0,IGNORE_IRRELEVANT,none
residual:adhd adults can cause tics,Restcluster: adhd adults can cause tics,P2,NONE,,can adhd cause tics in adults,1,10.0,10.0,IGNORE_IRRELEVANT,none
residual:adhd tics volwassenen,Restcluster: adhd tics volwassenen,P2,NONE,,adhd en tics volwassenen,1,10.0,10.0,IGNORE_IRRELEVANT,none
residual:adhd greek meaning,Restcluster: adhd greek meaning,P2,NONE,,adhd meaning greek,1,10.0,10.0,IGNORE_IRRELEVANT,none
residual:adhd does have stewie,Restcluster: adhd does have stewie,P2,NONE,,does stewie have adhd,1,10.0,10.0,IGNORE_IRRELEVANT,none
residual:adhd poli rotterdam,Restcluster: adhd poli rotterdam,P2,NONE,,adhd poli rotterdam,1,10.0,10.0,IGNORE_IRRELEVANT,none
residual:adhd me near specialist,Restcluster: adhd me near specialist,P2,NONE,,adhd specialist near me,1,10.0,10.0,IGNORE_IRRELEVANT,none
residual:adhd treatment wiki,Restcluster: adhd treatment wiki,P2,NONE,,adhd treatment wiki,1,10.0,10.0,IGNORE_IRRELEVANT,none
residual:adhd for memory training,Restcluster: adhd for memory training,P2,NONE,,memory training for adhd,1,10.0,10.0,IGNORE_IRRELEVANT,none
residual:3 adhd subtypes,Restcluster: 3 adhd subtypes,P2,NONE,,adhd 3 subtypes,1,10.0,10.0,IGNORE_IRRELEVANT,none
residual:adhd does dory have,Restcluster: adhd does dory have,P2,NONE,,does dory have adhd,1,10.0,10.0,IGNORE_IRRELEVANT,none
residual:adhd nodig slaap veel,Restcluster: adhd nodig slaap veel,P2,NONE,,adhd veel slaap nodig,1,10.0,10.0,IGNORE_IRRELEVANT,none
residual:adhd maand,Restcluster: adhd maand,P2,NONE,,adhd maand,1,10.0,10.0,IGNORE_IRRELEVANT,none
residual:adhd jongvolwassenen,Restcluster: adhd jongvolwassenen,P2,NONE,,adhd bij jongvolwassenen,1,10.0,10.0,IGNORE_IRRELEVANT,none
residual:3 adhd forum latka objawy u,Restcluster: 3 adhd forum latka objawy u,P2,NONE,,adhd u 3 latka objawy forum,1,10.0,10.0,IGNORE_IRRELEVANT,none
residual:adhd ephedra,Restcluster: adhd ephedra,P2,NONE,,ephedra adhd,1,10.0,10.0,IGNORE_IRRELEVANT,none
residual:adhd grappen,Restcluster: adhd grappen,P2,NONE,,adhd grappen,1,10.0,10.0,IGNORE_IRRELEVANT,none
residual:adhd med,Restcluster: adhd med,P2,NONE,,med adhd,1,10.0,10.0,IGNORE_IRRELEVANT,none
residual:adhd dhea,Restcluster: adhd dhea,P2,NONE,,dhea adhd,1,10.0,10.0,IGNORE_IRRELEVANT,none
residual:adhd clomipramine,Restcluster: adhd clomipramine,P2,NONE,,clomipramine adhd,1,10.0,10.0,IGNORE_IRRELEVANT,none
residual:2021 adhd,Restcluster: 2021 adhd,P2,NONE,,adhd 2021,1,10.0,10.0,IGNORE_IRRELEVANT,none
residual:adhd alpha gpc,Restcluster: adhd alpha gpc,P2,NONE,,alpha gpc adhd,1,10.0,10.0,IGNORE_IRRELEVANT,none
residual:2021 adhd vergoeding,Restcluster: 2021 adhd vergoeding,P2,NONE,,adhd vergoeding 2021,1,10.0,10.0,IGNORE_IRRELEVANT,none
residual:adhd memorization tips,Restcluster: adhd memorization tips,P2,NONE,,adhd memorization tips,1,10.0,10.0,IGNORE_IRRELEVANT,none
residual:adhd oververmoeid,Restcluster: adhd oververmoeid,P2,NONE,,adhd oververmoeid,1,10.0,10.0,IGNORE_IRRELEVANT,none
residual:adhd schoolagenda,Restcluster: adhd schoolagenda,P2,NONE,,schoolagenda adhd,1,10.0,10.0,IGNORE_IRRELEVANT,none
residual:5 adhd diva free,Restcluster: 5 adhd diva free,P2,NONE,,diva 5 adhd free,2,10.0,20.0,IGNORE_IRRELEVANT,none
residual:adhd français meaning,Restcluster: adhd français meaning,P2,NONE,,adhd meaning en français,1,10.0,10.0,IGNORE_IRRELEVANT,none
residual:adhd uva,Restcluster: adhd uva,P2,NONE,,adhd uva,1,10.0,10.0,IGNORE_IRRELEVANT,none
residual:adhd for vyvanse,Restcluster: adhd for vyvanse,P2,NONE,,vyvanse for adhd,1,10.0,10.0,IGNORE_IRRELEVANT,none
residual:adhd organiseren plannen training,Restcluster: adhd organiseren plannen training,P2,NONE,,training plannen en organiseren adhd,1,10.0,10.0,IGNORE_IRRELEVANT,none
residual:adhd do enfps have,Restcluster: adhd do enfps have,P2,NONE,,do enfps have adhd,1,10.0,10.0,IGNORE_IRRELEVANT,none
residual:adhd draadstaal,Restcluster: adhd draadstaal,P2,NONE,,draadstaal adhd,1,10.0,10.0,IGNORE_IRRELEVANT,none
residual:adhd hoezo,Restcluster: adhd hoezo,P2,NONE,,hoezo adhd,1,10.0,10.0,IGNORE_IRRELEVANT,none
residual:adhd for students tips with,Restcluster: adhd for students tips with,P2,NONE,,tips for students with adhd,1,10.0,10.0,IGNORE_IRRELEVANT,none
residual:adhd basisschool spreekbeurt,Restcluster: adhd basisschool spreekbeurt,P2,NONE,,spreekbeurt adhd basisschool,3,10.0,30.0,IGNORE_IRRELEVANT,none
residual:adhd examples tics,Restcluster: adhd examples tics,P2,NONE,,adhd tics examples,1,10.0,10.0,IGNORE_IRRELEVANT,none
residual:adhd cantab,Restcluster: adhd cantab,P2,NONE,,cantab adhd,1,10.0,10.0,IGNORE_IRRELEVANT,none
residual:adhd goirle,Restcluster: adhd goirle,P2,NONE,,adhd goirle,1,10.0,10.0,IGNORE_IRRELEVANT,none
residual:adhd baas brammetje,Restcluster: adhd baas brammetje,P2,NONE,,brammetje baas adhd,1,10.0,10.0,IGNORE_IRRELEVANT,none
residual:adhd leerproblemen,Restcluster: adhd leerproblemen,P2,NONE,,adhd en leerproblemen,3,10.0,30.0,IGNORE_IRRELEVANT,none
residual:adhd coach tilburg,Restcluster: adhd coach tilburg,P2,NONE,,adhd coach tilburg,1,10.0,10.0,IGNORE_IRRELEVANT,none
residual:adhd journals medical on,Restcluster: adhd journals medical on,P2,NONE,,medical journals on adhd,1,10.0,10.0,IGNORE_IRRELEVANT,none
residual:abilify adhd,Restcluster: abilify adhd,P2,NONE,,abilify adhd,1,10.0,10.0,IGNORE_IRRELEVANT,none
residual:adhd gray john,Restcluster: adhd gray john,P2,NONE,,john gray adhd,1,10.0,10.0,IGNORE_IRRELEVANT,none
residual:adhd teacher tips,Restcluster: adhd teacher tips,P2,NONE,,adhd teacher tips,1,10.0,10.0,IGNORE_IRRELEVANT,none
residual:adhd chair rocking,Restcluster: adhd chair rocking,P2,NONE,,rocking chair adhd,1,10.0,10.0,IGNORE_IRRELEVANT,none
residual:adhd herken hoe volwassenen,Restcluster: adhd herken hoe volwassenen,P2,NONE,,hoe herken je adhd bij volwassenen,1,10.0,10.0,IGNORE_IRRELEVANT,none
residual:adhd hondenschool,Restcluster: adhd hondenschool,P2,NONE,,adhd hondenschool,2,10.0,20.0,IGNORE_IRRELEVANT,none
residual:adhd nyc specialist,Restcluster: adhd nyc specialist,P2,NONE,,adhd specialist nyc,1,10.0,10.0,IGNORE_IRRELEVANT,none
residual:6 adhd month old signs,Restcluster: 6 adhd month old signs,P2,NONE,,signs of adhd in 6 month old,1,10.0,10.0,IGNORE_IRRELEVANT,none
residual:adhd nascholing,Restcluster: adhd nascholing,P2,NONE,,nascholing adhd,1,10.0,10.0,IGNORE_IRRELEVANT,none
residual:adhd ideas journal,Restcluster: adhd ideas journal,P2,NONE,,adhd journal ideas,1,10.0,10.0,IGNORE_IRRELEVANT,none
residual:2 adhd types what,Restcluster: 2 adhd types what,P2,NONE,,what is the 2 types of adhd,1,10.0,10.0,IGNORE_IRRELEVANT,none
residual:3 3 adhd maal negen,Restcluster: 3 3 adhd maal negen,P2,NONE,,3 maal 3 is negen adhd,1,10.0,10.0,IGNORE_IRRELEVANT,none
residual:adhd fast sign talking,Restcluster: adhd fast sign talking,P2,NONE,,is talking fast a sign of adhd,1,10.0,10.0,IGNORE_IRRELEVANT,none
residual:adhd glossy,Restcluster: adhd glossy,P2,NONE,,adhd glossy,1,10.0,10.0,IGNORE_IRRELEVANT,none
residual:adhd hoogbegaafd hoogsensitief,Restcluster: adhd hoogbegaafd hoogsensitief,P2,NONE,,hoogbegaafd hoogsensitief adhd,1,10.0,10.0,IGNORE_IRRELEVANT,none
residual:adhd courtney love,Restcluster: adhd courtney love,P2,NONE,,courtney love adhd,1,10.0,10.0,IGNORE_IRRELEVANT,none
residual:adhd driving tips,Restcluster: adhd driving tips,P2,NONE,,adhd driving tips,1,10.0,10.0,IGNORE_IRRELEVANT,none
residual:adhd lieveheersbeestje,Restcluster: adhd lieveheersbeestje,P2,NONE,,lieveheersbeestje met adhd,1,10.0,10.0,IGNORE_IRRELEVANT,none
residual:adhd do have i reddit,Restcluster: adhd do have i reddit,P2,NONE,,do i have adhd reddit,1,10.0,10.0,IGNORE_IRRELEVANT,none
residual:adhd gamification,Restcluster: adhd gamification,P2,NONE,,gamification adhd,1,10.0,10.0,IGNORE_IRRELEVANT,none
residual:5 adhd and htp l tyrosine,Restcluster: 5 adhd and htp l tyrosine,P2,NONE,,l tyrosine and 5 htp adhd,2,10.0,20.0,IGNORE_IRRELEVANT,none
residual:adhd geen hebt rilatine,Restcluster: adhd geen hebt rilatine,P2,NONE,,rilatine als je geen adhd hebt,1,10.0,10.0,IGNORE_IRRELEVANT,none
residual:adhd vroeggeboorte,Restcluster: adhd vroeggeboorte,P2,NONE,,adhd vroeggeboorte,1,10.0,10.0,IGNORE_IRRELEVANT,none
residual:adhd begeleid hoe iemand,Restcluster: adhd begeleid hoe iemand,P2,NONE,,hoe begeleid je iemand met adhd,1,10.0,10.0,IGNORE_IRRELEVANT,none
residual:adhd debilitating,Restcluster: adhd debilitating,P2,NONE,,debilitating adhd,1,10.0,10.0,IGNORE_IRRELEVANT,none
residual:adhd autisme kenniscentrum nijmegen,Restcluster: adhd autisme kenniscentrum nijmegen,P2,MEDIUM,,kenniscentrum adhd en autisme nijmegen,1,10.0,10.0,IGNORE_IRRELEVANT,none
residual:adhd dag wereld,Restcluster: adhd dag wereld,P2,NONE,,wereld adhd dag,1,10.0,10.0,IGNORE_IRRELEVANT,none
residual:adhd biohacking,Restcluster: adhd biohacking,P2,NONE,,biohacking adhd,1,10.0,10.0,IGNORE_IRRELEVANT,none
residual:5 adhd for htp reddit,Restcluster: 5 adhd for htp reddit,P2,NONE,,5 htp for adhd reddit,2,10.0,20.0,IGNORE_IRRELEVANT,none
residual:adhd chair for special,Restcluster: adhd chair for special,P2,NONE,,special chair for adhd,1,10.0,10.0,IGNORE_IRRELEVANT,none
residual:adhd kendrick lamar,Restcluster: adhd kendrick lamar,P2,NONE,,kendrick lamar adhd,1,10.0,10.0,IGNORE_IRRELEVANT,none
residual:adhd eigenschappen positieve poster,Restcluster: adhd eigenschappen positieve poster,P2,NONE,,positieve eigenschappen adhd poster,1,10.0,10.0,IGNORE_IRRELEVANT,none
residual:adhd zware,Restcluster: adhd zware,P2,NONE,,zware adhd,1,10.0,10.0,IGNORE_IRRELEVANT,none
residual:adhd adults rebound,Restcluster: adhd adults rebound,P2,NONE,,adhd rebound in adults,1,10.0,10.0,IGNORE_IRRELEVANT,none
residual:adhd uitspraken,Restcluster: adhd uitspraken,P2,NONE,,adhd uitspraken,1,10.0,10.0,IGNORE_IRRELEVANT,none
residual:adhd probiotica,Restcluster: adhd probiotica,P2,NONE,,probiotica adhd,1,10.0,10.0,IGNORE_IRRELEVANT,none
residual:adhd oil thc,Restcluster: adhd oil thc,P2,NONE,,thc oil adhd,1,10.0,10.0,IGNORE_IRRELEVANT,none
residual:adhd werkstuk,Restcluster: adhd werkstuk,P2,NONE,,werkstuk adhd,3,10.0,30.0,IGNORE_IRRELEVANT,none
residual:adhd melk,Restcluster: adhd melk,P2,NONE,,adhd melk,2,10.0,20.0,IGNORE_IRRELEVANT,none
residual:adhd volwassenen woedeaanvallen,Restcluster: adhd volwassenen woedeaanvallen,P2,NONE,,adhd woedeaanvallen volwassenen,1,10.0,10.0,IGNORE_IRRELEVANT,none
residual:adhd comorbide,Restcluster: adhd comorbide,P2,NONE,,comorbide adhd,1,10.0,10.0,IGNORE_IRRELEVANT,none
residual:adhd co,Restcluster: adhd co,P2,NONE,,co je to adhd,1,10.0,10.0,IGNORE_IRRELEVANT,none
residual:adhd frans wat,Restcluster: adhd frans wat,P2,NONE,,wat is adhd in het frans,1,10.0,10.0,IGNORE_IRRELEVANT,none
residual:adhd growth mindset,Restcluster: adhd growth mindset,P2,NONE,,growth mindset adhd,1,10.0,10.0,IGNORE_IRRELEVANT,none
residual:adhd carb diet low,Restcluster: adhd carb diet low,P2,NONE,,low carb diet adhd,1,10.0,10.0,IGNORE_IRRELEVANT,none
residual:adhd trouw,Restcluster: adhd trouw,P2,NONE,,trouw adhd,1,10.0,10.0,IGNORE_IRRELEVANT,none
residual:adhd oudercursus,Restcluster: adhd oudercursus,P2,NONE,,oudercursus adhd,1,10.0,10.0,IGNORE_IRRELEVANT,none
residual:adhd app hulp,Restcluster: adhd app hulp,P2,NONE,,adhd hulp app,1,10.0,10.0,IGNORE_IRRELEVANT,none
residual:adhd professionals with,Restcluster: adhd professionals with,P2,NONE,,professionals with adhd,1,10.0,10.0,IGNORE_IRRELEVANT,none
residual:adhd english symptoms,Restcluster: adhd english symptoms,P2,NONE,,adhd symptoms english,1,10.0,10.0,IGNORE_IRRELEVANT,none
residual:add adhd odd,Restcluster: add adhd odd,P2,NONE,,add odd adhd,1,10.0,10.0,IGNORE_IRRELEVANT,none
residual:adhd geneesmiddel natuurlijk,Restcluster: adhd geneesmiddel natuurlijk,P2,NONE,,adhd natuurlijk geneesmiddel,1,10.0,10.0,IGNORE_IRRELEVANT,none
residual:adhd perfectionisme,Restcluster: adhd perfectionisme,P2,NONE,,perfectionisme adhd,1,10.0,10.0,IGNORE_IRRELEVANT,none
residual:adhd seeking sensation,Restcluster: adhd seeking sensation,P2,NONE,,sensation seeking adhd,1,10.0,10.0,IGNORE_IRRELEVANT,none
residual:adhd behavior for therapy what,Restcluster: adhd behavior for therapy what,P2,NONE,,what is behavior therapy for adhd,1,10.0,10.0,IGNORE_IRRELEVANT,none
residual:adhd autism pda,Restcluster: adhd autism pda,P2,NONE,,pda autism vs adhd,2,10.0,20.0,IGNORE_IRRELEVANT,none
residual:adhd nystagmus,Restcluster: adhd nystagmus,P2,NONE,,nystagmus adhd,1,10.0,10.0,IGNORE_IRRELEVANT,none
residual:adhd hoofd onrust,Restcluster: adhd hoofd onrust,P2,NONE,,onrust in hoofd adhd,2,10.0,20.0,IGNORE_IRRELEVANT,none
residual:adderall adhd does for how non work,Restcluster: adderall adhd does for how non work,P2,NONE,,how does adderall work for non adhd,1,10.0,10.0,IGNORE_IRRELEVANT,none
residual:adhd introvert reddit,Restcluster: adhd introvert reddit,P2,NONE,,introvert adhd reddit,1,10.0,10.0,IGNORE_IRRELEVANT,none
residual:5 adhd htp reddit,Restcluster: 5 adhd htp reddit,P2,NONE,,5 htp adhd reddit,1,10.0,10.0,IGNORE_IRRELEVANT,none
residual:adhd cleaning for tips,Restcluster: adhd cleaning for tips,P2,NONE,,adhd tips for cleaning,1,10.0,10.0,IGNORE_IRRELEVANT,none
residual:adhd english wiki,Restcluster: adhd english wiki,P2,NONE,,adhd wiki english,1,10.0,10.0,IGNORE_IRRELEVANT,none
residual:adhd impairment rating scale,Restcluster: adhd impairment rating scale,P2,NONE,,impairment rating scale adhd,1,10.0,10.0,IGNORE_IRRELEVANT,none
residual:5 adhd symptoms,Restcluster: 5 adhd symptoms,P2,NONE,,adhd 5 symptoms,1,10.0,10.0,IGNORE_IRRELEVANT,none
residual:adhd helping not wellbutrin,Restcluster: adhd helping not wellbutrin,P2,NONE,,wellbutrin not helping adhd,1,10.0,10.0,IGNORE_IRRELEVANT,none
residual:adhd benefits l tyrosine,Restcluster: adhd benefits l tyrosine,P2,NONE,,l tyrosine benefits adhd,2,10.0,20.0,IGNORE_IRRELEVANT,none
residual:adhd connor questionnaire,Restcluster: adhd connor questionnaire,P2,NONE,,connor questionnaire adhd,1,10.0,10.0,IGNORE_IRRELEVANT,none
residual:adhd atomic habits,Restcluster: adhd atomic habits,P2,NONE,,atomic habits adhd,1,10.0,10.0,IGNORE_IRRELEVANT,none
residual:adhd b12 reddit vitamin,Restcluster: adhd b12 reddit vitamin,P2,NONE,,vitamin b12 adhd reddit,1,10.0,10.0,IGNORE_IRRELEVANT,none
residual:adhd adjustment disorder,Restcluster: adhd adjustment disorder,P2,NONE,,adhd adjustment disorder,1,10.0,10.0,IGNORE_IRRELEVANT,none
residual:adhd infp t,Restcluster: adhd infp t,P2,NONE,,infp t adhd,2,10.0,20.0,IGNORE_IRRELEVANT,none
residual:adhd blank mind,Restcluster: adhd blank mind,P2,NONE,,blank mind adhd,1,10.0,10.0,IGNORE_IRRELEVANT,none
residual:adhd artikelen wetenschappelijke,Restcluster: adhd artikelen wetenschappelijke,P2,NONE,,wetenschappelijke artikelen adhd,1,10.0,10.0,IGNORE_IRRELEVANT,none
residual:adhd ontwikkelingsstoornis pervasieve,Restcluster: adhd ontwikkelingsstoornis pervasieve,P2,NONE,,pervasieve ontwikkelingsstoornis adhd,1,10.0,10.0,IGNORE_IRRELEVANT,none
residual:adhd effect mdma on,Restcluster: adhd effect mdma on,P2,NONE,,mdma effect on adhd,1,10.0,10.0,IGNORE_IRRELEVANT,none
residual:adhd tips vuxen,Restcluster: adhd tips vuxen,P2,NONE,,adhd vuxen tips,1,10.0,10.0,IGNORE_IRRELEVANT,none
residual:adhd nederlands symptoms,Restcluster: adhd nederlands symptoms,P2,NONE,,adhd symptoms nederlands,1,10.0,10.0,IGNORE_IRRELEVANT,none
residual:30 adhd,Restcluster: 30 adhd,P2,NONE,,adhd 30,1,10.0,10.0,IGNORE_IRRELEVANT,none
residual:5 adhd diva pdf,Restcluster: 5 adhd diva pdf,P2,NONE,,adhd diva 5 pdf,1,10.0,10.0,IGNORE_IRRELEVANT,none
residual:adhd leven samen,Restcluster: adhd leven samen,P2,NONE,,samen leven met adhd,1,10.0,10.0,IGNORE_IRRELEVANT,none
residual:adhd blogs for parents,Restcluster: adhd blogs for parents,P2,NONE,,adhd blogs for parents,1,10.0,10.0,IGNORE_IRRELEVANT,none
residual:0 2 adhd book pdf,Restcluster: 0 2 adhd book pdf,P2,NONE,,adhd 2.0 book pdf,1,10.0,10.0,IGNORE_IRRELEVANT,none
residual:adhd pycnogenol reviews,Restcluster: adhd pycnogenol reviews,P2,NONE,,pycnogenol reviews adhd,1,10.0,10.0,IGNORE_IRRELEVANT,none
residual:adhd b12 methyl,Restcluster: adhd b12 methyl,P2,NONE,,methyl b12 adhd,1,10.0,10.0,IGNORE_IRRELEVANT,none
residual:adhd kauwsieraden,Restcluster: adhd kauwsieraden,P2,NONE,,kauwsieraden adhd,1,10.0,10.0,IGNORE_IRRELEVANT,none
residual:adhd agressief gedrag volwassenen,Restcluster: adhd agressief gedrag volwassenen,P2,NONE,,adhd en agressief gedrag bij volwassenen,2,10.0,20.0,IGNORE_IRRELEVANT,none
residual:adhd caffeine does make sleepy,Restcluster: adhd caffeine does make sleepy,P2,NONE,,does caffeine make adhd sleepy,1,10.0,10.0,IGNORE_IRRELEVANT,none
residual:adhd ojee,Restcluster: adhd ojee,P2,NONE,,ojee adhd,1,10.0,10.0,IGNORE_IRRELEVANT,none
residual:adhd punten sterke,Restcluster: adhd punten sterke,P2,NONE,,sterke punten adhd,1,10.0,10.0,IGNORE_IRRELEVANT,none
residual:adhd apps for organisation,Restcluster: adhd apps for organisation,P2,NONE,,organisation apps for adhd,1,10.0,10.0,IGNORE_IRRELEVANT,none
residual:adhd zembla,Restcluster: adhd zembla,P2,NONE,,zembla adhd,1,10.0,10.0,IGNORE_IRRELEVANT,none
residual:5 adhd rating scale,Restcluster: 5 adhd rating scale,P2,NONE,,adhd 5 rating scale,1,10.0,10.0,IGNORE_IRRELEVANT,none
residual:adhd centraal kosten,Restcluster: adhd centraal kosten,P2,NONE,,adhd centraal kosten,1,10.0,10.0,IGNORE_IRRELEVANT,none
residual:adhd davis methode,Restcluster: adhd davis methode,P2,NONE,,davis methode adhd,1,10.0,10.0,IGNORE_IRRELEVANT,none
residual:adhd spongebob theory,Restcluster: adhd spongebob theory,P2,NONE,,spongebob adhd theory,1,10.0,10.0,IGNORE_IRRELEVANT,none
residual:adhd er relatie,Restcluster: adhd er relatie,P2,NONE,,relatie met een adhd er,2,10.0,20.0,IGNORE_IRRELEVANT,none
residual:adhd leeuw paul,Restcluster: adhd leeuw paul,P2,NONE,,paul de leeuw adhd,1,10.0,10.0,IGNORE_IRRELEVANT,none
residual:adhd japan reddit,Restcluster: adhd japan reddit,P2,NONE,,adhd japan reddit,2,10.0,20.0,IGNORE_IRRELEVANT,none
residual:adhd dew for mountain,Restcluster: adhd dew for mountain,P2,NONE,,mountain dew for adhd,1,10.0,10.0,IGNORE_IRRELEVANT,none
residual:adhd clonidine for used,Restcluster: adhd clonidine for used,P2,NONE,,clonidine used for adhd,2,10.0,20.0,IGNORE_IRRELEVANT,none
residual:adhd syndroom,Restcluster: adhd syndroom,P2,NONE,,adhd syndroom,1,10.0,10.0,IGNORE_IRRELEVANT,none
residual:adhd reddit tips,Restcluster: adhd reddit tips,P2,NONE,,adhd tips reddit,1,10.0,10.0,IGNORE_IRRELEVANT,none
residual:adhd donepezil for,Restcluster: adhd donepezil for,P2,NONE,,donepezil for adhd,1,10.0,10.0,IGNORE_IRRELEVANT,none
residual:adhd goed mensen waar,Restcluster: adhd goed mensen waar,P2,NONE,,waar zijn mensen met adhd goed in,1,10.0,10.0,IGNORE_IRRELEVANT,none
residual:adhd l theanin,Restcluster: adhd l theanin,P2,NONE,,l theanin adhd,1,10.0,10.0,IGNORE_IRRELEVANT,none
residual:adhd schoolprestaties,Restcluster: adhd schoolprestaties,P2,NONE,,adhd schoolprestaties,2,10.0,20.0,IGNORE_IRRELEVANT,none
residual:adhd stories success wellbutrin,Restcluster: adhd stories success wellbutrin,P2,NONE,,wellbutrin adhd success stories,1,10.0,10.0,IGNORE_IRRELEVANT,none
residual:adhd studie,Restcluster: adhd studie,P2,NONE,,adhd en studie,3,10.0,30.0,IGNORE_IRRELEVANT,none
residual:adhd spel,Restcluster: adhd spel,P2,NONE,,spel adhd,1,10.0,10.0,IGNORE_IRRELEVANT,none
residual:3 adhd main symptoms,Restcluster: 3 adhd main symptoms,P2,NONE,,adhd 3 main symptoms,1,10.0,10.0,IGNORE_IRRELEVANT,none
residual:adhd b12 deficiency,Restcluster: adhd b12 deficiency,P2,NONE,,b12 deficiency adhd,2,10.0,20.0,IGNORE_IRRELEVANT,none
residual:adhd stress volwassenen,Restcluster: adhd stress volwassenen,P2,NONE,,adhd volwassenen en stress,1,10.0,10.0,IGNORE_IRRELEVANT,none
residual:adhd denken hoe mensen,Restcluster: adhd denken hoe mensen,P2,NONE,,hoe denken mensen met adhd,1,10.0,10.0,IGNORE_IRRELEVANT,none
residual:200 adhd,Restcluster: 200 adhd,P2,NONE,,adhd 200,1,10.0,10.0,IGNORE_IRRELEVANT,none
residual:adhd behandel hoe,Restcluster: adhd behandel hoe,P2,NONE,,hoe behandel je adhd,1,10.0,10.0,IGNORE_IRRELEVANT,none
residual:adhd qatar,Restcluster: adhd qatar,P2,NONE,,adhd qatar,1,10.0,10.0,IGNORE_IRRELEVANT,none
residual:adhd dwangstoornis,Restcluster: adhd dwangstoornis,P2,NONE,,adhd en dwangstoornis,1,10.0,10.0,IGNORE_IRRELEVANT,none
residual:adhd emdr protocol,Restcluster: adhd emdr protocol,P2,NONE,,emdr adhd protocol,1,10.0,10.0,IGNORE_IRRELEVANT,none
residual:adhd relationships symptoms,Restcluster: adhd relationships symptoms,P2,NONE,,symptoms of adhd in relationships,1,10.0,10.0,IGNORE_IRRELEVANT,none
residual:3 adhd ani copii,Restcluster: 3 adhd ani copii,P2,NONE,,adhd copii 3 ani,1,10.0,10.0,IGNORE_IRRELEVANT,none
residual:adhd belgie volwassenen,Restcluster: adhd belgie volwassenen,P2,NONE,,adhd volwassenen belgie,1,10.0,10.0,IGNORE_IRRELEVANT,none
residual:adhd ervaringen neurofeedback,Restcluster: adhd ervaringen neurofeedback,P2,NONE,,neurofeedback ervaringen adhd,3,10.0,30.0,IGNORE_IRRELEVANT,none
residual:adhd har leva med någon som,Restcluster: adhd har leva med någon som,P2,NONE,,leva med någon som har adhd,1,10.0,10.0,IGNORE_IRRELEVANT,none
residual:adhd dieet paleo,Restcluster: adhd dieet paleo,P2,NONE,,paleo dieet adhd,1,10.0,10.0,IGNORE_IRRELEVANT,none
residual:adhd conners questionnaire,Restcluster: adhd conners questionnaire,P2,NONE,,conners adhd questionnaire,1,10.0,10.0,IGNORE_IRRELEVANT,none
residual:adhd odd symptoms with,Restcluster: adhd odd symptoms with,P2,NONE,,adhd with odd symptoms,1,10.0,10.0,IGNORE_IRRELEVANT,none
residual:adhd hersenactiviteit,Restcluster: adhd hersenactiviteit,P2,NONE,,hersenactiviteit adhd,1,10.0,10.0,IGNORE_IRRELEVANT,none
residual:adhd zusje,Restcluster: adhd zusje,P2,NONE,,zusje adhd,1,10.0,10.0,IGNORE_IRRELEVANT,none
residual:5 adhd and for htp l tyrosine,Restcluster: 5 adhd and for htp l tyrosine,P2,NONE,,5 htp and l tyrosine for adhd,2,10.0,20.0,IGNORE_IRRELEVANT,none
residual:adhd known lesser reddit symptoms,Restcluster: adhd known lesser reddit symptoms,P2,NONE,,lesser known symptoms of adhd reddit,1,10.0,10.0,IGNORE_IRRELEVANT,none
residual:adhd gemist uitzending zembla,Restcluster: adhd gemist uitzending zembla,P2,NONE,,zembla uitzending gemist adhd,3,10.0,30.0,IGNORE_IRRELEVANT,none
residual:adhd regeling tog,Restcluster: adhd regeling tog,P2,NONE,,tog regeling adhd,1,10.0,10.0,IGNORE_IRRELEVANT,none
residual:adhd meaning wiki,Restcluster: adhd meaning wiki,P2,NONE,,adhd meaning wiki,1,10.0,10.0,IGNORE_IRRELEVANT,none
residual:adhd joyner lucas,Restcluster: adhd joyner lucas,P2,NONE,,adhd joyner lucas,1,10.0,10.0,IGNORE_IRRELEVANT,none
residual:adhd utredning vuxen,Restcluster: adhd utredning vuxen,P2,NONE,,utredning adhd vuxen,1,10.0,10.0,IGNORE_IRRELEVANT,none
residual:adhd and gut health,Restcluster: adhd and gut health,P2,NONE,,gut health and adhd,1,10.0,10.0,IGNORE_IRRELEVANT,none
residual:adhd loki reader x,Restcluster: adhd loki reader x,P2,NONE,,loki x adhd reader,1,10.0,10.0,IGNORE_IRRELEVANT,none
residual:adhd rebound reddit,Restcluster: adhd rebound reddit,P2,NONE,,adhd rebound reddit,1,10.0,10.0,IGNORE_IRRELEVANT,none
residual:adhd reddit wellbutrin,Restcluster: adhd reddit wellbutrin,P2,NONE,,wellbutrin adhd reddit,1,10.0,10.0,IGNORE_IRRELEVANT,none
residual:adhd bilateral stimulation,Restcluster: adhd bilateral stimulation,P2,NONE,,bilateral stimulation adhd,1,10.0,10.0,IGNORE_IRRELEVANT,none
residual:adhd bijzonder boek druk,Restcluster: adhd bijzonder boek druk,P2,NONE,,bijzonder druk mijn boek over adhd,1,10.0,10.0,IGNORE_IRRELEVANT,none
residual:adhd factor model two,Restcluster: adhd factor model two,P2,NONE,,two factor model of adhd,1,10.0,10.0,IGNORE_IRRELEVANT,none
residual:adhd voedsel,Restcluster: adhd voedsel,P2,NONE,,adhd voedsel,4,10.0,40.0,IGNORE_IRRELEVANT,none
residual:adhd better for indica or sativa,Restcluster: adhd better for indica or sativa,P2,NONE,,is sativa or indica better for adhd,1,10.0,10.0,IGNORE_IRRELEVANT,none
residual:adhd iq laag,Restcluster: adhd iq laag,P2,NONE,,laag iq en adhd,2,10.0,20.0,IGNORE_IRRELEVANT,none
residual:adhd intj with,Restcluster: adhd intj with,P2,NONE,,intj with adhd,1,10.0,10.0,IGNORE_IRRELEVANT,none
residual:adhd overfocused type,Restcluster: adhd overfocused type,P2,NONE,,adhd overfocused type,1,10.0,10.0,IGNORE_IRRELEVANT,none
residual:adhd ouders tips,Restcluster: adhd ouders tips,P2,NONE,,adhd tips voor ouders,1,10.0,10.0,IGNORE_IRRELEVANT,none
residual:adhd tics vocal,Restcluster: adhd tics vocal,P2,NONE,,adhd vocal tics,1,10.0,10.0,IGNORE_IRRELEVANT,none
residual:adhd strategies,Restcluster: adhd strategies,P2,NONE,,strategies of adhd,1,10.0,10.0,IGNORE_IRRELEVANT,none
residual:adhd disorder thought,Restcluster: adhd disorder thought,P2,NONE,,adhd thought disorder,1,10.0,10.0,IGNORE_IRRELEVANT,none
residual:adhd edronax,Restcluster: adhd edronax,P2,NONE,,edronax adhd,1,10.0,10.0,IGNORE_IRRELEVANT,none
residual:adhd door voeding,Restcluster: adhd door voeding,P2,NONE,,adhd door voeding,1,10.0,10.0,IGNORE_IRRELEVANT,none
residual:adhd glidkruid,Restcluster: adhd glidkruid,P2,NONE,,glidkruid adhd,1,10.0,10.0,IGNORE_IRRELEVANT,none
residual:adhd verergert wat,Restcluster: adhd verergert wat,P2,NONE,,wat verergert adhd,1,10.0,10.0,IGNORE_IRRELEVANT,none
residual:adhd huiswerkbegeleiding vergoeding,Restcluster: adhd huiswerkbegeleiding vergoeding,P2,NONE,,vergoeding huiswerkbegeleiding adhd,1,10.0,10.0,IGNORE_IRRELEVANT,none
residual:adderall adhd diagnosis without,Restcluster: adderall adhd diagnosis without,P2,NONE,,adderall without adhd diagnosis,1,10.0,10.0,IGNORE_IRRELEVANT,none
residual:adhd whatsapp,Restcluster: adhd whatsapp,P2,NONE,,adhd en whatsapp,1,10.0,10.0,IGNORE_IRRELEVANT,none
residual:adhd and glutathione,Restcluster: adhd and glutathione,P2,NONE,,glutathione and adhd,1,10.0,10.0,IGNORE_IRRELEVANT,none
residual:adhd adults for jobs suitable,Restcluster: adhd adults for jobs suitable,P2,NONE,,suitable jobs for adhd adults,1,10.0,10.0,IGNORE_IRRELEVANT,none
residual:adhd eindhoven hulp,Restcluster: adhd eindhoven hulp,P2,NONE,,hulp bij adhd eindhoven,1,10.0,10.0,IGNORE_IRRELEVANT,none
residual:adhd lithium orotate reddit,Restcluster: adhd lithium orotate reddit,P2,NONE,,lithium orotate adhd reddit,1,10.0,10.0,IGNORE_IRRELEVANT,none
residual:adhd onderwijsbehoeften,Restcluster: adhd onderwijsbehoeften,P2,NONE,,onderwijsbehoeften adhd,1,10.0,10.0,IGNORE_IRRELEVANT,none
residual:adhd ervaringen volwassenen,Restcluster: adhd ervaringen volwassenen,P2,NONE,,adhd ervaringen volwassenen,1,10.0,10.0,IGNORE_IRRELEVANT,none
residual:adhd dwangmatig gedrag,Restcluster: adhd dwangmatig gedrag,P2,NONE,,adhd dwangmatig gedrag,1,10.0,10.0,IGNORE_IRRELEVANT,none
residual:adhd asmr reddit,Restcluster: adhd asmr reddit,P2,NONE,,asmr adhd reddit,1,10.0,10.0,IGNORE_IRRELEVANT,none
residual:adhd gut health,Restcluster: adhd gut health,P2,NONE,,gut health adhd,1,10.0,10.0,IGNORE_IRRELEVANT,none
residual:adhd fbto vergoeding,Restcluster: adhd fbto vergoeding,P2,NONE,,fbto vergoeding adhd,1,10.0,10.0,IGNORE_IRRELEVANT,none
residual:adhd afkorting staat,Restcluster: adhd afkorting staat,P2,NONE,,afkorting adhd staat voor,1,10.0,10.0,IGNORE_IRRELEVANT,none
residual:adhd for l reviews tyrosine,Restcluster: adhd for l reviews tyrosine,P2,NONE,,l-tyrosine reviews for adhd,2,10.0,20.0,IGNORE_IRRELEVANT,none
residual:adhd slaaptekort,Restcluster: adhd slaaptekort,P2,NONE,,adhd slaaptekort,1,10.0,10.0,IGNORE_IRRELEVANT,none
residual:adhd auditory hallucinations,Restcluster: adhd auditory hallucinations,P2,NONE,,auditory hallucinations adhd,1,10.0,10.0,IGNORE_IRRELEVANT,none
residual:adhd impulsief tijdschrift,Restcluster: adhd impulsief tijdschrift,P2,NONE,,impulsief adhd tijdschrift,1,10.0,10.0,IGNORE_IRRELEVANT,none
residual:adhd boyfriend has my reddit,Restcluster: adhd boyfriend has my reddit,P2,NONE,,my boyfriend has adhd reddit,1,10.0,10.0,IGNORE_IRRELEVANT,none
residual:adhd zink,Restcluster: adhd zink,P2,NONE,,adhd zink,2,10.0,20.0,IGNORE_IRRELEVANT,none
residual:adhd umc,Restcluster: adhd umc,P2,NONE,,umc adhd,1,10.0,10.0,IGNORE_IRRELEVANT,none
residual:adhd brainwave entrainment for,Restcluster: adhd brainwave entrainment for,P2,NONE,,brainwave entrainment for adhd,1,10.0,10.0,IGNORE_IRRELEVANT,none
residual:adhd are associated disorders other what with,Restcluster: adhd are associated disorders other what with,P2,NONE,,what other disorders are associated with adhd,1,10.0,10.0,IGNORE_IRRELEVANT,none
residual:adhd medfødt,Restcluster: adhd medfødt,P2,NONE,,adhd medfødt,1,10.0,10.0,IGNORE_IRRELEVANT,none
residual:adhd inlevingsvermogen,Restcluster: adhd inlevingsvermogen,P2,NONE,,adhd inlevingsvermogen,1,10.0,10.0,IGNORE_IRRELEVANT,none
residual:adhd headband muse,Restcluster: adhd headband muse,P2,NONE,,muse headband adhd,1,10.0,10.0,IGNORE_IRRELEVANT,none
residual:adhd p triple,Restcluster: adhd p triple,P2,NONE,,triple p adhd,1,10.0,10.0,IGNORE_IRRELEVANT,none
residual:adhd allergie,Restcluster: adhd allergie,P2,NONE,,adhd allergie,1,10.0,10.0,IGNORE_IRRELEVANT,none
residual:adhd cdp choline reddit,Restcluster: adhd cdp choline reddit,P2,NONE,,cdp choline adhd reddit,1,10.0,10.0,IGNORE_IRRELEVANT,none
residual:adhd boek klas,Restcluster: adhd boek klas,P2,NONE,,adhd in de klas boek,1,10.0,10.0,IGNORE_IRRELEVANT,none
residual:adhd ball chairs for,Restcluster: adhd ball chairs for,P2,NONE,,ball chairs for adhd,1,10.0,10.0,IGNORE_IRRELEVANT,none
residual:adhd dosage for l tyrosine,Restcluster: adhd dosage for l tyrosine,P2,NONE,,l tyrosine for adhd dosage,3,10.0,30.0,IGNORE_IRRELEVANT,none
residual:6 adhd old yr,Restcluster: 6 adhd old yr,P2,NONE,,adhd 6 yr old,1,10.0,10.0,IGNORE_IRRELEVANT,none
residual:adhd and nf1,Restcluster: adhd and nf1,P2,NONE,,nf1 and adhd,1,10.0,10.0,IGNORE_IRRELEVANT,none
residual:adhd insurance,Restcluster: adhd insurance,P2,NONE,,adhd insurance,1,10.0,10.0,IGNORE_IRRELEVANT,none
residual:adhd nhg richtlijn,Restcluster: adhd nhg richtlijn,P2,NONE,,nhg richtlijn adhd,1,10.0,10.0,IGNORE_IRRELEVANT,none
residual:adhd studievertraging,Restcluster: adhd studievertraging,P2,NONE,,studievertraging adhd,1,10.0,10.0,IGNORE_IRRELEVANT,none
residual:adhd living successfully with,Restcluster: adhd living successfully with,P2,NONE,,living successfully with adhd,1,10.0,10.0,IGNORE_IRRELEVANT,none
residual:adhd adults com,Restcluster: adhd adults com,P2,NONE,,adhd in adults com,2,10.0,20.0,IGNORE_IRRELEVANT,none
residual:adhd centraal zorgverzekering,Restcluster: adhd centraal zorgverzekering,P2,NONE,,adhd centraal zorgverzekering,1,10.0,10.0,IGNORE_IRRELEVANT,none
residual:adhd chat,Restcluster: adhd chat,P2,NONE,,chat adhd,1,10.0,10.0,IGNORE_IRRELEVANT,none
residual:adhd help wellbutrin,Restcluster: adhd help wellbutrin,P2,NONE,,wellbutrin help adhd,1,10.0,10.0,IGNORE_IRRELEVANT,none
residual:adhd london specialist,Restcluster: adhd london specialist,P2,NONE,,adhd specialist london,1,10.0,10.0,IGNORE_IRRELEVANT,none
residual:adhd cure for park south,Restcluster: adhd cure for park south,P2,NONE,,south park cure for adhd,1,10.0,10.0,IGNORE_IRRELEVANT,none
residual:adhd adults yoga,Restcluster: adhd adults yoga,P2,NONE,,yoga adhd adults,1,10.0,10.0,IGNORE_IRRELEVANT,none
residual:adhd perfectionist,Restcluster: adhd perfectionist,P2,NONE,,perfectionist adhd,1,10.0,10.0,IGNORE_IRRELEVANT,none
residual:adhd valkuilen,Restcluster: adhd valkuilen,P2,NONE,,valkuilen adhd,1,10.0,10.0,IGNORE_IRRELEVANT,none
residual:adhd affective disorder seasonal,Restcluster: adhd affective disorder seasonal,P2,NONE,,adhd seasonal affective disorder,1,10.0,10.0,IGNORE_IRRELEVANT,none
residual:adhd druk,Restcluster: adhd druk,P2,NONE,,druk adhd,1,10.0,10.0,IGNORE_IRRELEVANT,none
residual:adhd quetiapine,Restcluster: adhd quetiapine,P2,NONE,,adhd quetiapine,2,10.0,20.0,IGNORE_IRRELEVANT,none
residual:360 adhd trustpilot,Restcluster: 360 adhd trustpilot,P2,NONE,,adhd 360 trustpilot,1,10.0,10.0,IGNORE_IRRELEVANT,none
residual:adhd middelen,Restcluster: adhd middelen,P2,NONE,,adhd middelen,1,10.0,10.0,IGNORE_IRRELEVANT,none
residual:adhd gotu kola reddit,Restcluster: adhd gotu kola reddit,P2,NONE,,gotu kola adhd reddit,1,10.0,10.0,IGNORE_IRRELEVANT,none
residual:adhd autisme dyslexie,Restcluster: adhd autisme dyslexie,P2,MEDIUM,,adhd autisme dyslexie,1,10.0,10.0,IGNORE_IRRELEVANT,none
residual:adhd dha epa fish oil ratio,Restcluster: adhd dha epa fish oil ratio,P2,NONE,,fish oil epa dha ratio adhd,1,10.0,10.0,IGNORE_IRRELEVANT,none
residual:55 adhd bach bloesem,Restcluster: 55 adhd bach bloesem,P2,NONE,,bach bloesem 55 adhd,1,10.0,10.0,IGNORE_IRRELEVANT,none
residual:adhd cilag janssen,Restcluster: adhd cilag janssen,P2,NONE,,janssen cilag adhd,1,10.0,10.0,IGNORE_IRRELEVANT,none
residual:adhd imipramine,Restcluster: adhd imipramine,P2,NONE,,imipramine adhd,1,10.0,10.0,IGNORE_IRRELEVANT,none
residual:adhd diva questionnaire,Restcluster: adhd diva questionnaire,P2,NONE,,diva questionnaire adhd,1,10.0,10.0,IGNORE_IRRELEVANT,none
residual:adhd forum ouders,Restcluster: adhd forum ouders,P2,NONE,,adhd forum ouders,2,10.0,20.0,IGNORE_IRRELEVANT,none
residual:adhd liga,Restcluster: adhd liga,P2,NONE,,adhd liga,1,10.0,10.0,IGNORE_IRRELEVANT,none
residual:adhd geneesmiddel homeopathisch,Restcluster: adhd geneesmiddel homeopathisch,P2,NONE,,homeopathisch geneesmiddel adhd,1,10.0,10.0,IGNORE_IRRELEVANT,none
residual:adhd presentatie,Restcluster: adhd presentatie,P2,NONE,,presentatie adhd,3,10.0,30.0,IGNORE_IRRELEVANT,none
residual:adhd brochures on,Restcluster: adhd brochures on,P2,NONE,,brochures on adhd,1,10.0,10.0,IGNORE_IRRELEVANT,none
residual:adhd concentration music youtube,Restcluster: adhd concentration music youtube,P2,NONE,,adhd concentration music youtube,1,10.0,10.0,IGNORE_IRRELEVANT,none
residual:adhd heeft help man,Restcluster: adhd heeft help man,P2,NONE,,help mijn man heeft adhd,1,10.0,10.0,IGNORE_IRRELEVANT,none
residual:adhd coach nederland,Restcluster: adhd coach nederland,P2,NONE,,adhd coach nederland,1,10.0,10.0,IGNORE_IRRELEVANT,none
residual:3 adhd typen,Restcluster: 3 adhd typen,P2,NONE,,3 typen adhd,1,10.0,10.0,IGNORE_IRRELEVANT,none
residual:adhd kooij volwassenen,Restcluster: adhd kooij volwassenen,P2,NONE,,adhd bij volwassenen kooij,1,10.0,10.0,IGNORE_IRRELEVANT,none
residual:adhd has living partner who with,Restcluster: adhd has living partner who with,P2,NONE,,living with a partner who has adhd,1,10.0,10.0,IGNORE_IRRELEVANT,none
residual:adhd pictogrammen thuis,Restcluster: adhd pictogrammen thuis,P2,NONE,,pictogrammen adhd voor thuis,1,10.0,10.0,IGNORE_IRRELEVANT,none
residual:adhd medesiner,Restcluster: adhd medesiner,P2,NONE,,adhd medesiner,1,10.0,10.0,IGNORE_IRRELEVANT,none
residual:adhd hypnose,Restcluster: adhd hypnose,P2,NONE,,hypnose adhd,2,10.0,20.0,IGNORE_IRRELEVANT,none
residual:adhd batstra,Restcluster: adhd batstra,P2,NONE,,batstra adhd,1,10.0,10.0,IGNORE_IRRELEVANT,none
residual:adhd hsp volwassenen,Restcluster: adhd hsp volwassenen,P2,NONE,,adhd en hsp volwassenen,2,10.0,20.0,IGNORE_IRRELEVANT,none
residual:2e adhd adults,Restcluster: 2e adhd adults,P2,NONE,,adhd 2e adults,1,10.0,10.0,IGNORE_IRRELEVANT,none
residual:adhd athletes with,Restcluster: adhd athletes with,P2,NONE,,athletes with adhd,1,10.0,10.0,IGNORE_IRRELEVANT,none
residual:adhd adults tics,Restcluster: adhd adults tics,P2,NONE,,adhd tics in adults,2,10.0,20.0,IGNORE_IRRELEVANT,none
residual:adhd can everyone eyes their unfocus,Restcluster: adhd can everyone eyes their unfocus,P2,NONE,,can everyone unfocus their eyes adhd,1,10.0,10.0,IGNORE_IRRELEVANT,none
residual:adhd alcar,Restcluster: adhd alcar,P2,NONE,,alcar adhd,1,10.0,10.0,IGNORE_IRRELEVANT,none
residual:adhd sleeping tips,Restcluster: adhd sleeping tips,P2,NONE,,adhd sleeping tips,1,10.0,10.0,IGNORE_IRRELEVANT,none
residual:adhd borderline tussen verschil,Restcluster: adhd borderline tussen verschil,P2,NONE,,verschil tussen borderline en adhd,1,10.0,10.0,IGNORE_IRRELEVANT,none
residual:adhd workshop,Restcluster: adhd workshop,P2,NONE,,workshop adhd,1,10.0,10.0,IGNORE_IRRELEVANT,none
residual:adhd sociale vaardigheden,Restcluster: adhd sociale vaardigheden,P2,NONE,,adhd en sociale vaardigheden,1,10.0,10.0,IGNORE_IRRELEVANT,none
residual:adhd klas omgaan school stil zit,Restcluster: adhd klas omgaan school stil zit,P2,NONE,,zit stil op school omgaan met adhd in de klas,1,10.0,10.0,IGNORE_IRRELEVANT,none
residual:adhd fidgety phil,Restcluster: adhd fidgety phil,P2,NONE,,fidgety phil adhd,1,10.0,10.0,IGNORE_IRRELEVANT,none
residual:adhd kava kava,Restcluster: adhd kava kava,P2,NONE,,kava kava adhd,1,10.0,10.0,IGNORE_IRRELEVANT,none
residual:adhd blair tony,Restcluster: adhd blair tony,P2,NONE,,tony blair adhd,1,10.0,10.0,IGNORE_IRRELEVANT,none
residual:adhd kooij,Restcluster: adhd kooij,P2,NONE,,adhd kooij,2,10.0,20.0,IGNORE_IRRELEVANT,none
residual:3 adhd,Restcluster: 3 adhd,P2,NONE,,adhd 3,1,10.0,10.0,IGNORE_IRRELEVANT,none
residual:adhd autistisch onder spectrum valt,Restcluster: adhd autistisch onder spectrum valt,P2,NONE,,valt adhd onder autistisch spectrum,1,10.0,10.0,IGNORE_IRRELEVANT,none
residual:adhd stigma,Restcluster: adhd stigma,P2,NONE,,stigma adhd,1,10.0,10.0,IGNORE_IRRELEVANT,none
residual:adhd psykologi,Restcluster: adhd psykologi,P2,NONE,,adhd psykologi,1,10.0,10.0,IGNORE_IRRELEVANT,none
residual:adhd gedragsproblemen klas,Restcluster: adhd gedragsproblemen klas,P2,NONE,,gedragsproblemen in de klas adhd,1,10.0,10.0,IGNORE_IRRELEVANT,none
residual:adhd omgaan relatie,Restcluster: adhd omgaan relatie,P2,NONE,,omgaan met adhd relatie,1,10.0,10.0,IGNORE_IRRELEVANT,none
residual:adhd anxiety d vitamin,Restcluster: adhd anxiety d vitamin,P2,NONE,,vitamin d adhd anxiety,1,10.0,10.0,IGNORE_IRRELEVANT,none
residual:adhd betekenis paralysis,Restcluster: adhd betekenis paralysis,P2,NONE,,adhd paralysis betekenis,1,10.0,10.0,IGNORE_IRRELEVANT,none
residual:adhd gaan hoe mee,Restcluster: adhd gaan hoe mee,P2,NONE,,adhd hoe mee om te gaan,1,10.0,10.0,IGNORE_IRRELEVANT,none
residual:adhd gifted hyperfocus,Restcluster: adhd gifted hyperfocus,P2,NONE,,hyperfocus adhd gifted,1,10.0,10.0,IGNORE_IRRELEVANT,none
residual:adhd and d deficiency vitamin,Restcluster: adhd and d deficiency vitamin,P2,NONE,,vitamin d deficiency and adhd,1,10.0,10.0,IGNORE_IRRELEVANT,none
residual:adhd meditation yoga,Restcluster: adhd meditation yoga,P2,NONE,,adhd yoga meditation,1,10.0,10.0,IGNORE_IRRELEVANT,none
residual:adhd dopa l reddit,Restcluster: adhd dopa l reddit,P2,NONE,,l dopa adhd reddit,2,10.0,20.0,IGNORE_IRRELEVANT,none
residual:adhd nos pdd samen,Restcluster: adhd nos pdd samen,P2,NONE,,pdd nos en adhd samen,2,10.0,20.0,IGNORE_IRRELEVANT,none
residual:adhd anamnese,Restcluster: adhd anamnese,P2,NONE,,anamnese adhd,1,10.0,10.0,IGNORE_IRRELEVANT,none
residual:adhd based evidence for practice,Restcluster: adhd based evidence for practice,P2,NONE,,evidence based practice for adhd,1,10.0,10.0,IGNORE_IRRELEVANT,none
residual:adhd autisme relatie,Restcluster: adhd autisme relatie,P2,MEDIUM,,adhd en autisme in een relatie,2,10.0,20.0,IGNORE_IRRELEVANT,none
residual:adhd and d3 vitamin,Restcluster: adhd and d3 vitamin,P2,NONE,,vitamin d3 and adhd,1,10.0,10.0,IGNORE_IRRELEVANT,none
residual:adhd pada penyakit remaja,Restcluster: adhd pada penyakit remaja,P2,NONE,,penyakit adhd pada remaja,1,10.0,10.0,IGNORE_IRRELEVANT,none
residual:adhd adults gifted,Restcluster: adhd adults gifted,P2,NONE,,adhd in gifted adults,1,10.0,10.0,IGNORE_IRRELEVANT,none
residual:adhd tangle toys,Restcluster: adhd tangle toys,P2,NONE,,tangle adhd toys,1,10.0,10.0,IGNORE_IRRELEVANT,none
residual:adhd medicament,Restcluster: adhd medicament,P2,NONE,,medicament adhd,1,10.0,10.0,IGNORE_IRRELEVANT,none
residual:adhd observatie,Restcluster: adhd observatie,P2,NONE,,observatie adhd,1,10.0,10.0,IGNORE_IRRELEVANT,none
residual:adhd design for interior,Restcluster: adhd design for interior,P2,NONE,,interior design for adhd,1,10.0,10.0,IGNORE_IRRELEVANT,none
residual:adhd life tips,Restcluster: adhd life tips,P2,NONE,,adhd life tips,1,10.0,10.0,IGNORE_IRRELEVANT,none
residual:adhd leerkracht,Restcluster: adhd leerkracht,P2,NONE,,leerkracht met adhd,1,10.0,10.0,IGNORE_IRRELEVANT,none
residual:8d adhd for good music why,Restcluster: 8d adhd for good music why,P2,NONE,,why is 8d music good for adhd,1,10.0,10.0,IGNORE_IRRELEVANT,none
residual:200 adhd dataset,Restcluster: 200 adhd dataset,P2,NONE,,adhd 200 dataset,1,10.0,10.0,IGNORE_IRRELEVANT,none
residual:adhd trimbos,Restcluster: adhd trimbos,P2,NONE,,trimbos adhd,1,10.0,10.0,IGNORE_IRRELEVANT,none
residual:adhd supernanny,Restcluster: adhd supernanny,P2,NONE,,supernanny adhd,1,10.0,10.0,IGNORE_IRRELEVANT,none
residual:adhd do have i or trauma,Restcluster: adhd do have i or trauma,P2,NONE,,do i have adhd or trauma,1,10.0,10.0,IGNORE_IRRELEVANT,none
residual:adhd done getting things,Restcluster: adhd done getting things,P2,NONE,,getting things done adhd,1,10.0,10.0,IGNORE_IRRELEVANT,none
residual:adhd alle hebben honden inkijkexemplaar,Restcluster: adhd alle hebben honden inkijkexemplaar,P2,NONE,,alle honden hebben adhd inkijkexemplaar,1,10.0,10.0,IGNORE_IRRELEVANT,none
residual:adhd cijfers nederland,Restcluster: adhd cijfers nederland,P2,NONE,,cijfers adhd nederland,1,10.0,10.0,IGNORE_IRRELEVANT,none
residual:adhd casus,Restcluster: adhd casus,P2,NONE,,adhd casus,2,10.0,20.0,IGNORE_IRRELEVANT,none
residual:adhd beroepen mensen,Restcluster: adhd beroepen mensen,P2,NONE,,beroepen voor mensen met adhd,1,10.0,10.0,IGNORE_IRRELEVANT,none
residual:adhd l phenylalanine,Restcluster: adhd l phenylalanine,P2,NONE,,l phenylalanine adhd,1,10.0,10.0,IGNORE_IRRELEVANT,none
residual:adhd heeft man,Restcluster: adhd heeft man,P2,NONE,,mijn man heeft adhd,1,10.0,10.0,IGNORE_IRRELEVANT,none
residual:adhd non partner,Restcluster: adhd non partner,P2,NONE,,non adhd partner,1,10.0,10.0,IGNORE_IRRELEVANT,none
residual:adhd fake,Restcluster: adhd fake,P2,NONE,,adhd fake,1,10.0,10.0,IGNORE_IRRELEVANT,none
residual:adhd page wikipedia,Restcluster: adhd page wikipedia,P2,NONE,,adhd wikipedia page,1,10.0,10.0,IGNORE_IRRELEVANT,none
residual:adhd ggd,Restcluster: adhd ggd,P2,NONE,,ggd adhd,1,10.0,10.0,IGNORE_IRRELEVANT,none
residual:adhd boek omgaan,Restcluster: adhd boek omgaan,P2,NONE,,omgaan met adhd boek,1,10.0,10.0,IGNORE_IRRELEVANT,none
residual:adhd be,Restcluster: adhd be,P2,NONE,,adhd be,1,10.0,10.0,IGNORE_IRRELEVANT,none
residual:adhd literatuur,Restcluster: adhd literatuur,P2,NONE,,adhd literatuur,2,10.0,20.0,IGNORE_IRRELEVANT,none
residual:adhd superbrains,Restcluster: adhd superbrains,P2,NONE,,superbrains adhd,1,10.0,10.0,IGNORE_IRRELEVANT,none
residual:adhd gezondheidsraad,Restcluster: adhd gezondheidsraad,P2,NONE,,gezondheidsraad adhd,1,10.0,10.0,IGNORE_IRRELEVANT,none
residual:adhd klinefelter syndrome,Restcluster: adhd klinefelter syndrome,P2,NONE,,klinefelter syndrome adhd,1,10.0,10.0,IGNORE_IRRELEVANT,none
residual:adhd cleaning tips,Restcluster: adhd cleaning tips,P2,NONE,,adhd cleaning tips,1,10.0,10.0,IGNORE_IRRELEVANT,none
residual:adhd omgaan tips,Restcluster: adhd omgaan tips,P2,NONE,,tips omgaan met adhd,1,10.0,10.0,IGNORE_IRRELEVANT,none
residual:adhd blowen stoppen,Restcluster: adhd blowen stoppen,P2,NONE,,stoppen met blowen adhd,1,10.0,10.0,IGNORE_IRRELEVANT,none
residual:adhd cymbalta,Restcluster: adhd cymbalta,P2,NONE,,cymbalta adhd,1,10.0,10.0,IGNORE_IRRELEVANT,none
residual:adhd volwassenen voordelen,Restcluster: adhd volwassenen voordelen,P2,NONE,,voordelen adhd volwassenen,1,10.0,10.0,IGNORE_IRRELEVANT,none
residual:3 adhd for olds toys year,Restcluster: 3 adhd for olds toys year,P2,NONE,,adhd toys for 3 year-olds,1,10.0,10.0,IGNORE_IRRELEVANT,none
residual:adhd autisme eller,Restcluster: adhd autisme eller,P2,MEDIUM,,adhd eller autisme,1,10.0,10.0,IGNORE_IRRELEVANT,none
residual:adhd exorfinen,Restcluster: adhd exorfinen,P2,NONE,,exorfinen adhd,1,10.0,10.0,IGNORE_IRRELEVANT,none
residual:adhd omdenken,Restcluster: adhd omdenken,P2,NONE,,omdenken adhd,1,10.0,10.0,IGNORE_IRRELEVANT,none
residual:adhd huilen,Restcluster: adhd huilen,P2,NONE,,adhd huilen,1,10.0,10.0,IGNORE_IRRELEVANT,none
residual:adhd poli tilburg,Restcluster: adhd poli tilburg,P2,NONE,,adhd poli tilburg,1,10.0,10.0,IGNORE_IRRELEVANT,none
residual:adhd testosteron,Restcluster: adhd testosteron,P2,NONE,,adhd testosteron,1,10.0,10.0,IGNORE_IRRELEVANT,none
residual:adhd hulpmiddelen natuurlijke,Restcluster: adhd hulpmiddelen natuurlijke,P2,NONE,,natuurlijke hulpmiddelen bij adhd,1,10.0,10.0,IGNORE_IRRELEVANT,none
residual:adhd neurofeedback onderzoek wetenschappelijk,Restcluster: adhd neurofeedback onderzoek wetenschappelijk,P2,NONE,,neurofeedback adhd wetenschappelijk onderzoek,1,10.0,10.0,IGNORE_IRRELEVANT,none
residual:adhd l reviews tyrosine,Restcluster: adhd l reviews tyrosine,P2,NONE,,l tyrosine adhd reviews,2,10.0,20.0,IGNORE_IRRELEVANT,none
residual:adhd complexe ptss,Restcluster: adhd complexe ptss,P2,NONE,,complexe ptss en adhd,1,10.0,10.0,IGNORE_IRRELEVANT,none
residual:adhd dating tips,Restcluster: adhd dating tips,P2,NONE,,adhd dating tips,1,10.0,10.0,IGNORE_IRRELEVANT,none
residual:adhd kidd syndroom,Restcluster: adhd kidd syndroom,P2,NONE,,kidd syndroom en adhd,1,10.0,10.0,IGNORE_IRRELEVANT,none
residual:adhd adults odd,Restcluster: adhd adults odd,P2,NONE,,adhd odd in adults,1,10.0,10.0,IGNORE_IRRELEVANT,none
residual:adhd blog for parents,Restcluster: adhd blog for parents,P2,NONE,,adhd blog for parents,1,10.0,10.0,IGNORE_IRRELEVANT,none
residual:adhd and disorders journal related,Restcluster: adhd and disorders journal related,P2,NONE,,journal of adhd and related disorders,1,10.0,10.0,IGNORE_IRRELEVANT,none
residual:adhd epidemiologie,Restcluster: adhd epidemiologie,P2,NONE,,epidemiologie adhd,1,10.0,10.0,IGNORE_IRRELEVANT,none
residual:adhd functional impairment rating scale weiss,Restcluster: adhd functional impairment rating scale weiss,P2,NONE,,weiss functional impairment rating scale adhd,1,10.0,10.0,IGNORE_IRRELEVANT,none
residual:adhd hersenen kleiner,Restcluster: adhd hersenen kleiner,P2,NONE,,adhd hersenen kleiner,1,10.0,10.0,IGNORE_IRRELEVANT,none
residual:adhd homocysteine,Restcluster: adhd homocysteine,P2,NONE,,homocysteine adhd,1,10.0,10.0,IGNORE_IRRELEVANT,none
residual:adhd nederlands rating scale,Restcluster: adhd nederlands rating scale,P2,NONE,,adhd rating scale nederlands,1,10.0,10.0,IGNORE_IRRELEVANT,none
residual:adhd x,Restcluster: adhd x,P2,NONE,,adhd x,1,10.0,10.0,IGNORE_IRRELEVANT,none
residual:adhd adults traits,Restcluster: adhd adults traits,P2,NONE,,adhd in adults traits,1,10.0,10.0,IGNORE_IRRELEVANT,none
residual:adhd beroemdheden,Restcluster: adhd beroemdheden,P2,NONE,,beroemdheden met adhd,1,10.0,10.0,IGNORE_IRRELEVANT,none
residual:adhd geboren word,Restcluster: adhd geboren word,P2,NONE,,word je geboren met adhd,1,10.0,10.0,IGNORE_IRRELEVANT,none
residual:adhd app journal,Restcluster: adhd app journal,P2,NONE,,adhd journal app,1,10.0,10.0,IGNORE_IRRELEVANT,none
residual:adhd gedragsprobleem ziekte,Restcluster: adhd gedragsprobleem ziekte,P2,NONE,,adhd ziekte of gedragsprobleem,1,10.0,10.0,IGNORE_IRRELEVANT,none
residual:adhd discapacidad es una,Restcluster: adhd discapacidad es una,P2,NONE,,adhd es una discapacidad,1,10.0,10.0,IGNORE_IRRELEVANT,none
residual:adhd zorgboerderij,Restcluster: adhd zorgboerderij,P2,NONE,,zorgboerderij adhd,1,10.0,10.0,IGNORE_IRRELEVANT,none
residual:adhd anderen omgaan,Restcluster: adhd anderen omgaan,P2,NONE,,adhd omgaan met anderen,1,10.0,10.0,IGNORE_IRRELEVANT,none
residual:adhd eller ptsd,Restcluster: adhd eller ptsd,P2,NONE,,ptsd eller adhd,1,10.0,10.0,IGNORE_IRRELEVANT,none
residual:adhd powerpoint,Restcluster: adhd powerpoint,P2,NONE,,powerpoint adhd,1,10.0,10.0,IGNORE_IRRELEVANT,none
residual:adhd fighters ufc with,Restcluster: adhd fighters ufc with,P2,NONE,,ufc fighters with adhd,1,10.0,10.0,IGNORE_IRRELEVANT,none
residual:adhd effects on wellbutrin,Restcluster: adhd effects on wellbutrin,P2,NONE,,wellbutrin effects on adhd,1,10.0,10.0,IGNORE_IRRELEVANT,none
residual:adhd multidisciplinaire richtlijn,Restcluster: adhd multidisciplinaire richtlijn,P2,NONE,,multidisciplinaire richtlijn adhd,1,10.0,10.0,IGNORE_IRRELEVANT,none
residual:adhd benaming engelse,Restcluster: adhd benaming engelse,P2,NONE,,adhd engelse benaming,1,10.0,10.0,IGNORE_IRRELEVANT,none
residual:adhd buitelaar,Restcluster: adhd buitelaar,P2,NONE,,buitelaar adhd,1,10.0,10.0,IGNORE_IRRELEVANT,none
residual:adhd för utredning vuxen,Restcluster: adhd för utredning vuxen,P2,NONE,,utredning för adhd vuxen,1,10.0,10.0,IGNORE_IRRELEVANT,none
residual:3 adhd behind years,Restcluster: 3 adhd behind years,P2,NONE,,adhd 3 years behind,1,10.0,10.0,IGNORE_IRRELEVANT,none
residual:adhd buspar for,Restcluster: adhd buspar for,P2,NONE,,buspar for adhd,1,10.0,10.0,IGNORE_IRRELEVANT,none
residual:adhd bpd do have i or,Restcluster: adhd bpd do have i or,P2,NONE,,do i have adhd or bpd,1,10.0,10.0,IGNORE_IRRELEVANT,none
residual:adhd gaslighting partner,Restcluster: adhd gaslighting partner,P2,NONE,,adhd partner gaslighting,1,10.0,10.0,IGNORE_IRRELEVANT,none
residual:adhd discounting temporal,Restcluster: adhd discounting temporal,P2,NONE,,temporal discounting adhd,1,10.0,10.0,IGNORE_IRRELEVANT,none
residual:adhd huiswerkbegeleiding,Restcluster: adhd huiswerkbegeleiding,P2,NONE,,huiswerkbegeleiding adhd,1,10.0,10.0,IGNORE_IRRELEVANT,none
residual:adhd effexor for xr,Restcluster: adhd effexor for xr,P2,NONE,,effexor xr for adhd,1,10.0,10.0,IGNORE_IRRELEVANT,none
residual:adhd eigenlijk wat,Restcluster: adhd eigenlijk wat,P2,NONE,,wat is adhd eigenlijk,1,10.0,10.0,IGNORE_IRRELEVANT,none
residual:adhd for good karate,Restcluster: adhd for good karate,P2,NONE,,is karate good for adhd,1,10.0,10.0,IGNORE_IRRELEVANT,none
residual:adhd friendly journal,Restcluster: adhd friendly journal,P2,NONE,,adhd friendly journal,1,10.0,10.0,IGNORE_IRRELEVANT,none
residual:adhd for good notion,Restcluster: adhd for good notion,P2,NONE,,is notion good for adhd,1,10.0,10.0,IGNORE_IRRELEVANT,none
residual:adhd limbische,Restcluster: adhd limbische,P2,NONE,,limbische adhd,1,10.0,10.0,IGNORE_IRRELEVANT,none
residual:adhd neurexan,Restcluster: adhd neurexan,P2,NONE,,neurexan adhd,1,10.0,10.0,IGNORE_IRRELEVANT,none
residual:adhd alternative for me near schools,Restcluster: adhd alternative for me near schools,P2,NONE,,alternative schools for adhd near me,1,10.0,10.0,IGNORE_IRRELEVANT,none
residual:adhd driftbuien,Restcluster: adhd driftbuien,P2,NONE,,adhd driftbuien,1,10.0,10.0,IGNORE_IRRELEVANT,none
residual:4 adhd old symptoms yr,Restcluster: 4 adhd old symptoms yr,P2,NONE,,adhd 4 yr old symptoms,1,10.0,10.0,IGNORE_IRRELEVANT,none
residual:adhd kale kok,Restcluster: adhd kale kok,P2,NONE,,kale kok adhd,1,10.0,10.0,IGNORE_IRRELEVANT,none
residual:adhd heb jij,Restcluster: adhd heb jij,P2,NONE,,heb jij adhd,1,10.0,10.0,IGNORE_IRRELEVANT,none
residual:adhd am do have i i just lazy or,Restcluster: adhd am do have i i just lazy or,P2,NONE,,do i have adhd or am i just lazy,1,10.0,10.0,IGNORE_IRRELEVANT,none
residual:adhd hebben maar zal,Restcluster: adhd hebben maar zal,P2,NONE,,je zal het maar hebben adhd,1,10.0,10.0,IGNORE_IRRELEVANT,none
residual:adhd defensie werken,Restcluster: adhd defensie werken,P2,NONE,,adhd en werken bij defensie,1,10.0,10.0,IGNORE_IRRELEVANT,none
residual:adhd caadid,Restcluster: adhd caadid,P2,NONE,,caadid adhd,1,10.0,10.0,IGNORE_IRRELEVANT,none
residual:adhd l study tyrosine,Restcluster: adhd l study tyrosine,P2,NONE,,l tyrosine adhd study,2,10.0,20.0,IGNORE_IRRELEVANT,none
residual:adhd neurofeedback vergoeding,Restcluster: adhd neurofeedback vergoeding,P2,NONE,,neurofeedback adhd vergoeding,1,10.0,10.0,IGNORE_IRRELEVANT,none
residual:adhd afscheid autisme,Restcluster: adhd afscheid autisme,P2,MEDIUM,,afscheid van adhd en autisme,2,10.0,20.0,IGNORE_IRRELEVANT,none
residual:adhd balans volwassenen,Restcluster: adhd balans volwassenen,P2,NONE,,balans adhd volwassenen,1,10.0,10.0,IGNORE_IRRELEVANT,none
residual:adhd best journal,Restcluster: adhd best journal,P2,NONE,,best adhd journal,1,10.0,10.0,IGNORE_IRRELEVANT,none
residual:adhd caffeine naps,Restcluster: adhd caffeine naps,P2,NONE,,caffeine naps adhd,1,10.0,10.0,IGNORE_IRRELEVANT,none
residual:adhd vetiver,Restcluster: adhd vetiver,P2,NONE,,vetiver adhd,1,10.0,10.0,IGNORE_IRRELEVANT,none
residual:adhd economy for token,Restcluster: adhd economy for token,P2,NONE,,token economy for adhd,1,10.0,10.0,IGNORE_IRRELEVANT,none
residual:adhd behandelgids clientenwerkboek volwassenen,Restcluster: adhd behandelgids clientenwerkboek volwassenen,P2,NONE,,behandelgids adhd bij volwassenen clientenwerkboek,1,10.0,10.0,IGNORE_IRRELEVANT,none
residual:adhd hyperarousal,Restcluster: adhd hyperarousal,P2,NONE,,hyperarousal adhd,1,10.0,10.0,IGNORE_IRRELEVANT,none
residual:adhd rebound wat,Restcluster: adhd rebound wat,P2,NONE,,wat is een rebound bij adhd,1,10.0,10.0,IGNORE_IRRELEVANT,none
residual:4 adhd,Restcluster: 4 adhd,P2,NONE,,adhd 4,1,10.0,10.0,IGNORE_IRRELEVANT,none
residual:adhd spect,Restcluster: adhd spect,P2,NONE,,spect adhd,1,10.0,10.0,IGNORE_IRRELEVANT,none
residual:adhd gaan hoe volwassenen,Restcluster: adhd gaan hoe volwassenen,P2,NONE,,hoe om te gaan met adhd bij volwassenen,1,10.0,10.0,IGNORE_IRRELEVANT,none
residual:adhd and biloba for ginkgo ginseng,Restcluster: adhd and biloba for ginkgo ginseng,P2,NONE,,ginseng and ginkgo biloba for adhd,1,10.0,10.0,IGNORE_IRRELEVANT,none
residual:adhd genezen natuurlijk,Restcluster: adhd genezen natuurlijk,P2,NONE,,adhd natuurlijk genezen,1,10.0,10.0,IGNORE_IRRELEVANT,none
residual:adhd ch tea,Restcluster: adhd ch tea,P2,NONE,,tea ch adhd,1,10.0,10.0,IGNORE_IRRELEVANT,none
residual:adhd affect does how learning,Restcluster: adhd affect does how learning,P2,NONE,,how does adhd affect learning,1,10.0,10.0,IGNORE_IRRELEVANT,none
residual:adhd do feel like tics what,Restcluster: adhd do feel like tics what,P2,NONE,,what do adhd tics feel like,1,10.0,10.0,IGNORE_IRRELEVANT,none
residual:adhd heeft hond,Restcluster: adhd heeft hond,P2,NONE,,mijn hond heeft adhd,1,10.0,10.0,IGNORE_IRRELEVANT,none
residual:adhd signs untreated,Restcluster: adhd signs untreated,P2,NONE,,signs of untreated adhd,1,10.0,10.0,IGNORE_IRRELEVANT,none
residual:adhd thuis,Restcluster: adhd thuis,P2,NONE,,adhd thuis,1,10.0,10.0,IGNORE_IRRELEVANT,none
residual:adhd and inhibition latent low,Restcluster: adhd and inhibition latent low,P2,NONE,,low latent inhibition and adhd,1,10.0,10.0,IGNORE_IRRELEVANT,none
residual:acetyl adhd carnitine l,Restcluster: acetyl adhd carnitine l,P2,NONE,,acetyl l carnitine adhd,3,10.0,30.0,IGNORE_IRRELEVANT,none
residual:adhd dieet suikervrij,Restcluster: adhd dieet suikervrij,P2,NONE,,adhd suikervrij dieet,1,10.0,10.0,IGNORE_IRRELEVANT,none
residual:adhd nlp,Restcluster: adhd nlp,P2,NONE,,nlp adhd,1,10.0,10.0,IGNORE_IRRELEVANT,none
residual:adhd cathelijne coach,Restcluster: adhd cathelijne coach,P2,NONE,,cathelijne adhd coach,1,10.0,10.0,IGNORE_IRRELEVANT,none
residual:adhd does enfp have,Restcluster: adhd does enfp have,P2,NONE,,does enfp have adhd,1,10.0,10.0,IGNORE_IRRELEVANT,none
residual:adhd psikolog,Restcluster: adhd psikolog,P2,NONE,,adhd psikolog,1,10.0,10.0,IGNORE_IRRELEVANT,none
residual:adhd educatie ouders psycho,Restcluster: adhd educatie ouders psycho,P2,NONE,,psycho educatie adhd ouders,1,10.0,10.0,IGNORE_IRRELEVANT,none
residual:adhd partners reddit two,Restcluster: adhd partners reddit two,P2,NONE,,two adhd partners reddit,1,10.0,10.0,IGNORE_IRRELEVANT,none
residual:adhd vaststellen wanneer,Restcluster: adhd vaststellen wanneer,P2,NONE,,wanneer adhd vaststellen,1,10.0,10.0,IGNORE_IRRELEVANT,none
residual:adhd masterclass,Restcluster: adhd masterclass,P2,NONE,,masterclass adhd,1,10.0,10.0,IGNORE_IRRELEVANT,none
residual:adhd striatum,Restcluster: adhd striatum,P2,NONE,,striatum adhd,1,10.0,10.0,IGNORE_IRRELEVANT,none
residual:adhd cd,Restcluster: adhd cd,P2,NONE,,adhd cd,1,10.0,10.0,IGNORE_IRRELEVANT,none
residual:accountability adhd partner,Restcluster: accountability adhd partner,P2,NONE,,adhd accountability partner,1,10.0,10.0,IGNORE_IRRELEVANT,none
residual:adhd nos pdd volwassenen,Restcluster: adhd nos pdd volwassenen,P2,NONE,,adhd pdd nos bij volwassenen,1,10.0,10.0,IGNORE_IRRELEVANT,none
residual:adhd high processing speed,Restcluster: adhd high processing speed,P2,NONE,,high processing speed adhd,1,10.0,10.0,IGNORE_IRRELEVANT,none
residual:10 adhd icd,Restcluster: 10 adhd icd,P2,NONE,,adhd icd 10,2,10.0,20.0,IGNORE_IRRELEVANT,none
residual:adhd powerpoint spreekbeurt,Restcluster: adhd powerpoint spreekbeurt,P2,NONE,,spreekbeurt adhd powerpoint,2,10.0,20.0,IGNORE_IRRELEVANT,none
residual:adhd for reading tips,Restcluster: adhd for reading tips,P2,NONE,,adhd tips for reading,1,10.0,10.0,IGNORE_IRRELEVANT,none
residual:adhd for pressure vest,Restcluster: adhd for pressure vest,P2,NONE,,pressure vest for adhd,1,10.0,10.0,IGNORE_IRRELEVANT,none
residual:adhd bachbloesem welke,Restcluster: adhd bachbloesem welke,P2,NONE,,welke bachbloesem bij adhd,1,10.0,10.0,IGNORE_IRRELEVANT,none
residual:adhd autisme kenniscentrum,Restcluster: adhd autisme kenniscentrum,P2,MEDIUM,,kenniscentrum adhd en autisme,1,10.0,10.0,IGNORE_IRRELEVANT,none
residual:adhd laten vaststellen,Restcluster: adhd laten vaststellen,P2,NONE,,adhd laten vaststellen,1,10.0,10.0,IGNORE_IRRELEVANT,none
residual:adhd hersenen kleine,Restcluster: adhd hersenen kleine,P2,NONE,,kleine hersenen adhd,1,10.0,10.0,IGNORE_IRRELEVANT,none
residual:adhd symptoms tics,Restcluster: adhd symptoms tics,P2,NONE,,adhd symptoms tics,1,10.0,10.0,IGNORE_IRRELEVANT,none
residual:adhd onoplettendheid overwegend type,Restcluster: adhd onoplettendheid overwegend type,P2,NONE,,adhd overwegend onoplettendheid type,1,10.0,10.0,IGNORE_IRRELEVANT,none
residual:adhd pica,Restcluster: adhd pica,P2,NONE,,pica adhd,1,10.0,10.0,IGNORE_IRRELEVANT,none
residual:adhd ziektebeeld,Restcluster: adhd ziektebeeld,P2,NONE,,ziektebeeld adhd,1,10.0,10.0,IGNORE_IRRELEVANT,none
residual:adhd avengers reader x,Restcluster: adhd avengers reader x,P2,NONE,,avengers x adhd reader,1,10.0,10.0,IGNORE_IRRELEVANT,none
residual:adhd kinderbijslag verhoogde,Restcluster: adhd kinderbijslag verhoogde,P2,NONE,,verhoogde kinderbijslag adhd,1,10.0,10.0,IGNORE_IRRELEVANT,none
residual:about adhd no one symptoms talks,Restcluster: about adhd no one symptoms talks,P2,NONE,,adhd symptoms no one talks about,1,10.0,10.0,IGNORE_IRRELEVANT,none
residual:adhd hersenen werking,Restcluster: adhd hersenen werking,P2,NONE,,adhd werking hersenen,2,10.0,20.0,IGNORE_IRRELEVANT,none
residual:adhd has partner reddit,Restcluster: adhd has partner reddit,P2,NONE,,partner has adhd reddit,1,10.0,10.0,IGNORE_IRRELEVANT,none
residual:adhd forum partner z,Restcluster: adhd forum partner z,P2,NONE,,partner z adhd forum,1,10.0,10.0,IGNORE_IRRELEVANT,none
residual:adhd barke sonuga,Restcluster: adhd barke sonuga,P2,NONE,,sonuga barke adhd,1,10.0,10.0,IGNORE_IRRELEVANT,none
residual:4f adhd mph,Restcluster: 4f adhd mph,P2,NONE,,4f mph adhd,2,10.0,20.0,IGNORE_IRRELEVANT,none
residual:adhd brain for game nasa training video,Restcluster: adhd brain for game nasa training video,P2,NONE,,nasa video game brain training for adhd,1,10.0,10.0,IGNORE_IRRELEVANT,none
residual:adhd centrum ede,Restcluster: adhd centrum ede,P2,NONE,,adhd centrum ede,1,10.0,10.0,IGNORE_IRRELEVANT,none
residual:adhd alpha gpc reddit,Restcluster: adhd alpha gpc reddit,P2,NONE,,alpha gpc reddit adhd,1,10.0,10.0,IGNORE_IRRELEVANT,none
residual:adhd hoe vaststellen,Restcluster: adhd hoe vaststellen,P2,NONE,,hoe adhd vaststellen,1,10.0,10.0,IGNORE_IRRELEVANT,none
residual:adhd and hyperacusis,Restcluster: adhd and hyperacusis,P2,NONE,,hyperacusis and adhd,1,10.0,10.0,IGNORE_IRRELEVANT,none
residual:adhd and autism symptoms together,Restcluster: adhd and autism symptoms together,P2,NONE,,symptoms of adhd and autism together,1,10.0,10.0,IGNORE_IRRELEVANT,none
residual:adhd alleen druk maar niet,Restcluster: adhd alleen druk maar niet,P2,NONE,,adhd niet alleen maar druk,1,10.0,10.0,IGNORE_IRRELEVANT,none
residual:adhd adults for yoga,Restcluster: adhd adults for yoga,P2,NONE,,yoga for adhd adults,1,10.0,10.0,IGNORE_IRRELEVANT,none
residual:adhd disorder processing,Restcluster: adhd disorder processing,P2,NONE,,adhd processing disorder,1,10.0,10.0,IGNORE_IRRELEVANT,none
residual:adhd ldn,Restcluster: adhd ldn,P2,NONE,,ldn adhd,1,10.0,10.0,IGNORE_IRRELEVANT,none
residual:adhd toolkit,Restcluster: adhd toolkit,P2,NONE,,adhd toolkit,2,10.0,20.0,IGNORE_IRRELEVANT,none
residual:adhd kindere kindere,Restcluster: adhd kindere kindere,P2,NONE,,adhd kindere voor kindere,1,10.0,10.0,IGNORE_IRRELEVANT,none
residual:2020 adhd,Restcluster: 2020 adhd,P2,NONE,,adhd 2020,1,10.0,10.0,IGNORE_IRRELEVANT,none
residual:adhd b12 dosage,Restcluster: adhd b12 dosage,P2,NONE,,b12 adhd dosage,1,10.0,10.0,IGNORE_IRRELEVANT,none
residual:adhd effexor xr,Restcluster: adhd effexor xr,P2,NONE,,effexor xr adhd,1,10.0,10.0,IGNORE_IRRELEVANT,none
residual:adhd ppt,Restcluster: adhd ppt,P2,NONE,,ppt adhd,1,10.0,10.0,IGNORE_IRRELEVANT,none
residual:adhd blog mom,Restcluster: adhd blog mom,P2,NONE,,adhd mom blog,1,10.0,10.0,IGNORE_IRRELEVANT,none
residual:adhd oireet tic,Restcluster: adhd oireet tic,P2,NONE,,adhd tic oireet,1,10.0,10.0,IGNORE_IRRELEVANT,none
residual:adhd onvz,Restcluster: adhd onvz,P2,NONE,,onvz adhd,1,10.0,10.0,IGNORE_IRRELEVANT,none
residual:adhd fenylalanine,Restcluster: adhd fenylalanine,P2,NONE,,fenylalanine adhd,1,10.0,10.0,IGNORE_IRRELEVANT,none
residual:adhd mood partner swings with,Restcluster: adhd mood partner swings with,P2,NONE,,partner with adhd mood swings,1,10.0,10.0,IGNORE_IRRELEVANT,none
residual:adhd pipamperon,Restcluster: adhd pipamperon,P2,NONE,,pipamperon adhd,1,10.0,10.0,IGNORE_IRRELEVANT,none
residual:adhd adults oversharing,Restcluster: adhd adults oversharing,P2,NONE,,adhd oversharing adults,1,10.0,10.0,IGNORE_IRRELEVANT,none
residual:adhd nederland nl,Restcluster: adhd nederland nl,P2,NONE,,adhd nederland nl,1,10.0,10.0,IGNORE_IRRELEVANT,none
residual:adhd autisme kinderbijslag verhoogde,Restcluster: adhd autisme kinderbijslag verhoogde,P2,MEDIUM,,verhoogde kinderbijslag autisme en adhd,1,10.0,10.0,IGNORE_IRRELEVANT,none
residual:adhd brain stimulation,Restcluster: adhd brain stimulation,P2,NONE,,brain stimulation adhd,1,10.0,10.0,IGNORE_IRRELEVANT,none
residual:adhd topsporters,Restcluster: adhd topsporters,P2,NONE,,topsporters met adhd,1,10.0,10.0,IGNORE_IRRELEVANT,none
residual:adhd diagnos medicin utan,Restcluster: adhd diagnos medicin utan,P2,NONE,,adhd medicin utan diagnos,1,10.0,10.0,IGNORE_IRRELEVANT,none
residual:adhd forgetfulness sign,Restcluster: adhd forgetfulness sign,P2,NONE,,is forgetfulness a sign of adhd,1,10.0,10.0,IGNORE_IRRELEVANT,none
residual:adhd boomschors,Restcluster: adhd boomschors,P2,NONE,,boomschors adhd,1,10.0,10.0,IGNORE_IRRELEVANT,none
residual:adhd understimulation,Restcluster: adhd understimulation,P2,NONE,,adhd understimulation,1,10.0,10.0,IGNORE_IRRELEVANT,none
residual:adhd centrophenoxine for,Restcluster: adhd centrophenoxine for,P2,NONE,,centrophenoxine for adhd,1,10.0,10.0,IGNORE_IRRELEVANT,none
residual:adhd arbeidsongeschiktheidsverzekering,Restcluster: adhd arbeidsongeschiktheidsverzekering,P2,NONE,,arbeidsongeschiktheidsverzekering adhd,1,10.0,10.0,IGNORE_IRRELEVANT,none
residual:adhd polikliniek,Restcluster: adhd polikliniek,P2,NONE,,polikliniek adhd,1,10.0,10.0,IGNORE_IRRELEVANT,none
residual:adhd hoogstimulatief,Restcluster: adhd hoogstimulatief,P2,NONE,,hoogstimulatief of adhd,1,10.0,10.0,IGNORE_IRRELEVANT,none
residual:adhd talks tedx,Restcluster: adhd talks tedx,P2,NONE,,tedx talks adhd,1,10.0,10.0,IGNORE_IRRELEVANT,none
residual:adhd as treatment wellbutrin,Restcluster: adhd as treatment wellbutrin,P2,NONE,,wellbutrin as adhd treatment,1,10.0,10.0,IGNORE_IRRELEVANT,none
residual:adhd spreekbeurt wat,Restcluster: adhd spreekbeurt wat,P2,NONE,,wat is adhd spreekbeurt,1,10.0,10.0,IGNORE_IRRELEVANT,none
residual:adhd disorder opposite,Restcluster: adhd disorder opposite,P2,NONE,,adhd opposite disorder,1,10.0,10.0,IGNORE_IRRELEVANT,none
residual:adhd gejala pada remaja,Restcluster: adhd gejala pada remaja,P2,NONE,,gejala adhd pada remaja,1,10.0,10.0,IGNORE_IRRELEVANT,none
residual:adhd gevolgen wat,Restcluster: adhd gevolgen wat,P2,NONE,,wat zijn de gevolgen van adhd,1,10.0,10.0,IGNORE_IRRELEVANT,none
residual:adhd smartwatch,Restcluster: adhd smartwatch,P2,NONE,,smartwatch adhd,1,10.0,10.0,IGNORE_IRRELEVANT,none
residual:adhd tijdschrift,Restcluster: adhd tijdschrift,P2,NONE,,tijdschrift adhd,1,10.0,10.0,IGNORE_IRRELEVANT,none
residual:adhd pws,Restcluster: adhd pws,P2,NONE,,pws adhd,1,10.0,10.0,IGNORE_IRRELEVANT,none
residual:adhd autisme bewustzijn maand onderwijsweek speciaal,Restcluster: adhd autisme bewustzijn maand onderwijsweek speciaal,P2,MEDIUM,,speciaal onderwijsweek en autisme en adhd bewustzijn maand,1,10.0,10.0,IGNORE_IRRELEVANT,none
residual:adhd lijst,Restcluster: adhd lijst,P2,NONE,,adhd lijst,1,10.0,10.0,IGNORE_IRRELEVANT,none
residual:adhd educatie materiaal psycho,Restcluster: adhd educatie materiaal psycho,P2,NONE,,psycho educatie materiaal adhd,2,10.0,20.0,IGNORE_IRRELEVANT,none
residual:2 adhd diva,Restcluster: 2 adhd diva,P2,NONE,,diva 2 adhd,1,10.0,10.0,IGNORE_IRRELEVANT,none
residual:adhd emoties extreme,Restcluster: adhd emoties extreme,P2,NONE,,extreme emoties adhd,1,10.0,10.0,IGNORE_IRRELEVANT,none
residual:adhd and japan meds,Restcluster: adhd and japan meds,P2,NONE,,japan and adhd meds,1,10.0,10.0,IGNORE_IRRELEVANT,none
residual:adhd onderwijs passend,Restcluster: adhd onderwijs passend,P2,NONE,,passend onderwijs adhd,1,10.0,10.0,IGNORE_IRRELEVANT,none
residual:adhd dictionary meaning urban,Restcluster: adhd dictionary meaning urban,P2,NONE,,adhd meaning urban dictionary,1,10.0,10.0,IGNORE_IRRELEVANT,none
residual:adhd eigenschappen volwassenen,Restcluster: adhd eigenschappen volwassenen,P2,NONE,,eigenschappen adhd volwassenen,1,10.0,10.0,IGNORE_IRRELEVANT,none
residual:adhd kokemuksia,Restcluster: adhd kokemuksia,P2,NONE,,adhd kokemuksia,1,10.0,10.0,IGNORE_IRRELEVANT,none
residual:adhd adults reddit untreated,Restcluster: adhd adults reddit untreated,P2,NONE,,untreated adhd in adults reddit,1,10.0,10.0,IGNORE_IRRELEVANT,none
residual:adhd for lexapro used,Restcluster: adhd for lexapro used,P2,NONE,,lexapro used for adhd,1,10.0,10.0,IGNORE_IRRELEVANT,none
residual:adhd xaggitin,Restcluster: adhd xaggitin,P2,NONE,,adhd xaggitin,1,10.0,10.0,IGNORE_IRRELEVANT,none
residual:adhd blinking tic,Restcluster: adhd blinking tic,P2,NONE,,adhd blinking tic,1,10.0,10.0,IGNORE_IRRELEVANT,none
residual:adhd doen volwassenen wat,Restcluster: adhd doen volwassenen wat,P2,NONE,,wat te doen bij adhd volwassenen,1,10.0,10.0,IGNORE_IRRELEVANT,none
residual:adhd rebound symptoms,Restcluster: adhd rebound symptoms,P2,NONE,,adhd rebound symptoms,1,10.0,10.0,IGNORE_IRRELEVANT,none
residual:adhd hoe volwassenen zich,Restcluster: adhd hoe volwassenen zich,P2,NONE,,hoe uit adhd zich bij volwassenen,1,10.0,10.0,IGNORE_IRRELEVANT,none
residual:adhd methamfetamine,Restcluster: adhd methamfetamine,P2,NONE,,methamfetamine adhd,1,10.0,10.0,IGNORE_IRRELEVANT,none
residual:adhd grapjes,Restcluster: adhd grapjes,P2,NONE,,adhd grapjes,1,10.0,10.0,IGNORE_IRRELEVANT,none
residual:adhd mensen tips,Restcluster: adhd mensen tips,P2,NONE,,tips voor mensen met adhd,1,10.0,10.0,IGNORE_IRRELEVANT,none
residual:adhd beschermende factoren,Restcluster: adhd beschermende factoren,P2,NONE,,beschermende factoren adhd,1,10.0,10.0,IGNORE_IRRELEVANT,none
residual:adhd calcium,Restcluster: adhd calcium,P2,NONE,,calcium adhd,1,10.0,10.0,IGNORE_IRRELEVANT,none
residual:adhd bupropion for used,Restcluster: adhd bupropion for used,P2,NONE,,bupropion used for adhd,1,10.0,10.0,IGNORE_IRRELEVANT,none
residual:adhd hoogbegaafdheid,Restcluster: adhd hoogbegaafdheid,P2,NONE,,adhd hoogbegaafdheid,3,10.0,30.0,IGNORE_IRRELEVANT,none
residual:adhd intelligentieprofiel,Restcluster: adhd intelligentieprofiel,P2,NONE,,adhd en intelligentieprofiel,1,10.0,10.0,IGNORE_IRRELEVANT,none
residual:adhd learning tips,Restcluster: adhd learning tips,P2,NONE,,adhd learning tips,1,10.0,10.0,IGNORE_IRRELEVANT,none
residual:3 4 adhd olds year,Restcluster: 3 4 adhd olds year,P2,NONE,,adhd in 3 4 year olds,2,10.0,20.0,IGNORE_IRRELEVANT,none
residual:adhd bart does have,Restcluster: adhd bart does have,P2,NONE,,does bart have adhd,1,10.0,10.0,IGNORE_IRRELEVANT,none
residual:adhd can cause depression untreated,Restcluster: adhd can cause depression untreated,P2,NONE,,can untreated adhd cause depression,1,10.0,10.0,IGNORE_IRRELEVANT,none
residual:adhd emoties uiten,Restcluster: adhd emoties uiten,P2,NONE,,adhd emoties uiten,1,10.0,10.0,IGNORE_IRRELEVANT,none
residual:adhd nieuws volwassenen,Restcluster: adhd nieuws volwassenen,P2,NONE,,nieuws adhd bij volwassenen,1,10.0,10.0,IGNORE_IRRELEVANT,none
residual:adhd osteopathie,Restcluster: adhd osteopathie,P2,NONE,,adhd en osteopathie,2,10.0,20.0,IGNORE_IRRELEVANT,none
residual:adhd hooggevoeligheid,Restcluster: adhd hooggevoeligheid,P2,NONE,,adhd en hooggevoeligheid,1,10.0,10.0,IGNORE_IRRELEVANT,none
residual:adhd brain speed,Restcluster: adhd brain speed,P2,NONE,,adhd brain speed,1,10.0,10.0,IGNORE_IRRELEVANT,none
residual:adhd hyperfocus without,Restcluster: adhd hyperfocus without,P2,NONE,,hyperfocus without adhd,1,10.0,10.0,IGNORE_IRRELEVANT,none
residual:adhd adults explained,Restcluster: adhd adults explained,P2,NONE,,adhd in adults explained,1,10.0,10.0,IGNORE_IRRELEVANT,none
residual:adhd and trichotillomania,Restcluster: adhd and trichotillomania,P2,NONE,,trichotillomania and adhd,1,10.0,10.0,IGNORE_IRRELEVANT,none
residual:adhd begeleiding onderwijs voortgezet,Restcluster: adhd begeleiding onderwijs voortgezet,P2,NONE,,begeleiding adhd voortgezet onderwijs,1,10.0,10.0,IGNORE_IRRELEVANT,none
residual:adhd earplugs loop,Restcluster: adhd earplugs loop,P2,NONE,,loop earplugs adhd,1,10.0,10.0,IGNORE_IRRELEVANT,none
residual:adhd dha epa for or,Restcluster: adhd dha epa for or,P2,NONE,,dha or epa for adhd,1,10.0,10.0,IGNORE_IRRELEVANT,none
residual:adhd hersengolven,Restcluster: adhd hersengolven,P2,NONE,,hersengolven adhd,1,10.0,10.0,IGNORE_IRRELEVANT,none
residual:adhd bart simpson,Restcluster: adhd bart simpson,P2,NONE,,bart simpson adhd,1,10.0,10.0,IGNORE_IRRELEVANT,none
residual:adhd ball chair for,Restcluster: adhd ball chair for,P2,NONE,,ball chair for adhd,1,10.0,10.0,IGNORE_IRRELEVANT,none
residual:adhd fast talk,Restcluster: adhd fast talk,P2,NONE,,adhd talk fast,1,10.0,10.0,IGNORE_IRRELEVANT,none
residual:add adhd relatie,Restcluster: add adhd relatie,P2,NONE,,add en adhd relatie,1,10.0,10.0,IGNORE_IRRELEVANT,none
residual:adhd brief,Restcluster: adhd brief,P2,NONE,,adhd brief,1,10.0,10.0,IGNORE_IRRELEVANT,none
residual:adhd poli utrecht,Restcluster: adhd poli utrecht,P2,NONE,,adhd poli utrecht,1,10.0,10.0,IGNORE_IRRELEVANT,none
residual:adhd paul verhaeghe,Restcluster: adhd paul verhaeghe,P2,NONE,,paul verhaeghe adhd,1,10.0,10.0,IGNORE_IRRELEVANT,none
residual:adhd den haag poli,Restcluster: adhd den haag poli,P2,NONE,,adhd poli den haag,1,10.0,10.0,IGNORE_IRRELEVANT,none
residual:adhd borderline volwassenen,Restcluster: adhd borderline volwassenen,P2,NONE,,adhd en borderline bij volwassenen,1,10.0,10.0,IGNORE_IRRELEVANT,none
residual:adhd informatie spreekbeurt,Restcluster: adhd informatie spreekbeurt,P2,NONE,,adhd informatie voor spreekbeurt,1,10.0,10.0,IGNORE_IRRELEVANT,none
residual:adhd stress tics,Restcluster: adhd stress tics,P2,NONE,,adhd stress tics,1,10.0,10.0,IGNORE_IRRELEVANT,none
residual:3 adhd dziecka letniego objawy u,Restcluster: 3 adhd dziecka letniego objawy u,P2,NONE,,objawy adhd u 3 letniego dziecka,1,10.0,10.0,IGNORE_IRRELEVANT,none
residual:450 adhd mg wellbutrin,Restcluster: 450 adhd mg wellbutrin,P2,NONE,,wellbutrin 450 mg adhd,1,10.0,10.0,IGNORE_IRRELEVANT,none
residual:adhd middelengebruik,Restcluster: adhd middelengebruik,P2,NONE,,adhd en middelengebruik,1,10.0,10.0,IGNORE_IRRELEVANT,none
residual:adhd helpful tips,Restcluster: adhd helpful tips,P2,NONE,,adhd helpful tips,1,10.0,10.0,IGNORE_IRRELEVANT,none
residual:adhd deken,Restcluster: adhd deken,P2,NONE,,adhd deken,1,10.0,10.0,IGNORE_IRRELEVANT,none
residual:adhd synesthesia,Restcluster: adhd synesthesia,P2,NONE,,synesthesia adhd,1,10.0,10.0,IGNORE_IRRELEVANT,none
residual:adhd hennepolie,Restcluster: adhd hennepolie,P2,NONE,,hennepolie adhd,1,10.0,10.0,IGNORE_IRRELEVANT,none
residual:adhd nl www,Restcluster: adhd nl www,P2,NONE,,www adhd nl,1,10.0,10.0,IGNORE_IRRELEVANT,none
residual:adhd leva med,Restcluster: adhd leva med,P2,NONE,,leva med adhd,1,10.0,10.0,IGNORE_IRRELEVANT,none
residual:adhd lecithine,Restcluster: adhd lecithine,P2,NONE,,lecithine adhd,1,10.0,10.0,IGNORE_IRRELEVANT,none
residual:adhd bach,Restcluster: adhd bach,P2,NONE,,bach adhd,1,10.0,10.0,IGNORE_IRRELEVANT,none
residual:adhd journal prompts,Restcluster: adhd journal prompts,P2,NONE,,adhd journal prompts,1,10.0,10.0,IGNORE_IRRELEVANT,none
residual:adhd folder,Restcluster: adhd folder,P2,NONE,,folder adhd,1,10.0,10.0,IGNORE_IRRELEVANT,none
residual:adhd always late partner,Restcluster: adhd always late partner,P2,NONE,,adhd partner always late,1,10.0,10.0,IGNORE_IRRELEVANT,none
residual:adhd orthomoleculair,Restcluster: adhd orthomoleculair,P2,NONE,,adhd orthomoleculair,1,10.0,10.0,IGNORE_IRRELEVANT,none
residual:adhd facial tics,Restcluster: adhd facial tics,P2,NONE,,adhd facial tics,1,10.0,10.0,IGNORE_IRRELEVANT,none
residual:adhd are fidget for good toys what,Restcluster: adhd are fidget for good toys what,P2,NONE,,what fidget toys are good for adhd,1,10.0,10.0,IGNORE_IRRELEVANT,none
residual:adhd adults and anger,Restcluster: adhd adults and anger,P2,NONE,,adhd in adults and anger,1,10.0,10.0,IGNORE_IRRELEVANT,none
residual:adhd terapi,Restcluster: adhd terapi,P2,NONE,,adhd terapi,1,10.0,10.0,IGNORE_IRRELEVANT,none
residual:adhd fear missing out,Restcluster: adhd fear missing out,P2,NONE,,fear of missing out adhd,1,10.0,10.0,IGNORE_IRRELEVANT,none
residual:adhd bekende sporters,Restcluster: adhd bekende sporters,P2,NONE,,bekende sporters met adhd,1,10.0,10.0,IGNORE_IRRELEVANT,none
residual:adhd pathofysiologie,Restcluster: adhd pathofysiologie,P2,NONE,,pathofysiologie adhd,1,10.0,10.0,IGNORE_IRRELEVANT,none
residual:adhd be not touched wanting,Restcluster: adhd be not touched wanting,P2,NONE,,adhd not wanting to be touched,1,10.0,10.0,IGNORE_IRRELEVANT,none
residual:adhd parnate,Restcluster: adhd parnate,P2,NONE,,parnate adhd,1,10.0,10.0,IGNORE_IRRELEVANT,none
residual:adhd college for students tips,Restcluster: adhd college for students tips,P2,NONE,,adhd tips for college students,1,10.0,10.0,IGNORE_IRRELEVANT,none
residual:adhd kruis zilveren,Restcluster: adhd kruis zilveren,P2,NONE,,zilveren kruis adhd,1,10.0,10.0,IGNORE_IRRELEVANT,none
residual:adhd montessori,Restcluster: adhd montessori,P2,NONE,,montessori adhd,1,10.0,10.0,IGNORE_IRRELEVANT,none
residual:7 adhd groep spreekbeurt,Restcluster: 7 adhd groep spreekbeurt,P2,NONE,,spreekbeurt adhd groep 7,1,10.0,10.0,IGNORE_IRRELEVANT,none
residual:adhd effects on speed,Restcluster: adhd effects on speed,P2,NONE,,effects of speed on adhd,1,10.0,10.0,IGNORE_IRRELEVANT,none
residual:adhd fidget spinner,Restcluster: adhd fidget spinner,P2,NONE,,fidget spinner adhd,1,10.0,10.0,IGNORE_IRRELEVANT,none
residual:adhd stimming tics,Restcluster: adhd stimming tics,P2,NONE,,adhd stimming tics,1,10.0,10.0,IGNORE_IRRELEVANT,none
residual:adhd nieuwsuur,Restcluster: adhd nieuwsuur,P2,NONE,,nieuwsuur adhd,1,10.0,10.0,IGNORE_IRRELEVANT,none
residual:adhd behandelmethode,Restcluster: adhd behandelmethode,P2,NONE,,behandelmethode adhd,1,10.0,10.0,IGNORE_IRRELEVANT,none
residual:adhd oorzaak volwassenen,Restcluster: adhd oorzaak volwassenen,P2,NONE,,oorzaak adhd bij volwassenen,1,10.0,10.0,IGNORE_IRRELEVANT,none
residual:adhd cdp choline,Restcluster: adhd cdp choline,P2,NONE,,cdp choline adhd,1,10.0,10.0,IGNORE_IRRELEVANT,none
residual:adhd sdq,Restcluster: adhd sdq,P2,NONE,,sdq adhd,1,10.0,10.0,IGNORE_IRRELEVANT,none
residual:adhd partner relatie,Restcluster: adhd partner relatie,P2,NONE,,partner met adhd relatie,2,10.0,20.0,IGNORE_IRRELEVANT,none
residual:adhd afwijking hersenen,Restcluster: adhd afwijking hersenen,P2,NONE,,adhd afwijking in de hersenen,1,10.0,10.0,IGNORE_IRRELEVANT,none
residual:adhd processing speed,Restcluster: adhd processing speed,P2,NONE,,processing speed adhd,1,10.0,10.0,IGNORE_IRRELEVANT,none
residual:adhd caffeine effects,Restcluster: adhd caffeine effects,P2,NONE,,caffeine effects in adhd,1,10.0,10.0,IGNORE_IRRELEVANT,none
residual:adhd nederlands wikipedia,Restcluster: adhd nederlands wikipedia,P2,NONE,,adhd wikipedia nederlands,1,10.0,10.0,IGNORE_IRRELEVANT,none
residual:1 adhd nfc,Restcluster: 1 adhd nfc,P2,NONE,,nfc-1 adhd,2,10.0,20.0,IGNORE_IRRELEVANT,none
residual:23andme adhd genetic markers,Restcluster: 23andme adhd genetic markers,P2,NONE,,adhd genetic markers 23andme,1,10.0,10.0,IGNORE_IRRELEVANT,none
residual:adhd coughing tic,Restcluster: adhd coughing tic,P2,NONE,,adhd coughing tic,1,10.0,10.0,IGNORE_IRRELEVANT,none
residual:adhd gedragsstoornis ontwikkelingsstoornis,Restcluster: adhd gedragsstoornis ontwikkelingsstoornis,P2,NONE,,adhd ontwikkelingsstoornis of gedragsstoornis,1,10.0,10.0,IGNORE_IRRELEVANT,none
residual:adhd does help tyrosine,Restcluster: adhd does help tyrosine,P2,NONE,,does tyrosine help adhd,1,10.0,10.0,IGNORE_IRRELEVANT,none
residual:adhd neurobiologische stoornis,Restcluster: adhd neurobiologische stoornis,P2,NONE,,adhd neurobiologische stoornis,1,10.0,10.0,IGNORE_IRRELEVANT,none
residual:adhd paralysis tips,Restcluster: adhd paralysis tips,P2,NONE,,adhd paralysis tips,1,10.0,10.0,IGNORE_IRRELEVANT,none
residual:adhd therapy yoga,Restcluster: adhd therapy yoga,P2,NONE,,adhd yoga therapy,1,10.0,10.0,IGNORE_IRRELEVANT,none
residual:adhd charlotte nc specialist,Restcluster: adhd charlotte nc specialist,P2,NONE,,adhd specialist charlotte nc,1,10.0,10.0,IGNORE_IRRELEVANT,none
residual:adhd blog parent,Restcluster: adhd blog parent,P2,NONE,,adhd parent blog,1,10.0,10.0,IGNORE_IRRELEVANT,none
residual:adhd nature nurture,Restcluster: adhd nature nurture,P2,NONE,,nature nurture adhd,1,10.0,10.0,IGNORE_IRRELEVANT,none
residual:adhd professors with,Restcluster: adhd professors with,P2,NONE,,professors with adhd,1,10.0,10.0,IGNORE_IRRELEVANT,none
residual:0 2 adhd pdf,Restcluster: 0 2 adhd pdf,P2,NONE,,adhd 2.0 pdf,1,10.0,10.0,IGNORE_IRRELEVANT,none
residual:adhd aizawa reader x,Restcluster: adhd aizawa reader x,P2,NONE,,aizawa x adhd reader,1,10.0,10.0,IGNORE_IRRELEVANT,none
residual:adhd hyperlexia,Restcluster: adhd hyperlexia,P2,NONE,,hyperlexia adhd,1,10.0,10.0,IGNORE_IRRELEVANT,none
residual:adhd disorder learning,Restcluster: adhd disorder learning,P2,NONE,,adhd learning disorder,1,10.0,10.0,IGNORE_IRRELEVANT,none
residual:adhd trage verwerkingssnelheid,Restcluster: adhd trage verwerkingssnelheid,P2,NONE,,trage verwerkingssnelheid adhd,1,10.0,10.0,IGNORE_IRRELEVANT,none
residual:adhd pddnos,Restcluster: adhd pddnos,P2,NONE,,pddnos en adhd,1,10.0,10.0,IGNORE_IRRELEVANT,none
residual:adhd staat wat,Restcluster: adhd staat wat,P2,NONE,,voor wat staat adhd,1,10.0,10.0,IGNORE_IRRELEVANT,none
residual:adhd gøtzsche peter,Restcluster: adhd gøtzsche peter,P2,NONE,,peter gøtzsche adhd,1,10.0,10.0,IGNORE_IRRELEVANT,none
residual:adhd ezelen,Restcluster: adhd ezelen,P2,NONE,,ezelen met adhd,1,10.0,10.0,IGNORE_IRRELEVANT,none
residual:adhd vorming,Restcluster: adhd vorming,P2,NONE,,vorming adhd,1,10.0,10.0,IGNORE_IRRELEVANT,none
residual:adhd d for vitamin,Restcluster: adhd d for vitamin,P2,NONE,,vitamin d for adhd,1,10.0,10.0,IGNORE_IRRELEVANT,none
residual:adhd and language processing,Restcluster: adhd and language processing,P2,NONE,,adhd and language processing,1,10.0,10.0,IGNORE_IRRELEVANT,none
residual:adhd enuresis,Restcluster: adhd enuresis,P2,NONE,,enuresis adhd,1,10.0,10.0,IGNORE_IRRELEVANT,none
residual:adhd dr sebi,Restcluster: adhd dr sebi,P2,NONE,,dr sebi adhd,1,10.0,10.0,IGNORE_IRRELEVANT,none
residual:adhd tussen verband voeding,Restcluster: adhd tussen verband voeding,P2,NONE,,verband tussen adhd en voeding,1,10.0,10.0,IGNORE_IRRELEVANT,none
residual:adhd melatonine volwassenen,Restcluster: adhd melatonine volwassenen,P2,NONE,,melatonine adhd volwassenen,1,10.0,10.0,IGNORE_IRRELEVANT,none
residual:adhd adults nz,Restcluster: adhd adults nz,P2,NONE,,adhd in adults nz,1,10.0,10.0,IGNORE_IRRELEVANT,none
residual:2017 adhd,Restcluster: 2017 adhd,P2,NONE,,adhd 2017,1,10.0,10.0,IGNORE_IRRELEVANT,none
residual:adhd leerlingen,Restcluster: adhd leerlingen,P2,NONE,,adhd leerlingen,1,10.0,10.0,IGNORE_IRRELEVANT,none
residual:adhd impostor syndrome,Restcluster: adhd impostor syndrome,P2,NONE,,impostor syndrome adhd,1,10.0,10.0,IGNORE_IRRELEVANT,none
residual:adhd homeopathisch middel welk,Restcluster: adhd homeopathisch middel welk,P2,NONE,,welk homeopathisch middel bij adhd,1,10.0,10.0,IGNORE_IRRELEVANT,none
residual:adhd politie werken,Restcluster: adhd politie werken,P2,NONE,,werken bij de politie met adhd,1,10.0,10.0,IGNORE_IRRELEVANT,none
residual:adhd tlo3,Restcluster: adhd tlo3,P2,NONE,,tlo3 adhd,1,10.0,10.0,IGNORE_IRRELEVANT,none
residual:adhd patienten vereniging,Restcluster: adhd patienten vereniging,P2,NONE,,adhd patienten vereniging,1,10.0,10.0,IGNORE_IRRELEVANT,none
residual:adhd signal stop task,Restcluster: adhd signal stop task,P2,NONE,,stop signal task adhd,1,10.0,10.0,IGNORE_IRRELEVANT,none
residual:adhd dewasa penyakit,Restcluster: adhd dewasa penyakit,P2,NONE,,penyakit adhd dewasa,1,10.0,10.0,IGNORE_IRRELEVANT,none
residual:adhd indonesia wikipedia,Restcluster: adhd indonesia wikipedia,P2,NONE,,adhd wikipedia indonesia,1,10.0,10.0,IGNORE_IRRELEVANT,none
residual:4 adhd jarige,Restcluster: 4 adhd jarige,P2,NONE,,adhd 4 jarige,1,10.0,10.0,IGNORE_IRRELEVANT,none
residual:adhd prikkelverwerkingsstoornis,Restcluster: adhd prikkelverwerkingsstoornis,P2,NONE,,prikkelverwerkingsstoornis adhd,1,10.0,10.0,IGNORE_IRRELEVANT,none
residual:adhd paniekaanval,Restcluster: adhd paniekaanval,P2,NONE,,paniekaanval adhd,1,10.0,10.0,IGNORE_IRRELEVANT,none
residual:adhd disorder hindi,Restcluster: adhd disorder hindi,P2,NONE,,adhd disorder in hindi,1,10.0,10.0,IGNORE_IRRELEVANT,none
residual:adhd out zone,Restcluster: adhd out zone,P2,NONE,,zone out adhd,1,10.0,10.0,IGNORE_IRRELEVANT,none
residual:adhd disorder neurocognitive,Restcluster: adhd disorder neurocognitive,P2,NONE,,adhd neurocognitive disorder,1,10.0,10.0,IGNORE_IRRELEVANT,none
residual:adhd conduct disorder,Restcluster: adhd conduct disorder,P2,NONE,,conduct disorder adhd,1,10.0,10.0,IGNORE_IRRELEVANT,none
residual:adhd lyrics slowthai,Restcluster: adhd lyrics slowthai,P2,NONE,,adhd lyrics slowthai,1,10.0,10.0,IGNORE_IRRELEVANT,none
residual:adhd disorder personality,Restcluster: adhd disorder personality,P2,NONE,,personality disorder adhd,1,10.0,10.0,IGNORE_IRRELEVANT,none
residual:adhd paralysis tiktok,Restcluster: adhd paralysis tiktok,P2,NONE,,adhd paralysis tiktok,1,10.0,10.0,IGNORE_IRRELEVANT,none
residual:adhd kort wat,Restcluster: adhd kort wat,P2,NONE,,wat is adhd in het kort,1,10.0,10.0,IGNORE_IRRELEVANT,none
residual:adhd plannen zelf,Restcluster: adhd plannen zelf,P2,NONE,,zelf plannen adhd,1,10.0,10.0,IGNORE_IRRELEVANT,none
residual:adhd l reddit tyrosine,Restcluster: adhd l reddit tyrosine,P2,NONE,,l tyrosine reddit adhd,3,10.0,30.0,IGNORE_IRRELEVANT,none
residual:adhd how manage time with,Restcluster: adhd how manage time with,P2,NONE,,how to time manage with adhd,1,10.0,10.0,IGNORE_IRRELEVANT,none
residual:adhd environmental factors risk,Restcluster: adhd environmental factors risk,P2,NONE,,environmental risk factors adhd,1,10.0,10.0,IGNORE_IRRELEVANT,none
residual:adhd cerebellum,Restcluster: adhd cerebellum,P2,NONE,,cerebellum adhd,1,10.0,10.0,IGNORE_IRRELEVANT,none
residual:adhd symptoms wikipedia,Restcluster: adhd symptoms wikipedia,P2,NONE,,adhd symptoms wikipedia,1,10.0,10.0,IGNORE_IRRELEVANT,none
residual:8d adhd audio for good why,Restcluster: 8d adhd audio for good why,P2,NONE,,why is 8d audio good for adhd,1,10.0,10.0,IGNORE_IRRELEVANT,none
residual:adhd hacks life,Restcluster: adhd hacks life,P2,NONE,,life hacks adhd,1,10.0,10.0,IGNORE_IRRELEVANT,none
residual:adhd eigen verklaring,Restcluster: adhd eigen verklaring,P2,NONE,,eigen verklaring adhd,1,10.0,10.0,IGNORE_IRRELEVANT,none
residual:adhd choline,Restcluster: adhd choline,P2,NONE,,choline adhd,1,10.0,10.0,IGNORE_IRRELEVANT,none
residual:adhd clinic mayo symptoms,Restcluster: adhd clinic mayo symptoms,P2,NONE,,symptoms of adhd mayo clinic,1,10.0,10.0,IGNORE_IRRELEVANT,none
residual:adhd ervaringsdeskundige vacature,Restcluster: adhd ervaringsdeskundige vacature,P2,NONE,,vacature ervaringsdeskundige adhd,1,10.0,10.0,IGNORE_IRRELEVANT,none
residual:adhd melbourne specialist,Restcluster: adhd melbourne specialist,P2,NONE,,adhd specialist melbourne,1,10.0,10.0,IGNORE_IRRELEVANT,none
residual:adhd linked x,Restcluster: adhd linked x,P2,NONE,,is adhd x linked,1,10.0,10.0,IGNORE_IRRELEVANT,none
residual:adhd comorbiditeit volwassenen,Restcluster: adhd comorbiditeit volwassenen,P2,MEDIUM,,adhd comorbiditeit volwassenen,1,10.0,10.0,IGNORE_IRRELEVANT,none
residual:adhd pants smarty vitamins,Restcluster: adhd pants smarty vitamins,P2,NONE,,smarty pants vitamins adhd,1,10.0,10.0,IGNORE_IRRELEVANT,none
residual:adhd inertia,Restcluster: adhd inertia,P2,NONE,,inertia adhd,1,10.0,10.0,IGNORE_IRRELEVANT,none
residual:adhd strategies work,Restcluster: adhd strategies work,P2,NONE,,adhd work strategies,1,10.0,10.0,IGNORE_IRRELEVANT,none
residual:aandoening adhd neurologische,Restcluster: aandoening adhd neurologische,P2,NONE,,adhd neurologische aandoening,1,10.0,10.0,IGNORE_IRRELEVANT,none
residual:adhd arfid,Restcluster: adhd arfid,P2,NONE,,arfid en adhd,2,10.0,20.0,IGNORE_IRRELEVANT,none
residual:adhd echt nep,Restcluster: adhd echt nep,P2,NONE,,adhd echt of nep,1,10.0,10.0,IGNORE_IRRELEVANT,none
residual:adhd denk doe stop,Restcluster: adhd denk doe stop,P2,NONE,,stop denk doe adhd,1,10.0,10.0,IGNORE_IRRELEVANT,none
residual:absent adhd minded professor,Restcluster: absent adhd minded professor,P2,NONE,,absent minded professor adhd,1,10.0,10.0,IGNORE_IRRELEVANT,none
residual:adhd music reddit,Restcluster: adhd music reddit,P2,NONE,,reddit adhd music,1,10.0,10.0,IGNORE_IRRELEVANT,none
residual:adhd partner volwassenen,Restcluster: adhd partner volwassenen,P2,NONE,,adhd volwassenen partner,2,10.0,20.0,IGNORE_IRRELEVANT,none
residual:2011 adhd onderzoek voeding,Restcluster: 2011 adhd onderzoek voeding,P2,NONE,,adhd voeding onderzoek 2011,1,10.0,10.0,IGNORE_IRRELEVANT,none
residual:adhd facebook,Restcluster: adhd facebook,P2,NONE,,adhd facebook,1,10.0,10.0,IGNORE_IRRELEVANT,none
residual:adhd verzamelwoede,Restcluster: adhd verzamelwoede,P2,NONE,,adhd verzamelwoede,1,10.0,10.0,IGNORE_IRRELEVANT,none
residual:adhd lto,Restcluster: adhd lto,P2,NONE,,lto adhd,1,10.0,10.0,IGNORE_IRRELEVANT,none
residual:adhd autisme nos pdd,Restcluster: adhd autisme nos pdd,P2,MEDIUM,,autisme adhd pdd nos,2,10.0,20.0,IGNORE_IRRELEVANT,none
residual:3d adhd thinking,Restcluster: 3d adhd thinking,P2,NONE,,adhd 3d thinking,1,10.0,10.0,IGNORE_IRRELEVANT,none
residual:adhd for imipramine,Restcluster: adhd for imipramine,P2,NONE,,imipramine for adhd,1,10.0,10.0,IGNORE_IRRELEVANT,none
residual:adhd fakta,Restcluster: adhd fakta,P2,NONE,,fakta adhd,1,10.0,10.0,IGNORE_IRRELEVANT,none
residual:adhd relatie tips,Restcluster: adhd relatie tips,P2,NONE,,adhd relatie tips,1,10.0,10.0,IGNORE_IRRELEVANT,none
residual:adhd disorder dissociative,Restcluster: adhd disorder dissociative,P2,NONE,,adhd dissociative disorder,1,10.0,10.0,IGNORE_IRRELEVANT,none
residual:adhd quarantine,Restcluster: adhd quarantine,P2,NONE,,adhd quarantine,1,10.0,10.0,IGNORE_IRRELEVANT,none
residual:adhd perfectionist with,Restcluster: adhd perfectionist with,P2,NONE,,perfectionist with adhd,1,10.0,10.0,IGNORE_IRRELEVANT,none
residual:adhd and d reddit vitamin,Restcluster: adhd and d reddit vitamin,P2,NONE,,vitamin d and adhd reddit,1,10.0,10.0,IGNORE_IRRELEVANT,none
residual:adhd lezing,Restcluster: adhd lezing,P2,NONE,,lezing adhd,1,10.0,10.0,IGNORE_IRRELEVANT,none
residual:adhd nepsy,Restcluster: adhd nepsy,P2,NONE,,nepsy adhd,1,10.0,10.0,IGNORE_IRRELEVANT,none
residual:adhd group partner support,Restcluster: adhd group partner support,P2,NONE,,adhd partner support group,1,10.0,10.0,IGNORE_IRRELEVANT,none
residual:adhd adults and anxiety,Restcluster: adhd adults and anxiety,P2,NONE,,adhd in adults and anxiety,1,10.0,10.0,IGNORE_IRRELEVANT,none
residual:adhd geneesmiddelen homeopathische,Restcluster: adhd geneesmiddelen homeopathische,P2,NONE,,homeopathische geneesmiddelen adhd,1,10.0,10.0,IGNORE_IRRELEVANT,none
residual:adhd instituut trimbos,Restcluster: adhd instituut trimbos,P2,NONE,,trimbos instituut adhd,1,10.0,10.0,IGNORE_IRRELEVANT,none
residual:adhd klas onderwijs voortgezet,Restcluster: adhd klas onderwijs voortgezet,P2,NONE,,adhd in de klas voortgezet onderwijs,1,10.0,10.0,IGNORE_IRRELEVANT,none
residual:adhd wellbutrin,Restcluster: adhd wellbutrin,P2,NONE,,wellbutrin in adhd,1,10.0,10.0,IGNORE_IRRELEVANT,none
residual:2 adhd jaar,Restcluster: 2 adhd jaar,P2,NONE,,adhd 2 jaar,1,10.0,10.0,IGNORE_IRRELEVANT,none
residual:adhd moving tips,Restcluster: adhd moving tips,P2,NONE,,adhd moving tips,1,10.0,10.0,IGNORE_IRRELEVANT,none
residual:adhd cost qbtest,Restcluster: adhd cost qbtest,P2,NONE,,qbtest adhd cost,1,10.0,10.0,IGNORE_IRRELEVANT,none
residual:5 adhd utredning åring,Restcluster: 5 adhd utredning åring,P2,NONE,,adhd utredning 5 åring,1,10.0,10.0,IGNORE_IRRELEVANT,none
residual:adhd fosfatidylserine,Restcluster: adhd fosfatidylserine,P2,NONE,,fosfatidylserine adhd,1,10.0,10.0,IGNORE_IRRELEVANT,none
residual:adhd disorders language,Restcluster: adhd disorders language,P2,NONE,,adhd language disorders,1,10.0,10.0,IGNORE_IRRELEVANT,none
residual:adhd dose l tyrosine,Restcluster: adhd dose l tyrosine,P2,NONE,,l tyrosine dose adhd,1,10.0,10.0,IGNORE_IRRELEVANT,none
residual:adhd brain fast processing speed,Restcluster: adhd brain fast processing speed,P2,NONE,,fast processing speed brain adhd,1,10.0,10.0,IGNORE_IRRELEVANT,none
residual:adhd does have speed,Restcluster: adhd does have speed,P2,NONE,,does speed have adhd,1,10.0,10.0,IGNORE_IRRELEVANT,none
residual:adhd alternatieve geneesmiddelen,Restcluster: adhd alternatieve geneesmiddelen,P2,NONE,,alternatieve geneesmiddelen adhd,1,10.0,10.0,IGNORE_IRRELEVANT,none
residual:adhd leerlingen onderwijs secundair,Restcluster: adhd leerlingen onderwijs secundair,P2,NONE,,adhd leerlingen secundair onderwijs,1,10.0,10.0,IGNORE_IRRELEVANT,none
residual:adhd wangbijten,Restcluster: adhd wangbijten,P2,NONE,,wangbijten adhd,1,10.0,10.0,IGNORE_IRRELEVANT,none
residual:adhd zorgtraject,Restcluster: adhd zorgtraject,P2,NONE,,zorgtraject adhd,1,10.0,10.0,IGNORE_IRRELEVANT,none
residual:adhd curcumin,Restcluster: adhd curcumin,P2,NONE,,curcumin adhd,1,10.0,10.0,IGNORE_IRRELEVANT,none
residual:adhd benaderingswijze,Restcluster: adhd benaderingswijze,P2,NONE,,benaderingswijze adhd,1,10.0,10.0,IGNORE_IRRELEVANT,none
residual:adhd beeld onoplettend,Restcluster: adhd beeld onoplettend,P2,NONE,,adhd onoplettend beeld,1,10.0,10.0,IGNORE_IRRELEVANT,none
residual:adhd relatie voeding,Restcluster: adhd relatie voeding,P2,NONE,,relatie adhd en voeding,1,10.0,10.0,IGNORE_IRRELEVANT,none
residual:adhd politie,Restcluster: adhd politie,P2,NONE,,adhd politie,1,10.0,10.0,IGNORE_IRRELEVANT,none
residual:adhd alternativ behandling,Restcluster: adhd alternativ behandling,P2,NONE,,alternativ behandling adhd,1,10.0,10.0,IGNORE_IRRELEVANT,none
residual:adhd glutamine,Restcluster: adhd glutamine,P2,NONE,,glutamine adhd,1,10.0,10.0,IGNORE_IRRELEVANT,none
residual:adhd dyspraxia or,Restcluster: adhd dyspraxia or,P2,NONE,,dyspraxia or adhd,1,10.0,10.0,IGNORE_IRRELEVANT,none
residual:adhd opinion second,Restcluster: adhd opinion second,P2,NONE,,second opinion adhd,1,10.0,10.0,IGNORE_IRRELEVANT,none
residual:adhd adults for tips,Restcluster: adhd adults for tips,P2,NONE,,adhd tips for adults,1,10.0,10.0,IGNORE_IRRELEVANT,none
residual:adhd reddit tyrosine,Restcluster: adhd reddit tyrosine,P2,NONE,,tyrosine adhd reddit,1,10.0,10.0,IGNORE_IRRELEVANT,none
residual:adhd retard,Restcluster: adhd retard,P2,NONE,,retard adhd,1,10.0,10.0,IGNORE_IRRELEVANT,none
residual:adhd coach online,Restcluster: adhd coach online,P2,NONE,,coach adhd online,1,10.0,10.0,IGNORE_IRRELEVANT,none
residual:adhd inhibition latent low,Restcluster: adhd inhibition latent low,P2,NONE,,low latent inhibition adhd,1,10.0,10.0,IGNORE_IRRELEVANT,none
residual:adhd werkgever,Restcluster: adhd werkgever,P2,NONE,,adhd en werkgever,2,10.0,20.0,IGNORE_IRRELEVANT,none
residual:adhd benen rusteloze,Restcluster: adhd benen rusteloze,P2,NONE,,rusteloze benen adhd,1,10.0,10.0,IGNORE_IRRELEVANT,none
residual:11 adhd icd,Restcluster: 11 adhd icd,P2,NONE,,adhd icd 11,1,10.0,10.0,IGNORE_IRRELEVANT,none
residual:adhd sociale vaardigheidstraining,Restcluster: adhd sociale vaardigheidstraining,P2,NONE,,sociale vaardigheidstraining adhd,1,10.0,10.0,IGNORE_IRRELEVANT,none
residual:adhd clipphanger,Restcluster: adhd clipphanger,P2,NONE,,clipphanger adhd,1,10.0,10.0,IGNORE_IRRELEVANT,none
residual:adhd for partners,Restcluster: adhd for partners,P2,NONE,,adhd for partners,1,10.0,10.0,IGNORE_IRRELEVANT,none
residual:adhd levertraan,Restcluster: adhd levertraan,P2,NONE,,levertraan adhd,1,10.0,10.0,IGNORE_IRRELEVANT,none
residual:adhd omgang,Restcluster: adhd omgang,P2,NONE,,omgang adhd,2,10.0,20.0,IGNORE_IRRELEVANT,none
residual:adhd android app hulp,Restcluster: adhd android app hulp,P2,NONE,,adhd hulp app android,1,10.0,10.0,IGNORE_IRRELEVANT,none
residual:3 adhd core symptoms,Restcluster: 3 adhd core symptoms,P2,NONE,,3 core symptoms of adhd,1,10.0,10.0,IGNORE_IRRELEVANT,none
residual:adhd b12 reddit,Restcluster: adhd b12 reddit,P2,NONE,,b12 adhd reddit,1,10.0,10.0,IGNORE_IRRELEVANT,none
residual:adhd risicofactoren,Restcluster: adhd risicofactoren,P2,NONE,,risicofactoren adhd,1,10.0,10.0,IGNORE_IRRELEVANT,none
residual:adhd verliefd,Restcluster: adhd verliefd,P2,NONE,,adhd verliefd,2,10.0,20.0,IGNORE_IRRELEVANT,none
residual:adhd ga hoe volwassenen,Restcluster: adhd ga hoe volwassenen,P2,NONE,,hoe ga je om met adhd volwassenen,1,10.0,10.0,IGNORE_IRRELEVANT,none
residual:adhd mucuna pruriens reddit,Restcluster: adhd mucuna pruriens reddit,P2,NONE,,mucuna pruriens reddit adhd,1,10.0,10.0,IGNORE_IRRELEVANT,none
residual:adhd angst volwassenen,Restcluster: adhd angst volwassenen,P2,NONE,,adhd en angst volwassenen,1,10.0,10.0,IGNORE_IRRELEVANT,none
residual:adhd cyp2d6,Restcluster: adhd cyp2d6,P2,NONE,,cyp2d6 adhd,1,10.0,10.0,IGNORE_IRRELEVANT,none
residual:adhd bruine ruis,Restcluster: adhd bruine ruis,P2,NONE,,bruine ruis adhd,1,10.0,10.0,IGNORE_IRRELEVANT,none
residual:adhd for memantine,Restcluster: adhd for memantine,P2,NONE,,memantine for adhd,1,10.0,10.0,IGNORE_IRRELEVANT,none
residual:adhd for indica or sativa,Restcluster: adhd for indica or sativa,P2,NONE,,sativa or indica for adhd,1,10.0,10.0,IGNORE_IRRELEVANT,none
residual:adhd remedy rescue,Restcluster: adhd remedy rescue,P2,NONE,,rescue remedy adhd,1,10.0,10.0,IGNORE_IRRELEVANT,none
residual:adhd certera,Restcluster: adhd certera,P2,NONE,,certera adhd,1,10.0,10.0,IGNORE_IRRELEVANT,none
residual:adhd leuven raadpleging uz,Restcluster: adhd leuven raadpleging uz,P2,NONE,,adhd raadpleging uz leuven,1,10.0,10.0,IGNORE_IRRELEVANT,none
residual:adhd loesje,Restcluster: adhd loesje,P2,NONE,,loesje adhd,1,10.0,10.0,IGNORE_IRRELEVANT,none
residual:adhd apa itu penyakit,Restcluster: adhd apa itu penyakit,P2,NONE,,penyakit adhd itu apa,1,10.0,10.0,IGNORE_IRRELEVANT,none
residual:adhd mbd,Restcluster: adhd mbd,P2,NONE,,mbd adhd,1,10.0,10.0,IGNORE_IRRELEVANT,none
residual:adhd amfexa,Restcluster: adhd amfexa,P2,NONE,,amfexa adhd,1,10.0,10.0,IGNORE_IRRELEVANT,none
residual:adhd seeking thrill,Restcluster: adhd seeking thrill,P2,NONE,,thrill seeking adhd,1,10.0,10.0,IGNORE_IRRELEVANT,none
residual:adhd does have jimmy mcgill,Restcluster: adhd does have jimmy mcgill,P2,NONE,,does jimmy mcgill have adhd,1,10.0,10.0,IGNORE_IRRELEVANT,none
residual:5k adhd,Restcluster: 5k adhd,P2,NONE,,adhd 5k,1,10.0,10.0,IGNORE_IRRELEVANT,none
residual:adhd and disorder dissociative identity,Restcluster: adhd and disorder dissociative identity,P2,NONE,,dissociative identity disorder and adhd,1,10.0,10.0,IGNORE_IRRELEVANT,none
residual:adhd inderal,Restcluster: adhd inderal,P2,NONE,,inderal adhd,1,10.0,10.0,IGNORE_IRRELEVANT,none
residual:adhd root valerian,Restcluster: adhd root valerian,P2,NONE,,valerian root adhd,1,10.0,10.0,IGNORE_IRRELEVANT,none
residual:adhd safren,Restcluster: adhd safren,P2,NONE,,safren adhd,1,10.0,10.0,IGNORE_IRRELEVANT,none
residual:adhd complimentenspel,Restcluster: adhd complimentenspel,P2,NONE,,complimentenspel adhd,1,10.0,10.0,IGNORE_IRRELEVANT,none
residual:adhd adults for signs,Restcluster: adhd adults for signs,P2,NONE,,signs of adhd for adults,1,10.0,10.0,IGNORE_IRRELEVANT,none
residual:adhd reddit taurine,Restcluster: adhd reddit taurine,P2,NONE,,taurine adhd reddit,1,10.0,10.0,IGNORE_IRRELEVANT,none
residual:adhd wellbutrin with,Restcluster: adhd wellbutrin with,P2,NONE,,wellbutrin with adhd,1,10.0,10.0,IGNORE_IRRELEVANT,none
residual:adhd arabic meaning,Restcluster: adhd arabic meaning,P2,NONE,,adhd meaning arabic,1,10.0,10.0,IGNORE_IRRELEVANT,none
residual:adhd breda poli,Restcluster: adhd breda poli,P2,NONE,,adhd poli breda,1,10.0,10.0,IGNORE_IRRELEVANT,none
residual:50 adhd tips,Restcluster: 50 adhd tips,P2,NONE,,50 tips adhd,1,10.0,10.0,IGNORE_IRRELEVANT,none
residual:adhd for reddit tyrosine,Restcluster: adhd for reddit tyrosine,P2,NONE,,tyrosine for adhd reddit,1,10.0,10.0,IGNORE_IRRELEVANT,none
residual:5 adhd asrs,Restcluster: 5 adhd asrs,P2,NONE,,asrs 5 adhd,1,10.0,10.0,IGNORE_IRRELEVANT,none
residual:adhd dewasa gejala,Restcluster: adhd dewasa gejala,P2,NONE,,gejala adhd dewasa,1,10.0,10.0,IGNORE_IRRELEVANT,none
residual:adhd doterra oils,Restcluster: adhd doterra oils,P2,NONE,,doterra oils adhd,1,10.0,10.0,IGNORE_IRRELEVANT,none
residual:adhd adhd still unspecified,Restcluster: adhd adhd still unspecified,P2,NONE,,is unspecified adhd still adhd,1,10.0,10.0,IGNORE_IRRELEVANT,none
residual:adhd fluid intelligence,Restcluster: adhd fluid intelligence,P2,NONE,,fluid intelligence adhd,1,10.0,10.0,IGNORE_IRRELEVANT,none
residual:adhd jewellery,Restcluster: adhd jewellery,P2,NONE,,adhd jewellery,1,10.0,10.0,IGNORE_IRRELEVANT,none
residual:adhd er leven,Restcluster: adhd er leven,P2,NONE,,leven met een adhd er,1,10.0,10.0,IGNORE_IRRELEVANT,none
residual:adhd brain training,Restcluster: adhd brain training,P2,NONE,,brain training adhd,1,10.0,10.0,IGNORE_IRRELEVANT,none
residual:adhd does for remedy rescue work,Restcluster: adhd does for remedy rescue work,P2,NONE,,does rescue remedy work for adhd,1,10.0,10.0,IGNORE_IRRELEVANT,none
residual:adhd cause does tics,Restcluster: adhd cause does tics,P2,NONE,,does adhd cause tics,1,10.0,10.0,IGNORE_IRRELEVANT,none
residual:adhd interventies,Restcluster: adhd interventies,P2,NONE,,interventies adhd,1,10.0,10.0,IGNORE_IRRELEVANT,none
residual:adhd nijmegen poli,Restcluster: adhd nijmegen poli,P2,NONE,,adhd poli nijmegen,1,10.0,10.0,IGNORE_IRRELEVANT,none
residual:adhd werkstukken,Restcluster: adhd werkstukken,P2,NONE,,werkstukken adhd,1,10.0,10.0,IGNORE_IRRELEVANT,none
residual:adhd living olie young,Restcluster: adhd living olie young,P2,NONE,,young living olie adhd,1,10.0,10.0,IGNORE_IRRELEVANT,none
residual:adhd intp,Restcluster: adhd intp,P2,NONE,,intp adhd,1,10.0,10.0,IGNORE_IRRELEVANT,none
residual:adhd pressured speech,Restcluster: adhd pressured speech,P2,NONE,,pressured speech adhd,1,10.0,10.0,IGNORE_IRRELEVANT,none
residual:adhd druk zonder,Restcluster: adhd druk zonder,P2,NONE,,adhd zonder druk zijn,1,10.0,10.0,IGNORE_IRRELEVANT,none
residual:5 adhd gta kendrick lamar,Restcluster: 5 adhd gta kendrick lamar,P2,NONE,,adhd kendrick lamar gta 5,1,10.0,10.0,IGNORE_IRRELEVANT,none
residual:adhd for games iphone,Restcluster: adhd for games iphone,P2,NONE,,iphone games for adhd,1,10.0,10.0,IGNORE_IRRELEVANT,none
residual:adhd woede,Restcluster: adhd woede,P2,NONE,,adhd woede,1,10.0,10.0,IGNORE_IRRELEVANT,none
residual:adhd dosage taurine,Restcluster: adhd dosage taurine,P2,NONE,,taurine adhd dosage,1,10.0,10.0,IGNORE_IRRELEVANT,none
residual:adhd onderwijs secundair,Restcluster: adhd onderwijs secundair,P2,NONE,,adhd secundair onderwijs,1,10.0,10.0,IGNORE_IRRELEVANT,none
residual:adhd leeftijd,Restcluster: adhd leeftijd,P2,NONE,,adhd leeftijd,1,10.0,10.0,IGNORE_IRRELEVANT,none
residual:adhd dagplanner,Restcluster: adhd dagplanner,P2,NONE,,dagplanner adhd,1,10.0,10.0,IGNORE_IRRELEVANT,none
residual:adhd benefits wellbutrin,Restcluster: adhd benefits wellbutrin,P2,NONE,,wellbutrin benefits adhd,1,10.0,10.0,IGNORE_IRRELEVANT,none
residual:adhd online qbtest,Restcluster: adhd online qbtest,P2,NONE,,qbtest adhd online,1,10.0,10.0,IGNORE_IRRELEVANT,none
residual:adhd poli weert,Restcluster: adhd poli weert,P2,NONE,,adhd poli weert,1,10.0,10.0,IGNORE_IRRELEVANT,none
residual:adhd french meaning,Restcluster: adhd french meaning,P2,NONE,,adhd meaning french,2,10.0,20.0,IGNORE_IRRELEVANT,none
residual:adhd blend living roller young,Restcluster: adhd blend living roller young,P2,NONE,,young living adhd roller blend,1,10.0,10.0,IGNORE_IRRELEVANT,none
residual:adhd journaling reddit,Restcluster: adhd journaling reddit,P2,NONE,,adhd journaling reddit,1,10.0,10.0,IGNORE_IRRELEVANT,none
residual:adhd efteling verklaring,Restcluster: adhd efteling verklaring,P2,NONE,,efteling adhd verklaring,1,10.0,10.0,IGNORE_IRRELEVANT,none
residual:19 adhd woman wonder,Restcluster: 19 adhd woman wonder,P2,NONE,,wonder woman 19 adhd,1,10.0,10.0,IGNORE_IRRELEVANT,none
residual:adhd diagnos vuxen,Restcluster: adhd diagnos vuxen,P2,NONE,,adhd diagnos vuxen,1,10.0,10.0,IGNORE_IRRELEVANT,none
residual:adhd oktober,Restcluster: adhd oktober,P2,NONE,,adhd oktober,1,10.0,10.0,IGNORE_IRRELEVANT,none
residual:adhd bupropion xl,Restcluster: adhd bupropion xl,P2,NONE,,bupropion xl adhd,1,10.0,10.0,IGNORE_IRRELEVANT,none
residual:adhd etherische olie,Restcluster: adhd etherische olie,P2,NONE,,etherische olie adhd,1,10.0,10.0,IGNORE_IRRELEVANT,none
residual:adhd awareness maand,Restcluster: adhd awareness maand,P2,NONE,,adhd awareness maand,1,10.0,10.0,IGNORE_IRRELEVANT,none
residual:adhd scid,Restcluster: adhd scid,P2,NONE,,scid adhd,1,10.0,10.0,IGNORE_IRRELEVANT,none
residual:adhd tourette,Restcluster: adhd tourette,P2,NONE,,tourette adhd,1,10.0,10.0,IGNORE_IRRELEVANT,none
residual:adhd neuroimaging,Restcluster: adhd neuroimaging,P2,NONE,,neuroimaging adhd,1,10.0,10.0,IGNORE_IRRELEVANT,none
residual:adhd forum odd,Restcluster: adhd forum odd,P2,NONE,,adhd odd forum,1,10.0,10.0,IGNORE_IRRELEVANT,none
residual:adhd latere leeftijd ontwikkelen,Restcluster: adhd latere leeftijd ontwikkelen,P2,NONE,,adhd op latere leeftijd ontwikkelen,1,10.0,10.0,IGNORE_IRRELEVANT,none
residual:adhd for rating scale utah wender,Restcluster: adhd for rating scale utah wender,P2,NONE,,wender utah rating scale for adhd,1,10.0,10.0,IGNORE_IRRELEVANT,none
residual:adhd odd wat,Restcluster: adhd odd wat,P2,NONE,,wat is odd adhd,1,10.0,10.0,IGNORE_IRRELEVANT,none
residual:adhd alpha stim,Restcluster: adhd alpha stim,P2,NONE,,alpha stim adhd,1,10.0,10.0,IGNORE_IRRELEVANT,none
residual:adhd hyperfocus,Restcluster: adhd hyperfocus,P2,NONE,,hyperfocus bij adhd,1,10.0,10.0,IGNORE_IRRELEVANT,none
residual:adhd hoe voelt,Restcluster: adhd hoe voelt,P2,NONE,,hoe voelt adhd,1,10.0,10.0,IGNORE_IRRELEVANT,none
residual:adhd nhs signs,Restcluster: adhd nhs signs,P2,NONE,,signs of adhd nhs,1,10.0,10.0,IGNORE_IRRELEVANT,none
residual:adhd autisme spectrum stoornis,Restcluster: adhd autisme spectrum stoornis,P2,MEDIUM,,adhd autisme spectrum stoornis,1,10.0,10.0,IGNORE_IRRELEVANT,none
residual:adhd leva med vuxen,Restcluster: adhd leva med vuxen,P2,NONE,,leva med adhd vuxen,1,10.0,10.0,IGNORE_IRRELEVANT,none
residual:adhd centrum middelburg,Restcluster: adhd centrum middelburg,P2,NONE,,adhd centrum middelburg,1,10.0,10.0,IGNORE_IRRELEVANT,none
residual:adhd narcisme verschil,Restcluster: adhd narcisme verschil,P2,NONE,,verschil adhd en narcisme,1,10.0,10.0,IGNORE_IRRELEVANT,none
residual:adhd for reviews wellbutrin,Restcluster: adhd for reviews wellbutrin,P2,NONE,,wellbutrin for adhd reviews,1,10.0,10.0,IGNORE_IRRELEVANT,none
residual:adhd slaapstoornis,Restcluster: adhd slaapstoornis,P2,NONE,,adhd slaapstoornis,1,10.0,10.0,IGNORE_IRRELEVANT,none
residual:0 2 adhd diva,Restcluster: 0 2 adhd diva,P2,NONE,,diva 2.0 adhd,1,10.0,10.0,IGNORE_IRRELEVANT,none
residual:10 adhd disorder icd,Restcluster: 10 adhd disorder icd,P2,NONE,,adhd disorder icd 10,1,10.0,10.0,IGNORE_IRRELEVANT,none
residual:adhd kyani,Restcluster: adhd kyani,P2,NONE,,kyani adhd,1,10.0,10.0,IGNORE_IRRELEVANT,none
residual:adhd gecombineerde type volwassenen,Restcluster: adhd gecombineerde type volwassenen,P2,NONE,,adhd gecombineerde type volwassenen,1,10.0,10.0,IGNORE_IRRELEVANT,none
residual:adhd b6,Restcluster: adhd b6,P2,NONE,,b6 adhd,1,10.0,10.0,IGNORE_IRRELEVANT,none
residual:adhd deficiency iron,Restcluster: adhd deficiency iron,P2,NONE,,iron deficiency adhd,1,10.0,10.0,IGNORE_IRRELEVANT,none
residual:adhd depression wellbutrin,Restcluster: adhd depression wellbutrin,P2,NONE,,wellbutrin adhd depression,1,10.0,10.0,IGNORE_IRRELEVANT,none
residual:aanpak adhd,Restcluster: aanpak adhd,P2,NONE,,adhd aanpak,2,10.0,20.0,IGNORE_IRRELEVANT,none
residual:adhd nederland rsd,Restcluster: adhd nederland rsd,P2,NONE,,rsd adhd nederland,1,10.0,10.0,IGNORE_IRRELEVANT,none
residual:3 adhd wais,Restcluster: 3 adhd wais,P2,NONE,,wais-3 adhd,1,10.0,10.0,IGNORE_IRRELEVANT,none
residual:adhd passiflora,Restcluster: adhd passiflora,P2,NONE,,passiflora adhd,1,10.0,10.0,IGNORE_IRRELEVANT,none
residual:adhd scatterbrained,Restcluster: adhd scatterbrained,P2,NONE,,scatterbrained adhd,1,10.0,10.0,IGNORE_IRRELEVANT,none
residual:adhd dieet radboud,Restcluster: adhd dieet radboud,P2,NONE,,dieet adhd radboud,1,10.0,10.0,IGNORE_IRRELEVANT,none
residual:18 adhd month old symptoms,Restcluster: 18 adhd month old symptoms,P2,NONE,,symptoms of adhd in 18 month old,1,10.0,10.0,IGNORE_IRRELEVANT,none
residual:adhd stigmatisering,Restcluster: adhd stigmatisering,P2,NONE,,stigmatisering adhd,1,10.0,10.0,IGNORE_IRRELEVANT,none
residual:adhd ontwikkeling,Restcluster: adhd ontwikkeling,P2,NONE,,ontwikkeling adhd,1,10.0,10.0,IGNORE_IRRELEVANT,none
residual:adhd bekende personen,Restcluster: adhd bekende personen,P2,NONE,,bekende personen met adhd,1,10.0,10.0,IGNORE_IRRELEVANT,none
residual:adhd adults older,Restcluster: adhd adults older,P2,NONE,,adhd in older adults,1,10.0,10.0,IGNORE_IRRELEVANT,none
residual:adhd and narcolepsy,Restcluster: adhd and narcolepsy,P2,NONE,,narcolepsy and adhd,1,10.0,10.0,IGNORE_IRRELEVANT,none
residual:adhd dha epa for ratio,Restcluster: adhd dha epa for ratio,P2,NONE,,epa to dha ratio for adhd,1,10.0,10.0,IGNORE_IRRELEVANT,none
residual:adhd and lithium orotate,Restcluster: adhd and lithium orotate,P2,NONE,,lithium orotate and adhd,1,10.0,10.0,IGNORE_IRRELEVANT,none
residual:adhd adults rebound reddit,Restcluster: adhd adults rebound reddit,P2,NONE,,adhd rebound in adults reddit,1,10.0,10.0,IGNORE_IRRELEVANT,none
residual:adhd focuz,Restcluster: adhd focuz,P2,NONE,,focuz adhd,1,10.0,10.0,IGNORE_IRRELEVANT,none
residual:adhd are for good puzzles,Restcluster: adhd are for good puzzles,P2,NONE,,are puzzles good for adhd,1,10.0,10.0,IGNORE_IRRELEVANT,none
residual:adhd buitenbeentjes,Restcluster: adhd buitenbeentjes,P2,NONE,,buitenbeentjes adhd,1,10.0,10.0,IGNORE_IRRELEVANT,none
residual:adhd studietips,Restcluster: adhd studietips,P2,NONE,,studietips adhd,1,10.0,10.0,IGNORE_IRRELEVANT,none
residual:adhd etiologie,Restcluster: adhd etiologie,P2,NONE,,etiologie adhd,1,10.0,10.0,IGNORE_IRRELEVANT,none
residual:adhd leva med med någon,Restcluster: adhd leva med med någon,P2,NONE,,leva med någon med adhd,1,10.0,10.0,IGNORE_IRRELEVANT,none
residual:adhd and danlos ehlers syndrome,Restcluster: adhd and danlos ehlers syndrome,P2,NONE,,ehlers danlos syndrome and adhd,1,10.0,10.0,IGNORE_IRRELEVANT,none
residual:adhd onderzoek vergoeding,Restcluster: adhd onderzoek vergoeding,P2,NONE,,adhd onderzoek vergoeding,2,10.0,20.0,IGNORE_IRRELEVANT,none
residual:adhd emoties reguleren,Restcluster: adhd emoties reguleren,P2,NONE,,adhd emoties reguleren,1,10.0,10.0,IGNORE_IRRELEVANT,none
residual:adhd ramadan,Restcluster: adhd ramadan,P2,NONE,,ramadan adhd,1,10.0,10.0,IGNORE_IRRELEVANT,none
residual:adhd bnha reader x,Restcluster: adhd bnha reader x,P2,NONE,,bnha x adhd reader,1,10.0,10.0,IGNORE_IRRELEVANT,none
residual:adhd quora,Restcluster: adhd quora,P2,NONE,,adhd quora,1,10.0,10.0,IGNORE_IRRELEVANT,none
residual:adhd eye q,Restcluster: adhd eye q,P2,NONE,,eye q adhd,1,10.0,10.0,IGNORE_IRRELEVANT,none
residual:adhd rijlessen,Restcluster: adhd rijlessen,P2,NONE,,rijlessen met adhd,1,10.0,10.0,IGNORE_IRRELEVANT,none
residual:adhd game serious,Restcluster: adhd game serious,P2,NONE,,serious game adhd,1,10.0,10.0,IGNORE_IRRELEVANT,none
residual:adhd zitstil,Restcluster: adhd zitstil,P2,NONE,,zitstil adhd,1,10.0,10.0,IGNORE_IRRELEVANT,none
residual:adhd hulpwaaier klas,Restcluster: adhd hulpwaaier klas,P2,NONE,,hulpwaaier adhd in de klas,1,10.0,10.0,IGNORE_IRRELEVANT,none
residual:6th adhd sense,Restcluster: 6th adhd sense,P2,NONE,,adhd 6th sense,1,10.0,10.0,IGNORE_IRRELEVANT,none
residual:adhd charly luske,Restcluster: adhd charly luske,P2,NONE,,charly luske adhd,1,10.0,10.0,IGNORE_IRRELEVANT,none
residual:adhd does for neurofeedback work,Restcluster: adhd does for neurofeedback work,P2,NONE,,does neurofeedback work for adhd,1,10.0,10.0,IGNORE_IRRELEVANT,none
residual:adhd pie pinkie,Restcluster: adhd pie pinkie,P2,NONE,,pinkie pie adhd,1,10.0,10.0,IGNORE_IRRELEVANT,none
residual:adhd apps for mindfulness,Restcluster: adhd apps for mindfulness,P2,NONE,,mindfulness apps for adhd,1,10.0,10.0,IGNORE_IRRELEVANT,none
residual:adhd adults for quotes,Restcluster: adhd adults for quotes,P2,NONE,,adhd quotes for adults,1,10.0,10.0,IGNORE_IRRELEVANT,none
residual:adhd utredning voksne,Restcluster: adhd utredning voksne,P2,NONE,,utredning adhd voksne,1,10.0,10.0,IGNORE_IRRELEVANT,none
residual:adhd brainpower,Restcluster: adhd brainpower,P2,NONE,,adhd brainpower,1,10.0,10.0,IGNORE_IRRELEVANT,none
residual:adhd kenniscentrum nijmegen,Restcluster: adhd kenniscentrum nijmegen,P2,NONE,,kenniscentrum adhd nijmegen,1,10.0,10.0,IGNORE_IRRELEVANT,none
residual:adhd for lithium orotate,Restcluster: adhd for lithium orotate,P2,NONE,,lithium orotate for adhd,1,10.0,10.0,IGNORE_IRRELEVANT,none
residual:adhd andere stoornissen,Restcluster: adhd andere stoornissen,P2,NONE,,adhd en andere stoornissen,1,10.0,10.0,IGNORE_IRRELEVANT,none
residual:adhd utredning voksen,Restcluster: adhd utredning voksen,P2,NONE,,utredning adhd voksen,1,10.0,10.0,IGNORE_IRRELEVANT,none
residual:adhd ear loops,Restcluster: adhd ear loops,P2,NONE,,ear loops adhd,1,10.0,10.0,IGNORE_IRRELEVANT,none
residual:adhd diazepam,Restcluster: adhd diazepam,P2,NONE,,diazepam adhd,1,10.0,10.0,IGNORE_IRRELEVANT,none
residual:adhd for parnate,Restcluster: adhd for parnate,P2,NONE,,parnate for adhd,1,10.0,10.0,IGNORE_IRRELEVANT,none
residual:adhd non partner reddit,Restcluster: adhd non partner reddit,P2,NONE,,non adhd partner reddit,1,10.0,10.0,IGNORE_IRRELEVANT,none
residual:adhd reading speed,Restcluster: adhd reading speed,P2,NONE,,adhd speed reading,1,10.0,10.0,IGNORE_IRRELEVANT,none
residual:adhd type,Restcluster: adhd type,P2,NONE,,adhd type,2,10.0,20.0,IGNORE_IRRELEVANT,none
residual:0 90 adhd f,Restcluster: 0 90 adhd f,P2,NONE,,adhd f 90.0,1,10.0,10.0,IGNORE_IRRELEVANT,none
residual:adhd dieet ketogeen,Restcluster: adhd dieet ketogeen,P2,NONE,,ketogeen dieet adhd,1,10.0,10.0,IGNORE_IRRELEVANT,none
residual:adhd binge disorder eating,Restcluster: adhd binge disorder eating,P2,NONE,,adhd binge eating disorder,1,10.0,10.0,IGNORE_IRRELEVANT,none
residual:adhd positieve punten,Restcluster: adhd positieve punten,P2,NONE,,positieve punten adhd,1,10.0,10.0,IGNORE_IRRELEVANT,none
residual:abilify adhd for good,Restcluster: abilify adhd for good,P2,NONE,,is abilify good for adhd,1,10.0,10.0,IGNORE_IRRELEVANT,none
residual:adhd rohypnol,Restcluster: adhd rohypnol,P2,NONE,,rohypnol adhd,1,10.0,10.0,IGNORE_IRRELEVANT,none
residual:adhd from tics,Restcluster: adhd from tics,P2,NONE,,tics from adhd,1,10.0,10.0,IGNORE_IRRELEVANT,none
residual:adhd adults for study tips,Restcluster: adhd adults for study tips,P2,NONE,,adhd study tips for adults,1,10.0,10.0,IGNORE_IRRELEVANT,none
residual:adhd ervaringen pycnogenol,Restcluster: adhd ervaringen pycnogenol,P2,NONE,,pycnogenol ervaringen adhd,1,10.0,10.0,IGNORE_IRRELEVANT,none
residual:adhd jij wat weet,Restcluster: adhd jij wat weet,P2,NONE,,weet jij wat adhd is,1,10.0,10.0,IGNORE_IRRELEVANT,none
residual:adhd creativiteit,Restcluster: adhd creativiteit,P2,NONE,,adhd creativiteit,1,10.0,10.0,IGNORE_IRRELEVANT,none
residual:adhd handelingswijzer,Restcluster: adhd handelingswijzer,P2,NONE,,handelingswijzer adhd,1,10.0,10.0,IGNORE_IRRELEVANT,none
residual:adhd filmpje klas,Restcluster: adhd filmpje klas,P2,NONE,,filmpje adhd in de klas,1,10.0,10.0,IGNORE_IRRELEVANT,none
residual:3 adhd oireet vuotiaalla,Restcluster: 3 adhd oireet vuotiaalla,P2,NONE,,adhd oireet 3-vuotiaalla,1,10.0,10.0,IGNORE_IRRELEVANT,none
residual:adhd lage verwerkingssnelheid,Restcluster: adhd lage verwerkingssnelheid,P2,NONE,,lage verwerkingssnelheid adhd,1,10.0,10.0,IGNORE_IRRELEVANT,none
residual:adhd amsterdam centraal contact,Restcluster: adhd amsterdam centraal contact,P2,NONE,,adhd centraal amsterdam contact,1,10.0,10.0,IGNORE_IRRELEVANT,none
residual:adhd effexor,Restcluster: adhd effexor,P2,NONE,,effexor adhd,1,10.0,10.0,IGNORE_IRRELEVANT,none
residual:adhd boek heb hoera,Restcluster: adhd boek heb hoera,P2,NONE,,boek hoera ik heb adhd,1,10.0,10.0,IGNORE_IRRELEVANT,none
residual:adhd funny shirt,Restcluster: adhd funny shirt,P2,NONE,,funny adhd shirt,1,10.0,10.0,IGNORE_IRRELEVANT,none
residual:adhd poses yoga,Restcluster: adhd poses yoga,P2,NONE,,adhd yoga poses,1,10.0,10.0,IGNORE_IRRELEVANT,none
residual:adhd spinner,Restcluster: adhd spinner,P2,NONE,,adhd spinner,1,10.0,10.0,IGNORE_IRRELEVANT,none
residual:adhd arabic wikipedia,Restcluster: adhd arabic wikipedia,P2,NONE,,adhd wikipedia arabic,1,10.0,10.0,IGNORE_IRRELEVANT,none
residual:adhd beelddenken,Restcluster: adhd beelddenken,P2,NONE,,adhd beelddenken,1,10.0,10.0,IGNORE_IRRELEVANT,none
residual:adhd emoties omgaan,Restcluster: adhd emoties omgaan,P2,NONE,,adhd omgaan met emoties,1,10.0,10.0,IGNORE_IRRELEVANT,none
residual:adhd adults wellbutrin xl,Restcluster: adhd adults wellbutrin xl,P2,NONE,,wellbutrin xl adhd adults,1,10.0,10.0,IGNORE_IRRELEVANT,none
residual:adhd netwerk volwassenen,Restcluster: adhd netwerk volwassenen,P2,NONE,,netwerk adhd bij volwassenen,1,10.0,10.0,IGNORE_IRRELEVANT,none
residual:adhd rugzakje,Restcluster: adhd rugzakje,P2,NONE,,rugzakje adhd,1,10.0,10.0,IGNORE_IRRELEVANT,none
residual:adhd verborgen,Restcluster: adhd verborgen,P2,NONE,,verborgen adhd,1,10.0,10.0,IGNORE_IRRELEVANT,none
residual:adhd cod liver oil,Restcluster: adhd cod liver oil,P2,NONE,,cod liver oil adhd,1,10.0,10.0,IGNORE_IRRELEVANT,none
residual:adhd jenter med,Restcluster: adhd jenter med,P2,NONE,,jenter med adhd,1,10.0,10.0,IGNORE_IRRELEVANT,none
residual:adhd for living young,Restcluster: adhd for living young,P2,NONE,,young living for adhd,1,10.0,10.0,IGNORE_IRRELEVANT,none
residual:adhd multidisciplinaire richtlijn volwassenen,Restcluster: adhd multidisciplinaire richtlijn volwassenen,P2,NONE,,multidisciplinaire richtlijn adhd volwassenen,1,10.0,10.0,IGNORE_IRRELEVANT,none
residual:adhd reddit speed,Restcluster: adhd reddit speed,P2,NONE,,speed adhd reddit,1,10.0,10.0,IGNORE_IRRELEVANT,none
residual:adhd verliefd worden,Restcluster: adhd verliefd worden,P2,NONE,,adhd en verliefd worden,1,10.0,10.0,IGNORE_IRRELEVANT,none
residual:adhd apps for management time,Restcluster: adhd apps for management time,P2,NONE,,time management apps for adhd,1,10.0,10.0,IGNORE_IRRELEVANT,none
residual:adhd analysis applied behavior for,Restcluster: adhd analysis applied behavior for,P2,NONE,,applied behavior analysis for adhd,1,10.0,10.0,IGNORE_IRRELEVANT,none
residual:adhd taboe,Restcluster: adhd taboe,P2,NONE,,taboe adhd,1,10.0,10.0,IGNORE_IRRELEVANT,none
residual:adhd adults depression,Restcluster: adhd adults depression,P2,NONE,,adhd in adults depression,1,10.0,10.0,IGNORE_IRRELEVANT,none
residual:adhd for hacks life,Restcluster: adhd for hacks life,P2,NONE,,life hacks for adhd,1,10.0,10.0,IGNORE_IRRELEVANT,none
residual:adhd att leva med,Restcluster: adhd att leva med,P2,NONE,,att leva med adhd,1,10.0,10.0,IGNORE_IRRELEVANT,none
residual:5 adhd,Restcluster: 5 adhd,P2,NONE,,adhd 5,1,10.0,10.0,IGNORE_IRRELEVANT,none
residual:adhd bbc horizon living with,Restcluster: adhd bbc horizon living with,P2,NONE,,bbc horizon living with adhd,1,10.0,10.0,IGNORE_IRRELEVANT,none
residual:adhd dieet volgen,Restcluster: adhd dieet volgen,P2,NONE,,adhd dieet volgen,1,10.0,10.0,IGNORE_IRRELEVANT,none
residual:adhd tics treatment with,Restcluster: adhd tics treatment with,P2,NONE,,adhd with tics treatment,1,10.0,10.0,IGNORE_IRRELEVANT,none
residual:adhd lexapro,Restcluster: adhd lexapro,P2,NONE,,lexapro adhd,1,10.0,10.0,IGNORE_IRRELEVANT,none
residual:adhd adults blog for,Restcluster: adhd adults blog for,P2,NONE,,adhd blog for adults,1,10.0,10.0,IGNORE_IRRELEVANT,none
residual:adhd centrum holland zuid,Restcluster: adhd centrum holland zuid,P2,NONE,,adhd centrum zuid holland,1,10.0,10.0,IGNORE_IRRELEVANT,none
residual:adhd and encopresis,Restcluster: adhd and encopresis,P2,NONE,,encopresis and adhd,1,10.0,10.0,IGNORE_IRRELEVANT,none
residual:adhd ginseng,Restcluster: adhd ginseng,P2,NONE,,ginseng adhd,1,10.0,10.0,IGNORE_IRRELEVANT,none
residual:adhd dextro,Restcluster: adhd dextro,P2,NONE,,dextro adhd,1,10.0,10.0,IGNORE_IRRELEVANT,none
residual:adhd thuisonderwijs,Restcluster: adhd thuisonderwijs,P2,NONE,,thuisonderwijs adhd,1,10.0,10.0,IGNORE_IRRELEVANT,none
residual:adhd emetophobia,Restcluster: adhd emetophobia,P2,NONE,,emetophobia adhd,1,10.0,10.0,IGNORE_IRRELEVANT,none
residual:adhd leefregels,Restcluster: adhd leefregels,P2,NONE,,leefregels adhd,1,10.0,10.0,IGNORE_IRRELEVANT,none
residual:adhd psychologist with,Restcluster: adhd psychologist with,P2,NONE,,psychologist with adhd,1,10.0,10.0,IGNORE_IRRELEVANT,none
residual:aandachtstekort adhd type,Restcluster: aandachtstekort adhd type,P2,NONE,,adhd aandachtstekort type,1,10.0,10.0,IGNORE_IRRELEVANT,none
residual:adhd rilatine,Restcluster: adhd rilatine,P2,NONE,,adhd rilatine,1,10.0,10.0,IGNORE_IRRELEVANT,none
residual:adhd apotheek regenboog,Restcluster: adhd apotheek regenboog,P2,NONE,,regenboog apotheek adhd,1,10.0,10.0,IGNORE_IRRELEVANT,none
residual:adhd poli tiel,Restcluster: adhd poli tiel,P2,NONE,,adhd poli tiel,1,10.0,10.0,IGNORE_IRRELEVANT,none
residual:adhd and autism co disorders occurrence spectrum,Restcluster: adhd and autism co disorders occurrence spectrum,P2,NONE,,co occurrence of adhd and autism spectrum disorders,1,10.0,10.0,IGNORE_IRRELEVANT,none
residual:adhd jazz,Restcluster: adhd jazz,P2,NONE,,adhd jazz,1,10.0,10.0,IGNORE_IRRELEVANT,none
residual:adhd ebook leven opgeruimd,Restcluster: adhd ebook leven opgeruimd,P2,NONE,,opgeruimd leven met adhd ebook,1,10.0,10.0,IGNORE_IRRELEVANT,none
residual:adhd gedraagt hoe iemand zich,Restcluster: adhd gedraagt hoe iemand zich,P2,NONE,,hoe gedraagt iemand zich met adhd,1,10.0,10.0,IGNORE_IRRELEVANT,none
residual:2 adhd adults type,Restcluster: 2 adhd adults type,P2,NONE,,type 2 adhd in adults,1,10.0,10.0,IGNORE_IRRELEVANT,none
residual:adhd questionnaire snap,Restcluster: adhd questionnaire snap,P2,NONE,,snap questionnaire adhd,1,10.0,10.0,IGNORE_IRRELEVANT,none
residual:adhd autism x,Restcluster: adhd autism x,P2,NONE,,adhd x autism,1,10.0,10.0,IGNORE_IRRELEVANT,none
residual:adhd centrum delft nederland,Restcluster: adhd centrum delft nederland,P2,NONE,,adhd centrum nederland delft,1,10.0,10.0,IGNORE_IRRELEVANT,none
residual:adhd champix,Restcluster: adhd champix,P2,NONE,,champix adhd,1,10.0,10.0,IGNORE_IRRELEVANT,none
residual:adhd middelenmisbruik,Restcluster: adhd middelenmisbruik,P2,NONE,,adhd middelenmisbruik,1,10.0,10.0,IGNORE_IRRELEVANT,none
residual:2020 adhd articles journal,Restcluster: 2020 adhd articles journal,P2,NONE,,adhd journal articles 2020,1,10.0,10.0,IGNORE_IRRELEVANT,none
residual:adhd omgevingsfactoren,Restcluster: adhd omgevingsfactoren,P2,NONE,,omgevingsfactoren adhd,1,10.0,10.0,IGNORE_IRRELEVANT,none
residual:adhd olie thc,Restcluster: adhd olie thc,P2,NONE,,thc olie adhd,1,10.0,10.0,IGNORE_IRRELEVANT,none
residual:adhd distractibility,Restcluster: adhd distractibility,P2,NONE,,distractibility adhd,1,10.0,10.0,IGNORE_IRRELEVANT,none
residual:adhd can fall love someone with,Restcluster: adhd can fall love someone with,P2,NONE,,can someone with adhd fall in love,1,10.0,10.0,IGNORE_IRRELEVANT,none
residual:adhd organizer professional,Restcluster: adhd organizer professional,P2,NONE,,professional organizer adhd,1,10.0,10.0,IGNORE_IRRELEVANT,none
residual:adhd hulpverlening,Restcluster: adhd hulpverlening,P2,NONE,,adhd hulpverlening,1,10.0,10.0,IGNORE_IRRELEVANT,none
residual:adhd begeleiding school,Restcluster: adhd begeleiding school,P2,NONE,,begeleiding adhd op school,1,10.0,10.0,IGNORE_IRRELEVANT,none
residual:adhd hour rush,Restcluster: adhd hour rush,P2,NONE,,adhd rush hour,1,10.0,10.0,IGNORE_IRRELEVANT,none
residual:adhd neuropsychologisch onderzoek,Restcluster: adhd neuropsychologisch onderzoek,P2,NONE,,neuropsychologisch onderzoek adhd,1,10.0,10.0,IGNORE_IRRELEVANT,none
residual:adhd centraal vergoeding,Restcluster: adhd centraal vergoeding,P2,NONE,,adhd centraal vergoeding,1,10.0,10.0,IGNORE_IRRELEVANT,none
residual:adhd judo,Restcluster: adhd judo,P2,NONE,,judo adhd,2,10.0,20.0,IGNORE_IRRELEVANT,none
residual:adhd bupropion hcl,Restcluster: adhd bupropion hcl,P2,NONE,,bupropion hcl adhd,1,10.0,10.0,IGNORE_IRRELEVANT,none
residual:adhd herkennen hoe,Restcluster: adhd herkennen hoe,P2,NONE,,hoe adhd herkennen,1,10.0,10.0,IGNORE_IRRELEVANT,none
residual:adhd iii wais,Restcluster: adhd iii wais,P2,NONE,,wais-iii adhd,1,10.0,10.0,IGNORE_IRRELEVANT,none
residual:adhd theorie,Restcluster: adhd theorie,P2,NONE,,theorie adhd,1,10.0,10.0,IGNORE_IRRELEVANT,none
residual:adhd sertralina,Restcluster: adhd sertralina,P2,NONE,,sertralina adhd,1,10.0,10.0,IGNORE_IRRELEVANT,none
residual:adhd vooroordelen,Restcluster: adhd vooroordelen,P2,NONE,,vooroordelen adhd,1,10.0,10.0,IGNORE_IRRELEVANT,none
residual:adhd istp with,Restcluster: adhd istp with,P2,NONE,,istp with adhd,1,10.0,10.0,IGNORE_IRRELEVANT,none
residual:adhd autisme hond,Restcluster: adhd autisme hond,P2,MEDIUM,,hond met adhd en autisme,1,10.0,10.0,IGNORE_IRRELEVANT,none
residual:adhd home tips,Restcluster: adhd home tips,P2,NONE,,adhd home tips,1,10.0,10.0,IGNORE_IRRELEVANT,none
residual:adhd concentratieproblemen,Restcluster: adhd concentratieproblemen,P2,NONE,,concentratieproblemen adhd,1,10.0,10.0,IGNORE_IRRELEVANT,none
residual:adhd bewezen relatie voeding,Restcluster: adhd bewezen relatie voeding,P2,NONE,,relatie voeding en adhd bewezen,1,10.0,10.0,IGNORE_IRRELEVANT,none
residual:adhd joyner lucas lyrics,Restcluster: adhd joyner lucas lyrics,P2,NONE,,adhd joyner lucas lyrics,1,10.0,10.0,IGNORE_IRRELEVANT,none
residual:adhd harderwijk poli,Restcluster: adhd harderwijk poli,P2,NONE,,adhd poli harderwijk,1,10.0,10.0,IGNORE_IRRELEVANT,none
residual:adhd management time tips,Restcluster: adhd management time tips,P2,NONE,,adhd time management tips,1,10.0,10.0,IGNORE_IRRELEVANT,none
residual:adhd niacin,Restcluster: adhd niacin,P2,NONE,,niacin adhd,1,10.0,10.0,IGNORE_IRRELEVANT,none
residual:adhd hasj,Restcluster: adhd hasj,P2,NONE,,hasj adhd,1,10.0,10.0,IGNORE_IRRELEVANT,none
residual:adhd webinar,Restcluster: adhd webinar,P2,NONE,,webinar adhd,1,10.0,10.0,IGNORE_IRRELEVANT,none
residual:504 adhd iep,Restcluster: 504 adhd iep,P2,NONE,,iep 504 adhd,1,10.0,10.0,IGNORE_IRRELEVANT,none
residual:adhd baclofen,Restcluster: adhd baclofen,P2,NONE,,baclofen adhd,1,10.0,10.0,IGNORE_IRRELEVANT,none
residual:adhd kush og,Restcluster: adhd kush og,P2,NONE,,og kush adhd,1,10.0,10.0,IGNORE_IRRELEVANT,none
residual:adhd brain for programs training,Restcluster: adhd brain for programs training,P2,NONE,,brain training programs for adhd,1,10.0,10.0,IGNORE_IRRELEVANT,none
residual:adhd zvah,Restcluster: adhd zvah,P2,NONE,,zvah adhd,1,10.0,10.0,IGNORE_IRRELEVANT,none
residual:adhd for seroquel,Restcluster: adhd for seroquel,P2,NONE,,seroquel for adhd,1,10.0,10.0,IGNORE_IRRELEVANT,none
residual:adhd bupropion dosage,Restcluster: adhd bupropion dosage,P2,NONE,,bupropion adhd dosage,1,10.0,10.0,IGNORE_IRRELEVANT,none
residual:adhd treatment yoga,Restcluster: adhd treatment yoga,P2,NONE,,adhd yoga treatment,1,10.0,10.0,IGNORE_IRRELEVANT,none
residual:adhd barney stinson,Restcluster: adhd barney stinson,P2,NONE,,barney stinson adhd,1,10.0,10.0,IGNORE_IRRELEVANT,none
residual:adhd carnitine,Restcluster: adhd carnitine,P2,NONE,,carnitine adhd,1,10.0,10.0,IGNORE_IRRELEVANT,none
residual:adhd cheqio,Restcluster: adhd cheqio,P2,NONE,,cheqio adhd,1,10.0,10.0,IGNORE_IRRELEVANT,none
residual:adhd serotonine tekort,Restcluster: adhd serotonine tekort,P2,NONE,,adhd serotonine tekort,1,10.0,10.0,IGNORE_IRRELEVANT,none
residual:adhd reader x,Restcluster: adhd reader x,P2,NONE,,x adhd reader,1,10.0,10.0,IGNORE_IRRELEVANT,none
residual:adhd dopamine serotonin,Restcluster: adhd dopamine serotonin,P2,NONE,,serotonin vs dopamine adhd,1,10.0,10.0,IGNORE_IRRELEVANT,none
residual:adhd imposter reddit syndrome,Restcluster: adhd imposter reddit syndrome,P2,NONE,,imposter syndrome adhd reddit,1,10.0,10.0,IGNORE_IRRELEVANT,none
residual:adhd nervus vagus,Restcluster: adhd nervus vagus,P2,NONE,,nervus vagus adhd,1,10.0,10.0,IGNORE_IRRELEVANT,none
residual:adhd homeopatische middelen tegen,Restcluster: adhd homeopatische middelen tegen,P2,NONE,,homeopatische middelen tegen adhd,1,10.0,10.0,IGNORE_IRRELEVANT,none
residual:adhd trouble up waking,Restcluster: adhd trouble up waking,P2,NONE,,trouble waking up adhd,1,10.0,10.0,IGNORE_IRRELEVANT,none
residual:adhd happens if take vyvanse what without you,Restcluster: adhd happens if take vyvanse what without you,P2,NONE,,what happens if you take vyvanse without adhd,1,10.0,10.0,IGNORE_IRRELEVANT,none
residual:adhd behavior disorder,Restcluster: adhd behavior disorder,P2,NONE,,adhd behavior disorder,1,10.0,10.0,IGNORE_IRRELEVANT,none
residual:adhd bakugou reader x,Restcluster: adhd bakugou reader x,P2,NONE,,bakugou x adhd reader,1,10.0,10.0,IGNORE_IRRELEVANT,none
residual:adhd disease kidney,Restcluster: adhd disease kidney,P2,NONE,,adhd kidney disease,1,10.0,10.0,IGNORE_IRRELEVANT,none
residual:adhd apps best for management time,Restcluster: adhd apps best for management time,P2,NONE,,best time management apps for adhd,1,10.0,10.0,IGNORE_IRRELEVANT,none
residual:adhd characters game video with,Restcluster: adhd characters game video with,P2,NONE,,video game characters with adhd,1,10.0,10.0,IGNORE_IRRELEVANT,none
residual:adhd autisme spekteret,Restcluster: adhd autisme spekteret,P2,MEDIUM,,adhd autisme spekteret,1,10.0,10.0,IGNORE_IRRELEVANT,none
residual:adhd romana wikipedia,Restcluster: adhd romana wikipedia,P2,NONE,,adhd wikipedia romana,1,10.0,10.0,IGNORE_IRRELEVANT,none
residual:adhd attachment disorganized,Restcluster: adhd attachment disorganized,P2,NONE,,disorganized attachment adhd,1,10.0,10.0,IGNORE_IRRELEVANT,none
residual:adalah adhd penyakit,Restcluster: adalah adhd penyakit,P2,NONE,,penyakit adhd adalah,1,10.0,10.0,IGNORE_IRRELEVANT,none
residual:adhd phenylalanine,Restcluster: adhd phenylalanine,P2,NONE,,phenylalanine adhd,1,10.0,10.0,IGNORE_IRRELEVANT,none
residual:adhd hypersomnia,Restcluster: adhd hypersomnia,P2,NONE,,hypersomnia adhd,1,10.0,10.0,IGNORE_IRRELEVANT,none
residual:20 adhd symptoms,Restcluster: 20 adhd symptoms,P2,NONE,,20 symptoms of adhd,1,10.0,10.0,IGNORE_IRRELEVANT,none
residual:adhd cogmed,Restcluster: adhd cogmed,P2,NONE,,cogmed adhd,1,10.0,10.0,IGNORE_IRRELEVANT,none
residual:adhd and depression for wellbutrin,Restcluster: adhd and depression for wellbutrin,P2,NONE,,wellbutrin for adhd and depression,1,10.0,10.0,IGNORE_IRRELEVANT,none
residual:adhd betoog,Restcluster: adhd betoog,P2,NONE,,betoog adhd,1,10.0,10.0,IGNORE_IRRELEVANT,none
residual:adhd mothers with,Restcluster: adhd mothers with,P2,NONE,,mothers with adhd,1,10.0,10.0,IGNORE_IRRELEVANT,none
residual:adhd coffee makes me tired,Restcluster: adhd coffee makes me tired,P2,NONE,,coffee makes me tired adhd,1,10.0,10.0,IGNORE_IRRELEVANT,none
residual:adhd commando focussen ogen,Restcluster: adhd commando focussen ogen,P2,NONE,,ogen focussen op commando adhd,1,10.0,10.0,IGNORE_IRRELEVANT,none
residual:adderall adhd for non reddit,Restcluster: adderall adhd for non reddit,P2,NONE,,adderall for non adhd reddit,1,10.0,10.0,IGNORE_IRRELEVANT,none
residual:adhd inhibition,Restcluster: adhd inhibition,P2,NONE,,inhibition adhd,1,10.0,10.0,IGNORE_IRRELEVANT,none
residual:adhd borderline woedeaanvallen,Restcluster: adhd borderline woedeaanvallen,P2,NONE,,woedeaanvallen adhd en borderline,1,10.0,10.0,IGNORE_IRRELEVANT,none
residual:adhd semh,Restcluster: adhd semh,P2,NONE,,semh adhd,1,10.0,10.0,IGNORE_IRRELEVANT,none
residual:adhd dieet exorfine vrij,Restcluster: adhd dieet exorfine vrij,P2,NONE,,exorfine vrij dieet adhd,1,10.0,10.0,IGNORE_IRRELEVANT,none
residual:adhd crystal meth,Restcluster: adhd crystal meth,P2,NONE,,crystal meth adhd,1,10.0,10.0,IGNORE_IRRELEVANT,none
residual:adhd e nummers,Restcluster: adhd e nummers,P2,NONE,,e nummers en adhd,2,10.0,20.0,IGNORE_IRRELEVANT,none
residual:adhd turkcesi,Restcluster: adhd turkcesi,P2,NONE,,adhd turkcesi,1,10.0,10.0,IGNORE_IRRELEVANT,none
residual:adhd att leva med som vuxen,Restcluster: adhd att leva med som vuxen,P2,NONE,,att leva med adhd som vuxen,1,10.0,10.0,IGNORE_IRRELEVANT,none
residual:adhd leerkrachten tips,Restcluster: adhd leerkrachten tips,P2,NONE,,adhd tips voor leerkrachten,1,10.0,10.0,IGNORE_IRRELEVANT,none
residual:adhd fictieve ziekte,Restcluster: adhd fictieve ziekte,P2,NONE,,adhd fictieve ziekte,1,10.0,10.0,IGNORE_IRRELEVANT,none
residual:adhd cleans never partner,Restcluster: adhd cleans never partner,P2,NONE,,adhd partner never cleans,1,10.0,10.0,IGNORE_IRRELEVANT,none
residual:adhd effect speed,Restcluster: adhd effect speed,P2,NONE,,effect speed adhd,1,10.0,10.0,IGNORE_IRRELEVANT,none
residual:adhd kava,Restcluster: adhd kava,P2,NONE,,kava adhd,1,10.0,10.0,IGNORE_IRRELEVANT,none
residual:adhd centraal review,Restcluster: adhd centraal review,P2,NONE,,adhd centraal review,1,10.0,10.0,IGNORE_IRRELEVANT,none
residual:adhd groep werkboek,Restcluster: adhd groep werkboek,P2,NONE,,werkboek adhd groep,1,10.0,10.0,IGNORE_IRRELEVANT,none
residual:adhd zindelijkheidsproblemen,Restcluster: adhd zindelijkheidsproblemen,P2,NONE,,adhd zindelijkheidsproblemen,1,10.0,10.0,IGNORE_IRRELEVANT,none
residual:adhd cursus omgaan,Restcluster: adhd cursus omgaan,P2,NONE,,cursus omgaan met adhd,1,10.0,10.0,IGNORE_IRRELEVANT,none
residual:adhd tegretol,Restcluster: adhd tegretol,P2,NONE,,tegretol adhd,1,10.0,10.0,IGNORE_IRRELEVANT,none
residual:adhd brain diagnosis scan,Restcluster: adhd brain diagnosis scan,P2,NONE,,brain scan adhd diagnosis,1,10.0,10.0,IGNORE_IRRELEVANT,none
residual:adhd observatieformulier,Restcluster: adhd observatieformulier,P2,NONE,,observatieformulier adhd,1,10.0,10.0,IGNORE_IRRELEVANT,none
residual:adhd homework tips,Restcluster: adhd homework tips,P2,NONE,,adhd homework tips,1,10.0,10.0,IGNORE_IRRELEVANT,none
residual:adhd dyslexie vergoeding,Restcluster: adhd dyslexie vergoeding,P2,NONE,,adhd en dyslexie vergoeding,1,10.0,10.0,IGNORE_IRRELEVANT,none
residual:adhd ojee stichting,Restcluster: adhd ojee stichting,P2,NONE,,stichting ojee adhd,1,10.0,10.0,IGNORE_IRRELEVANT,none
residual:adhd centraal trouw,Restcluster: adhd centraal trouw,P2,NONE,,adhd centraal trouw,1,10.0,10.0,IGNORE_IRRELEVANT,none
residual:adhd hsp verschil,Restcluster: adhd hsp verschil,P2,NONE,,verschil hsp en adhd,1,10.0,10.0,IGNORE_IRRELEVANT,none
residual:adhd and dyspraxia,Restcluster: adhd and dyspraxia,P2,NONE,,dyspraxia and adhd,1,10.0,10.0,IGNORE_IRRELEVANT,none
residual:adhd goed sporten,Restcluster: adhd goed sporten,P2,NONE,,sporten goed voor adhd,1,10.0,10.0,IGNORE_IRRELEVANT,none
residual:adhd gedrag obsessief,Restcluster: adhd gedrag obsessief,P2,NONE,,adhd obsessief gedrag,1,10.0,10.0,IGNORE_IRRELEVANT,none
residual:adhd impuls,Restcluster: adhd impuls,P2,NONE,,impuls adhd,2,10.0,20.0,IGNORE_IRRELEVANT,none
residual:adhd inhibitie,Restcluster: adhd inhibitie,P2,NONE,,inhibitie adhd,1,10.0,10.0,IGNORE_IRRELEVANT,none
residual:adhd quotes tumblr,Restcluster: adhd quotes tumblr,P2,NONE,,adhd quotes tumblr,1,10.0,10.0,IGNORE_IRRELEVANT,none
residual:6 adhd yellow,Restcluster: 6 adhd yellow,P2,NONE,,yellow 6 adhd,1,10.0,10.0,IGNORE_IRRELEVANT,none
residual:adhd journal template,Restcluster: adhd journal template,P2,NONE,,adhd journal template,1,10.0,10.0,IGNORE_IRRELEVANT,none
residual:adhd delayed phase reddit sleep syndrome,Restcluster: adhd delayed phase reddit sleep syndrome,P2,NONE,,delayed sleep phase syndrome adhd reddit,1,10.0,10.0,IGNORE_IRRELEVANT,none
residual:adhd hoe moet omgaan,Restcluster: adhd hoe moet omgaan,P2,NONE,,hoe moet je omgaan met adhd,1,10.0,10.0,IGNORE_IRRELEVANT,none
residual:adhd gemengde type,Restcluster: adhd gemengde type,P2,NONE,,adhd gemengde type,1,10.0,10.0,IGNORE_IRRELEVANT,none
residual:adhd journal medical,Restcluster: adhd journal medical,P2,NONE,,adhd medical journal,1,10.0,10.0,IGNORE_IRRELEVANT,none
residual:adhd structuur tips,Restcluster: adhd structuur tips,P2,NONE,,adhd structuur tips,1,10.0,10.0,IGNORE_IRRELEVANT,none
residual:adhd for reddit speed,Restcluster: adhd for reddit speed,P2,NONE,,speed for adhd reddit,1,10.0,10.0,IGNORE_IRRELEVANT,none
residual:adhd centrum delft,Restcluster: adhd centrum delft,P2,NONE,,adhd centrum delft,1,10.0,10.0,IGNORE_IRRELEVANT,none
residual:adhd for learning online students,Restcluster: adhd for learning online students,P2,NONE,,online learning for adhd students,1,10.0,10.0,IGNORE_IRRELEVANT,none
residual:adhd zorg zwolle,Restcluster: adhd zorg zwolle,P2,NONE,,adhd zorg zwolle,1,10.0,10.0,IGNORE_IRRELEVANT,none
residual:adhd coffee makes me sleepy,Restcluster: adhd coffee makes me sleepy,P2,NONE,,coffee makes me sleepy adhd,1,10.0,10.0,IGNORE_IRRELEVANT,none
residual:7 adhd month old signs,Restcluster: 7 adhd month old signs,P2,NONE,,signs of adhd in 7 month old,1,10.0,10.0,IGNORE_IRRELEVANT,none
residual:adhd deep work,Restcluster: adhd deep work,P2,NONE,,deep work adhd,1,10.0,10.0,IGNORE_IRRELEVANT,none
residual:adhd adolescenten middelengebruik richtlijn,Restcluster: adhd adolescenten middelengebruik richtlijn,P2,NONE,,richtlijn adhd en middelengebruik bij adolescenten,1,10.0,10.0,IGNORE_IRRELEVANT,none
residual:adhd behandelcentrum capelle,Restcluster: adhd behandelcentrum capelle,P2,NONE,,adhd behandelcentrum capelle,1,10.0,10.0,IGNORE_IRRELEVANT,none
residual:adhd body dysmorphia,Restcluster: adhd body dysmorphia,P2,NONE,,body dysmorphia adhd,1,10.0,10.0,IGNORE_IRRELEVANT,none
residual:adhd examples forgetfulness,Restcluster: adhd examples forgetfulness,P2,NONE,,adhd forgetfulness examples,1,10.0,10.0,IGNORE_IRRELEVANT,none
residual:adhd prozac,Restcluster: adhd prozac,P2,NONE,,prozac adhd,1,10.0,10.0,IGNORE_IRRELEVANT,none
residual:adhd samenleven,Restcluster: adhd samenleven,P2,NONE,,samenleven met adhd,1,10.0,10.0,IGNORE_IRRELEVANT,none
residual:adhd can cause tics,Restcluster: adhd can cause tics,P2,NONE,,can adhd cause tics,1,10.0,10.0,IGNORE_IRRELEVANT,none
residual:abilify adhd for,Restcluster: abilify adhd for,P2,NONE,,abilify for adhd,1,10.0,10.0,IGNORE_IRRELEVANT,none
residual:adhd brain injury,Restcluster: adhd brain injury,P2,NONE,,adhd brain injury,1,10.0,10.0,IGNORE_IRRELEVANT,none
residual:5 adhd pdf rs,Restcluster: 5 adhd pdf rs,P2,NONE,,adhd rs 5 pdf,1,10.0,10.0,IGNORE_IRRELEVANT,none
residual:adhd heb hoera patient temperament,Restcluster: adhd heb hoera patient temperament,P2,NONE,,hoera ik heb adhd van patient tot temperament,1,10.0,10.0,IGNORE_IRRELEVANT,none
residual:adhd and between link ocd,Restcluster: adhd and between link ocd,P2,NONE,,link between ocd and adhd,1,10.0,10.0,IGNORE_IRRELEVANT,none
residual:adhd homeopatisch middel tegen,Restcluster: adhd homeopatisch middel tegen,P2,NONE,,homeopatisch middel tegen adhd,1,10.0,10.0,IGNORE_IRRELEVANT,none
residual:adhd beroepen geschikte,Restcluster: adhd beroepen geschikte,P2,NONE,,geschikte beroepen adhd,1,10.0,10.0,IGNORE_IRRELEVANT,none
residual:1 adhd diabetes type,Restcluster: 1 adhd diabetes type,P2,NONE,,adhd diabetes type 1,1,10.0,10.0,IGNORE_IRRELEVANT,none
residual:adhd and birth vacuum,Restcluster: adhd and birth vacuum,P2,NONE,,vacuum birth and adhd,1,10.0,10.0,IGNORE_IRRELEVANT,none
residual:adhd kindercoach,Restcluster: adhd kindercoach,P2,NONE,,adhd kindercoach,1,10.0,10.0,IGNORE_IRRELEVANT,none
residual:adhd belirtileri hastaligi,Restcluster: adhd belirtileri hastaligi,P2,NONE,,adhd hastaligi belirtileri,1,10.0,10.0,IGNORE_IRRELEVANT,none
residual:adhd cruise tom,Restcluster: adhd cruise tom,P2,NONE,,tom cruise adhd,1,10.0,10.0,IGNORE_IRRELEVANT,none
residual:adhd friendly schools,Restcluster: adhd friendly schools,P2,NONE,,adhd friendly schools,1,10.0,10.0,IGNORE_IRRELEVANT,none
residual:adderall adhd effects for non,Restcluster: adderall adhd effects for non,P2,NONE,,adderall effects for non adhd,1,10.0,10.0,IGNORE_IRRELEVANT,none
residual:adhd adults says science what,Restcluster: adhd adults says science what,P2,NONE,,adhd in adults what the science says,1,10.0,10.0,IGNORE_IRRELEVANT,none
residual:adhd maskeren,Restcluster: adhd maskeren,P2,NONE,,maskeren adhd,1,10.0,10.0,IGNORE_IRRELEVANT,none
residual:adhd jimmy mcgill,Restcluster: adhd jimmy mcgill,P2,NONE,,jimmy mcgill adhd,1,10.0,10.0,IGNORE_IRRELEVANT,none
residual:adhd partner relationship,Restcluster: adhd partner relationship,P2,NONE,,adhd partner relationship,1,10.0,10.0,IGNORE_IRRELEVANT,none
residual:adhd geen ziekte,Restcluster: adhd geen ziekte,P2,NONE,,adhd is geen ziekte,2,10.0,20.0,IGNORE_IRRELEVANT,none
residual:adhd casus klas,Restcluster: adhd casus klas,P2,NONE,,casus adhd in de klas,1,10.0,10.0,IGNORE_IRRELEVANT,none
residual:adhd coach delft,Restcluster: adhd coach delft,P2,NONE,,adhd coach delft,1,10.0,10.0,IGNORE_IRRELEVANT,none
residual:adhd mmpi,Restcluster: adhd mmpi,P2,NONE,,mmpi adhd,1,10.0,10.0,IGNORE_IRRELEVANT,none
residual:adhd reading strategies,Restcluster: adhd reading strategies,P2,NONE,,adhd reading strategies,1,10.0,10.0,IGNORE_IRRELEVANT,none
residual:adhd centrophenoxine,Restcluster: adhd centrophenoxine,P2,NONE,,centrophenoxine adhd,1,10.0,10.0,IGNORE_IRRELEVANT,none
residual:adhd gaat,Restcluster: adhd gaat,P2,NONE,,gaat adhd over,1,10.0,10.0,IGNORE_IRRELEVANT,none
residual:adhd amfetamine dextro,Restcluster: adhd amfetamine dextro,P2,NONE,,dextro amfetamine adhd,1,10.0,10.0,IGNORE_IRRELEVANT,none
residual:adhd friemelding,Restcluster: adhd friemelding,P2,NONE,,friemelding adhd,1,10.0,10.0,IGNORE_IRRELEVANT,none
residual:adhd and behaviors body focused repetitive,Restcluster: adhd and behaviors body focused repetitive,P2,NONE,,adhd and body focused repetitive behaviors,1,10.0,10.0,IGNORE_IRRELEVANT,none
residual:adhd and disorder hoarding,Restcluster: adhd and disorder hoarding,P2,NONE,,adhd and hoarding disorder,1,10.0,10.0,IGNORE_IRRELEVANT,none
residual:adhd logeeropvang,Restcluster: adhd logeeropvang,P2,NONE,,logeeropvang adhd,1,10.0,10.0,IGNORE_IRRELEVANT,none
residual:adhd coach cursus,Restcluster: adhd coach cursus,P2,NONE,,cursus adhd coach,1,10.0,10.0,IGNORE_IRRELEVANT,none
residual:adhd zelfbeeld,Restcluster: adhd zelfbeeld,P2,NONE,,adhd zelfbeeld,1,10.0,10.0,IGNORE_IRRELEVANT,none
residual:adhd partner tips,Restcluster: adhd partner tips,P2,NONE,,adhd partner tips,1,10.0,10.0,IGNORE_IRRELEVANT,none
residual:adhd autisme og samtidig,Restcluster: adhd autisme og samtidig,P2,MEDIUM,,adhd og autisme samtidig,1,10.0,10.0,IGNORE_IRRELEVANT,none
residual:adhd time timer,Restcluster: adhd time timer,P2,NONE,,time timer adhd,1,10.0,10.0,IGNORE_IRRELEVANT,none
residual:adhd iboga,Restcluster: adhd iboga,P2,NONE,,iboga adhd,1,10.0,10.0,IGNORE_IRRELEVANT,none
residual:adhd coach gent,Restcluster: adhd coach gent,P2,NONE,,adhd coach gent,1,10.0,10.0,IGNORE_IRRELEVANT,none
residual:5 adhd symptoms top,Restcluster: 5 adhd symptoms top,P2,NONE,,top 5 symptoms of adhd,1,10.0,10.0,IGNORE_IRRELEVANT,none
residual:adhd avance,Restcluster: adhd avance,P2,NONE,,avance adhd,1,10.0,10.0,IGNORE_IRRELEVANT,none
residual:adhd products,Restcluster: adhd products,P2,NONE,,adhd products,1,10.0,10.0,IGNORE_IRRELEVANT,none
residual:adhd having symptoms,Restcluster: adhd having symptoms,P2,NONE,,symptoms of having adhd,1,10.0,10.0,IGNORE_IRRELEVANT,none
residual:adhd disorder hyperkinetic,Restcluster: adhd disorder hyperkinetic,P2,NONE,,adhd hyperkinetic disorder,1,10.0,10.0,IGNORE_IRRELEVANT,none
residual:adhd blames me partner,Restcluster: adhd blames me partner,P2,NONE,,adhd partner blames me,1,10.0,10.0,IGNORE_IRRELEVANT,none
residual:adhd anxiety wellbutrin,Restcluster: adhd anxiety wellbutrin,P2,NONE,,wellbutrin adhd anxiety,1,10.0,10.0,IGNORE_IRRELEVANT,none
residual:adhd betekenis wat,Restcluster: adhd betekenis wat,P2,NONE,,wat is de betekenis van adhd,1,10.0,10.0,IGNORE_IRRELEVANT,none
residual:adhd bekeken positief,Restcluster: adhd bekeken positief,P2,NONE,,adhd positief bekeken,1,10.0,10.0,IGNORE_IRRELEVANT,none
residual:adhd jochem lied myjer,Restcluster: adhd jochem lied myjer,P2,NONE,,jochem myjer adhd lied,1,10.0,10.0,IGNORE_IRRELEVANT,none
residual:adhd are thing tics,Restcluster: adhd are thing tics,P2,NONE,,are adhd tics a thing,1,10.0,10.0,IGNORE_IRRELEVANT,none
residual:adhd causes paralysis what,Restcluster: adhd causes paralysis what,P2,NONE,,what causes adhd paralysis,1,10.0,10.0,IGNORE_IRRELEVANT,none
residual:adhd magnetic repetitive stimulation transcranial,Restcluster: adhd magnetic repetitive stimulation transcranial,P2,NONE,,repetitive transcranial magnetic stimulation adhd,1,10.0,10.0,IGNORE_IRRELEVANT,none
residual:adhd anomic aphasia,Restcluster: adhd anomic aphasia,P2,NONE,,anomic aphasia adhd,1,10.0,10.0,IGNORE_IRRELEVANT,none
residual:adhd maakt mee wat,Restcluster: adhd maakt mee wat,P2,NONE,,adhd je maakt wat mee,1,10.0,10.0,IGNORE_IRRELEVANT,none
residual:adhd getuigenis,Restcluster: adhd getuigenis,P2,NONE,,getuigenis adhd,1,10.0,10.0,IGNORE_IRRELEVANT,none
residual:adhd engineer software,Restcluster: adhd engineer software,P2,NONE,,software engineer adhd,1,10.0,10.0,IGNORE_IRRELEVANT,none
residual:adhd richtlijn trimbos volwassenen,Restcluster: adhd richtlijn trimbos volwassenen,P2,NONE,,richtlijn adhd volwassenen trimbos,1,10.0,10.0,IGNORE_IRRELEVANT,none
residual:adhd vermoeden,Restcluster: adhd vermoeden,P2,NONE,,vermoeden adhd,1,10.0,10.0,IGNORE_IRRELEVANT,none
residual:adhd biloba for ginkgo reviews,Restcluster: adhd biloba for ginkgo reviews,P2,NONE,,ginkgo biloba for adhd reviews,1,10.0,10.0,IGNORE_IRRELEVANT,none
residual:adhd goop,Restcluster: adhd goop,P2,NONE,,goop adhd,1,10.0,10.0,IGNORE_IRRELEVANT,none
residual:adhd vroeg wakker,Restcluster: adhd vroeg wakker,P2,NONE,,adhd vroeg wakker,1,10.0,10.0,IGNORE_IRRELEVANT,none
residual:adhd suikerspiegel,Restcluster: adhd suikerspiegel,P2,NONE,,adhd en suikerspiegel,1,10.0,10.0,IGNORE_IRRELEVANT,none
residual:adhd loops thought,Restcluster: adhd loops thought,P2,NONE,,thought loops adhd,1,10.0,10.0,IGNORE_IRRELEVANT,none
residual:adhd zomerkamp,Restcluster: adhd zomerkamp,P2,NONE,,zomerkamp adhd,1,10.0,10.0,IGNORE_IRRELEVANT,none
residual:adhd list symptoms,Restcluster: adhd list symptoms,P2,NONE,,adhd symptoms list,1,10.0,10.0,IGNORE_IRRELEVANT,none
residual:adhd current research,Restcluster: adhd current research,P2,NONE,,current research adhd,1,10.0,10.0,IGNORE_IRRELEVANT,none
residual:adderall adhd adhd for non,Restcluster: adderall adhd adhd for non,P2,NONE,,adderall for adhd vs non adhd,1,10.0,10.0,IGNORE_IRRELEVANT,none
residual:adhd borderline hebben,Restcluster: adhd borderline hebben,P2,NONE,,borderline en adhd hebben,1,10.0,10.0,IGNORE_IRRELEVANT,none
residual:adhd study tips with,Restcluster: adhd study tips with,P2,NONE,,study tips with adhd,1,10.0,10.0,IGNORE_IRRELEVANT,none
residual:adhd assessment for tools,Restcluster: adhd assessment for tools,P2,NONE,,assessment tools for adhd,1,10.0,10.0,IGNORE_IRRELEVANT,none
residual:4 adhd snap,Restcluster: 4 adhd snap,P2,NONE,,snap 4 adhd,1,10.0,10.0,IGNORE_IRRELEVANT,none
residual:adhd vergelijken zorgverzekering,Restcluster: adhd vergelijken zorgverzekering,P2,NONE,,zorgverzekering vergelijken adhd,1,10.0,10.0,IGNORE_IRRELEVANT,none
residual:adhd brainwave entrainment,Restcluster: adhd brainwave entrainment,P2,NONE,,brainwave entrainment adhd,1,10.0,10.0,IGNORE_IRRELEVANT,none
residual:adhd adults for wellbutrin xl,Restcluster: adhd adults for wellbutrin xl,P2,NONE,,wellbutrin xl for adhd in adults,1,10.0,10.0,IGNORE_IRRELEVANT,none
residual:3 adhd jarige,Restcluster: 3 adhd jarige,P2,NONE,,adhd 3 jarige,1,10.0,10.0,IGNORE_IRRELEVANT,none
residual:adhd laten vaststellen volwassenen,Restcluster: adhd laten vaststellen volwassenen,P2,NONE,,adhd laten vaststellen volwassenen,1,10.0,10.0,IGNORE_IRRELEVANT,none
residual:adhd dagritmekaarten,Restcluster: adhd dagritmekaarten,P2,NONE,,dagritmekaarten adhd,1,10.0,10.0,IGNORE_IRRELEVANT,none
residual:adhd eenvandaag,Restcluster: adhd eenvandaag,P2,NONE,,eenvandaag adhd,1,10.0,10.0,IGNORE_IRRELEVANT,none
residual:adhd and d vitamin,Restcluster: adhd and d vitamin,P2,NONE,,vitamin d and adhd,1,10.0,10.0,IGNORE_IRRELEVANT,none
residual:adhd rilatine zonder,Restcluster: adhd rilatine zonder,P2,NONE,,rilatine zonder adhd,1,10.0,10.0,IGNORE_IRRELEVANT,none
residual:3 adhd korban éves,Restcluster: 3 adhd korban éves,P2,NONE,,adhd 3 éves korban,1,10.0,10.0,IGNORE_IRRELEVANT,none
residual:adhd kauwketting,Restcluster: adhd kauwketting,P2,NONE,,kauwketting adhd,1,10.0,10.0,IGNORE_IRRELEVANT,none
residual:adhd testiranje,Restcluster: adhd testiranje,P2,NONE,,testiranje adhd,1,10.0,10.0,IGNORE_IRRELEVANT,none
residual:adhd bupropion doet wat,Restcluster: adhd bupropion doet wat,P2,NONE,,wat doet bupropion bij adhd,1,10.0,10.0,IGNORE_IRRELEVANT,none
residual:adhd for helpful parents tips,Restcluster: adhd for helpful parents tips,P2,NONE,,adhd helpful tips for parents,1,10.0,10.0,IGNORE_IRRELEVANT,none
residual:adhd nep,Restcluster: adhd nep,P2,NONE,,adhd nep,1,10.0,10.0,IGNORE_IRRELEVANT,none
residual:adhd deken zware,Restcluster: adhd deken zware,P2,NONE,,zware deken adhd,1,10.0,10.0,IGNORE_IRRELEVANT,none
residual:adhd studeren tips,Restcluster: adhd studeren tips,P2,NONE,,studeren met adhd tips,1,10.0,10.0,IGNORE_IRRELEVANT,none
residual:adhd verzwaringsdeken volwassenen,Restcluster: adhd verzwaringsdeken volwassenen,P2,NONE,,verzwaringsdeken adhd volwassenen,1,10.0,10.0,IGNORE_IRRELEVANT,none
residual:1 adhd radio,Restcluster: 1 adhd radio,P2,NONE,,radio 1 adhd,1,10.0,10.0,IGNORE_IRRELEVANT,none
residual:adhd autism symptoms,Restcluster: adhd autism symptoms,P2,NONE,,symptoms of adhd vs autism,1,10.0,10.0,IGNORE_IRRELEVANT,none
residual:adhd and classroom odd,Restcluster: adhd and classroom odd,P2,NONE,,adhd and odd in the classroom,1,10.0,10.0,IGNORE_IRRELEVANT,none
residual:adhd hyperfokus,Restcluster: adhd hyperfokus,P2,NONE,,adhd hyperfokus,1,10.0,10.0,IGNORE_IRRELEVANT,none
residual:adhd and processing visual,Restcluster: adhd and processing visual,P2,NONE,,adhd and visual processing,1,10.0,10.0,IGNORE_IRRELEVANT,none
residual:3 adhd latka objawy u,Restcluster: 3 adhd latka objawy u,P2,NONE,,adhd u 3 latka objawy,1,10.0,10.0,IGNORE_IRRELEVANT,none
residual:adhd hyperactivity symptoms without,Restcluster: adhd hyperactivity symptoms without,P2,NONE,,symptoms of adhd without hyperactivity,1,10.0,10.0,IGNORE_IRRELEVANT,none
residual:3 adhd er soorten welke,Restcluster: 3 adhd er soorten welke,P2,NONE,,welke 3 soorten adhd zijn er,1,10.0,10.0,IGNORE_IRRELEVANT,none
residual:adhd antisociale gedragsstoornissen persoonlijkheidsstoornis,Restcluster: adhd antisociale gedragsstoornissen persoonlijkheidsstoornis,P2,NONE,,adhd gedragsstoornissen en antisociale persoonlijkheidsstoornis,1,10.0,10.0,IGNORE_IRRELEVANT,none
residual:adhd for good strains,Restcluster: adhd for good strains,P2,NONE,,strains good for adhd,1,10.0,10.0,IGNORE_IRRELEVANT,none
residual:adhd concentratieoefeningen,Restcluster: adhd concentratieoefeningen,P2,NONE,,concentratieoefeningen adhd,1,10.0,10.0,IGNORE_IRRELEVANT,none
residual:adhd and depression wellbutrin,Restcluster: adhd and depression wellbutrin,P2,NONE,,wellbutrin adhd and depression,1,10.0,10.0,IGNORE_IRRELEVANT,none
residual:adhd diagnostisch interview volwassenen,Restcluster: adhd diagnostisch interview volwassenen,P2,NONE,,diagnostisch interview voor adhd bij volwassenen,1,10.0,10.0,IGNORE_IRRELEVANT,none
residual:adhd bell centrum delft pietje,Restcluster: adhd bell centrum delft pietje,P2,NONE,,adhd centrum pietje bell delft,1,10.0,10.0,IGNORE_IRRELEVANT,none
residual:adhd dimence,Restcluster: adhd dimence,P2,NONE,,dimence adhd,1,10.0,10.0,IGNORE_IRRELEVANT,none
residual:adhd tics treatment,Restcluster: adhd tics treatment,P2,NONE,,adhd tics treatment,1,10.0,10.0,IGNORE_IRRELEVANT,none
residual:adhd bestaat niet wel,Restcluster: adhd bestaat niet wel,P2,NONE,,bestaat adhd wel of niet,1,10.0,10.0,IGNORE_IRRELEVANT,none
residual:3 adhd jak latka rozpoznać u,Restcluster: 3 adhd jak latka rozpoznać u,P2,NONE,,jak rozpoznać adhd u 3 latka,1,10.0,10.0,IGNORE_IRRELEVANT,none
residual:adhd succes,Restcluster: adhd succes,P2,NONE,,succes met je adhd,1,10.0,10.0,IGNORE_IRRELEVANT,none
residual:adhd interventie,Restcluster: adhd interventie,P2,NONE,,interventie adhd,1,10.0,10.0,IGNORE_IRRELEVANT,none
residual:adhd verlatingsangst,Restcluster: adhd verlatingsangst,P2,NONE,,adhd verlatingsangst,1,10.0,10.0,IGNORE_IRRELEVANT,none
residual:adhd zinzino,Restcluster: adhd zinzino,P2,NONE,,zinzino adhd,1,10.0,10.0,IGNORE_IRRELEVANT,none
residual:adhd for private schools,Restcluster: adhd for private schools,P2,NONE,,private schools for adhd,1,10.0,10.0,IGNORE_IRRELEVANT,none
residual:adhd cymbalta does help with,Restcluster: adhd cymbalta does help with,P2,NONE,,does cymbalta help with adhd,1,10.0,10.0,IGNORE_IRRELEVANT,none
residual:6 adhd symptoms,Restcluster: 6 adhd symptoms,P2,NONE,,adhd 6 symptoms,1,10.0,10.0,IGNORE_IRRELEVANT,none
residual:adhd centrum research,Restcluster: adhd centrum research,P2,NONE,,adhd research centrum,1,10.0,10.0,IGNORE_IRRELEVANT,none
residual:adhd schools special,Restcluster: adhd schools special,P2,NONE,,adhd special schools,1,10.0,10.0,IGNORE_IRRELEVANT,none
residual:adhd nadh,Restcluster: adhd nadh,P2,NONE,,nadh adhd,1,10.0,10.0,IGNORE_IRRELEVANT,none
residual:3 adhd dite roky,Restcluster: 3 adhd dite roky,P2,NONE,,adhd dite 3 roky,1,10.0,10.0,IGNORE_IRRELEVANT,none
residual:adhd testbatterij,Restcluster: adhd testbatterij,P2,NONE,,testbatterij adhd,1,10.0,10.0,IGNORE_IRRELEVANT,none
residual:adhd behandelmethoden,Restcluster: adhd behandelmethoden,P2,NONE,,behandelmethoden adhd,1,10.0,10.0,IGNORE_IRRELEVANT,none
residual:8d adhd audio does help,Restcluster: 8d adhd audio does help,P2,NONE,,does 8d audio help adhd,1,10.0,10.0,IGNORE_IRRELEVANT,none
residual:adhd does family have modern phil,Restcluster: adhd does family have modern phil,P2,NONE,,does phil have adhd in modern family,1,10.0,10.0,IGNORE_IRRELEVANT,none
residual:adhd eerste tekenen,Restcluster: adhd eerste tekenen,P2,NONE,,eerste tekenen adhd,1,10.0,10.0,IGNORE_IRRELEVANT,none
residual:5 adhd htp treatment,Restcluster: 5 adhd htp treatment,P2,NONE,,5 htp adhd treatment,1,10.0,10.0,IGNORE_IRRELEVANT,none
residual:adhd room sensory,Restcluster: adhd room sensory,P2,NONE,,adhd sensory room,1,10.0,10.0,IGNORE_IRRELEVANT,none
residual:adhd nemen rilatine zonder,Restcluster: adhd nemen rilatine zonder,P2,NONE,,rilatine nemen zonder adhd,1,10.0,10.0,IGNORE_IRRELEVANT,none
residual:adhd rustig worden,Restcluster: adhd rustig worden,P2,NONE,,adhd rustig worden,1,10.0,10.0,IGNORE_IRRELEVANT,none
residual:adhd vermijden voeding welke,Restcluster: adhd vermijden voeding welke,P2,NONE,,welke voeding vermijden bij adhd,1,10.0,10.0,IGNORE_IRRELEVANT,none
residual:3 adhd latka u,Restcluster: 3 adhd latka u,P2,NONE,,adhd u 3 latka,1,10.0,10.0,IGNORE_IRRELEVANT,none
residual:adhd glycine,Restcluster: adhd glycine,P2,NONE,,glycine adhd,1,10.0,10.0,IGNORE_IRRELEVANT,none
residual:adhd copii la simptome,Restcluster: adhd copii la simptome,P2,NONE,,adhd simptome la copii,1,10.0,10.0,IGNORE_IRRELEVANT,none
residual:adhd tips writing,Restcluster: adhd tips writing,P2,NONE,,adhd writing tips,1,10.0,10.0,IGNORE_IRRELEVANT,none
residual:adhd profielwerkstuk,Restcluster: adhd profielwerkstuk,P2,NONE,,profielwerkstuk adhd,1,10.0,10.0,IGNORE_IRRELEVANT,none
residual:adhd zeolite,Restcluster: adhd zeolite,P2,NONE,,zeolite adhd,1,10.0,10.0,IGNORE_IRRELEVANT,none
residual:adhd japanese translation,Restcluster: adhd japanese translation,P2,NONE,,adhd japanese translation,1,10.0,10.0,IGNORE_IRRELEVANT,none
residual:504 adhd plan sample,Restcluster: 504 adhd plan sample,P2,NONE,,adhd 504 plan sample,1,10.0,10.0,IGNORE_IRRELEVANT,none
residual:10 adhd adults signs,Restcluster: 10 adhd adults signs,P2,NONE,,10 signs of adhd in adults,1,10.0,10.0,IGNORE_IRRELEVANT,none
residual:adhd can have tics,Restcluster: adhd can have tics,P2,NONE,,can adhd have tics,1,10.0,10.0,IGNORE_IRRELEVANT,none
residual:adhd matcha tea,Restcluster: adhd matcha tea,P2,NONE,,matcha tea adhd,1,10.0,10.0,IGNORE_IRRELEVANT,none
residual:adhd spirulina,Restcluster: adhd spirulina,P2,NONE,,spirulina adhd,1,10.0,10.0,IGNORE_IRRELEVANT,none
residual:adhd e102,Restcluster: adhd e102,P2,NONE,,e102 adhd,1,10.0,10.0,IGNORE_IRRELEVANT,none
residual:adhd moro reflex,Restcluster: adhd moro reflex,P2,NONE,,moro reflex adhd,1,10.0,10.0,IGNORE_IRRELEVANT,none
residual:adhd for neurotransmitter,Restcluster: adhd for neurotransmitter,P2,NONE,,neurotransmitter for adhd,1,10.0,10.0,IGNORE_IRRELEVANT,none
residual:adhd dexamphetamine without,Restcluster: adhd dexamphetamine without,P2,NONE,,dexamphetamine without adhd,1,10.0,10.0,IGNORE_IRRELEVANT,none
residual:adhd eliminatiedieet voorbeeld,Restcluster: adhd eliminatiedieet voorbeeld,P2,NONE,,eliminatiedieet adhd voorbeeld,1,10.0,10.0,IGNORE_IRRELEVANT,none
residual:adhd centrum spijkenisse,Restcluster: adhd centrum spijkenisse,P2,NONE,,adhd centrum spijkenisse,1,10.0,10.0,IGNORE_IRRELEVANT,none
residual:adhd duurt hoe lang onderzoek,Restcluster: adhd duurt hoe lang onderzoek,P2,NONE,,hoe lang duurt een adhd onderzoek,1,10.0,10.0,IGNORE_IRRELEVANT,none
residual:adhd scoring vanderbilt,Restcluster: adhd scoring vanderbilt,P2,NONE,,scoring vanderbilt adhd,1,10.0,10.0,IGNORE_IRRELEVANT,none
residual:adhd omgeving,Restcluster: adhd omgeving,P2,NONE,,adhd en omgeving,1,10.0,10.0,IGNORE_IRRELEVANT,none
residual:adhd dha epa,Restcluster: adhd dha epa,P2,NONE,,epa dha adhd,1,10.0,10.0,IGNORE_IRRELEVANT,none
residual:adhd verhalen,Restcluster: adhd verhalen,P2,NONE,,adhd verhalen,1,10.0,10.0,IGNORE_IRRELEVANT,none
residual:adhd braingame brian,Restcluster: adhd braingame brian,P2,NONE,,braingame brian adhd,1,10.0,10.0,IGNORE_IRRELEVANT,none
residual:adhd mesocortical pathway,Restcluster: adhd mesocortical pathway,P2,NONE,,mesocortical pathway adhd,1,10.0,10.0,IGNORE_IRRELEVANT,none
residual:adhd do entps have,Restcluster: adhd do entps have,P2,NONE,,do entps have adhd,1,10.0,10.0,IGNORE_IRRELEVANT,none
residual:adhd kendrick lamar meaning,Restcluster: adhd kendrick lamar meaning,P2,NONE,,adhd meaning kendrick lamar,1,10.0,10.0,IGNORE_IRRELEVANT,none
residual:adhd leven volwassenen,Restcluster: adhd leven volwassenen,P2,NONE,,leven met adhd volwassenen,1,10.0,10.0,IGNORE_IRRELEVANT,none
residual:adhd case examples studies,Restcluster: adhd case examples studies,P2,NONE,,adhd case studies examples,1,10.0,10.0,IGNORE_IRRELEVANT,none
residual:adhd for medical weed,Restcluster: adhd for medical weed,P2,NONE,,medical weed for adhd,1,10.0,10.0,IGNORE_IRRELEVANT,none
residual:adhd decision fatigue,Restcluster: adhd decision fatigue,P2,NONE,,decision fatigue adhd,1,10.0,10.0,IGNORE_IRRELEVANT,none
residual:adhd agressie volwassenen,Restcluster: adhd agressie volwassenen,P2,NONE,,adhd en agressie volwassenen,1,10.0,10.0,IGNORE_IRRELEVANT,none
residual:adhd adults quotes,Restcluster: adhd adults quotes,P2,NONE,,adhd in adults quotes,1,10.0,10.0,IGNORE_IRRELEVANT,none
residual:adhd borderline combinatie,Restcluster: adhd borderline combinatie,P2,NONE,,combinatie adhd en borderline,1,10.0,10.0,IGNORE_IRRELEVANT,none
residual:adhd paper with writing,Restcluster: adhd paper with writing,P2,NONE,,writing a paper with adhd,1,10.0,10.0,IGNORE_IRRELEVANT,none
residual:10 adhd diagnosis for icd,Restcluster: 10 adhd diagnosis for icd,P2,NONE,,icd 10 diagnosis for adhd,1,10.0,10.0,IGNORE_IRRELEVANT,none
residual:adhd onset,Restcluster: adhd onset,P2,NONE,,onset adhd,1,10.0,10.0,IGNORE_IRRELEVANT,none
residual:adhd brain for training,Restcluster: adhd brain for training,P2,NONE,,brain training for adhd,1,10.0,10.0,IGNORE_IRRELEVANT,none
residual:acetyl adhd carnitine,Restcluster: acetyl adhd carnitine,P2,NONE,,acetyl carnitine adhd,1,10.0,10.0,IGNORE_IRRELEVANT,none
residual:adhd hormon,Restcluster: adhd hormon,P2,NONE,,adhd hormon,1,10.0,10.0,IGNORE_IRRELEVANT,none
residual:adhd alzheimer,Restcluster: adhd alzheimer,P2,NONE,,alzheimer adhd,1,10.0,10.0,IGNORE_IRRELEVANT,none
residual:adhd gen,Restcluster: adhd gen,P2,NONE,,gen adhd,1,10.0,10.0,IGNORE_IRRELEVANT,none
residual:adhd leaving partner,Restcluster: adhd leaving partner,P2,NONE,,leaving adhd partner,1,10.0,10.0,IGNORE_IRRELEVANT,none
residual:40 adhd effects on red,Restcluster: 40 adhd effects on red,P2,NONE,,red 40 effects on adhd,1,10.0,10.0,IGNORE_IRRELEVANT,none
residual:adhd komiek,Restcluster: adhd komiek,P2,NONE,,komiek adhd,1,10.0,10.0,IGNORE_IRRELEVANT,none
residual:adhd minnesota,Restcluster: adhd minnesota,P2,NONE,,adhd minnesota,1,10.0,10.0,IGNORE_IRRELEVANT,none
residual:adhd stempel,Restcluster: adhd stempel,P2,NONE,,stempel adhd,1,10.0,10.0,IGNORE_IRRELEVANT,none
residual:adhd best for schools,Restcluster: adhd best for schools,P2,NONE,,best schools for adhd,1,10.0,10.0,IGNORE_IRRELEVANT,none
residual:adhd for modafinil reddit,Restcluster: adhd for modafinil reddit,P2,NONE,,modafinil for adhd reddit,1,10.0,10.0,IGNORE_IRRELEVANT,none
residual:adhd adults for specialist,Restcluster: adhd adults for specialist,P2,NONE,,adhd specialist for adults,1,10.0,10.0,IGNORE_IRRELEVANT,none
residual:adhd hijo mi tiene,Restcluster: adhd hijo mi tiene,P2,NONE,,mi hijo tiene adhd,1,10.0,10.0,IGNORE_IRRELEVANT,none
residual:adhd adriene for yoga,Restcluster: adhd adriene for yoga,P2,NONE,,yoga for adhd adriene,1,10.0,10.0,IGNORE_IRRELEVANT,none
residual:adhd praktijk,Restcluster: adhd praktijk,P2,NONE,,adhd in praktijk,1,10.0,10.0,IGNORE_IRRELEVANT,none
residual:adhd temperament,Restcluster: adhd temperament,P2,NONE,,temperament adhd,1,10.0,10.0,IGNORE_IRRELEVANT,none
residual:adhd strategies students with,Restcluster: adhd strategies students with,P2,NONE,,strategies with adhd students,1,10.0,10.0,IGNORE_IRRELEVANT,none
residual:adhd for minerals,Restcluster: adhd for minerals,P2,NONE,,minerals for adhd,1,10.0,10.0,IGNORE_IRRELEVANT,none
residual:adhd motivation tips,Restcluster: adhd motivation tips,P2,NONE,,adhd motivation tips,1,10.0,10.0,IGNORE_IRRELEVANT,none
residual:adhd hond past welke,Restcluster: adhd hond past welke,P2,NONE,,welke hond past bij adhd,1,10.0,10.0,IGNORE_IRRELEVANT,none
residual:adhd blindheid tijd,Restcluster: adhd blindheid tijd,P2,NONE,,tijd blindheid adhd,1,10.0,10.0,IGNORE_IRRELEVANT,none
residual:adhd krantenartikel,Restcluster: adhd krantenartikel,P2,NONE,,krantenartikel adhd,1,10.0,10.0,IGNORE_IRRELEVANT,none
residual:adhd internaat nederland,Restcluster: adhd internaat nederland,P2,NONE,,internaat nederland adhd,1,10.0,10.0,IGNORE_IRRELEVANT,none
residual:adhd dew mountain,Restcluster: adhd dew mountain,P2,NONE,,mountain dew adhd,1,10.0,10.0,IGNORE_IRRELEVANT,none
residual:adhd lakens tussen,Restcluster: adhd lakens tussen,P2,NONE,,adhd tussen de lakens,1,10.0,10.0,IGNORE_IRRELEVANT,none
residual:adhd amsterdammer groene,Restcluster: adhd amsterdammer groene,P2,NONE,,groene amsterdammer adhd,1,10.0,10.0,IGNORE_IRRELEVANT,none
residual:adhd dyslexi och,Restcluster: adhd dyslexi och,P2,NONE,,dyslexi och adhd,1,10.0,10.0,IGNORE_IRRELEVANT,none
residual:adhd voorkomen,Restcluster: adhd voorkomen,P2,NONE,,adhd voorkomen,1,10.0,10.0,IGNORE_IRRELEVANT,none
residual:adhd dopamine wellbutrin,Restcluster: adhd dopamine wellbutrin,P2,NONE,,wellbutrin dopamine adhd,1,10.0,10.0,IGNORE_IRRELEVANT,none
residual:adhd allen david done getting things,Restcluster: adhd allen david done getting things,P2,NONE,,getting things done david allen adhd,1,10.0,10.0,IGNORE_IRRELEVANT,none
residual:aandachtstekortstoornis adhd,Restcluster: aandachtstekortstoornis adhd,P2,NONE,,adhd aandachtstekortstoornis,1,10.0,10.0,IGNORE_IRRELEVANT,none
residual:adhd arts does help martial,Restcluster: adhd arts does help martial,P2,NONE,,does martial arts help adhd,1,10.0,10.0,IGNORE_IRRELEVANT,none
residual:adhd tegenovergestelde,Restcluster: adhd tegenovergestelde,P2,NONE,,adhd tegenovergestelde,1,10.0,10.0,IGNORE_IRRELEVANT,none
residual:adhd dosage for mucuna pruriens,Restcluster: adhd dosage for mucuna pruriens,P2,NONE,,mucuna pruriens dosage for adhd,1,10.0,10.0,IGNORE_IRRELEVANT,none
residual:adhd journal street wall,Restcluster: adhd journal street wall,P2,NONE,,adhd wall street journal,1,10.0,10.0,IGNORE_IRRELEVANT,none
residual:adhd d does help vitamin with,Restcluster: adhd d does help vitamin with,P2,NONE,,does vitamin d help with adhd,1,10.0,10.0,IGNORE_IRRELEVANT,none
residual:adhd articles journal pdf,Restcluster: adhd articles journal pdf,P2,NONE,,adhd journal articles pdf,1,10.0,10.0,IGNORE_IRRELEVANT,none
residual:adhd me near schools,Restcluster: adhd me near schools,P2,NONE,,adhd schools near me,1,10.0,10.0,IGNORE_IRRELEVANT,none
residual:adhd definicia,Restcluster: adhd definicia,P2,NONE,,adhd definicia,1,10.0,10.0,IGNORE_IRRELEVANT,none
residual:adhd for mirtazapine used,Restcluster: adhd for mirtazapine used,P2,NONE,,is mirtazapine used for adhd,1,10.0,10.0,IGNORE_IRRELEVANT,none
residual:adhd do else have i or something,Restcluster: adhd do else have i or something,P2,NONE,,do i have adhd or something else,1,10.0,10.0,IGNORE_IRRELEVANT,none
residual:adhd cancelling headphones noise,Restcluster: adhd cancelling headphones noise,P2,NONE,,noise cancelling headphones adhd,1,10.0,10.0,IGNORE_IRRELEVANT,none
residual:2021 adhd congress,Restcluster: 2021 adhd congress,P2,NONE,,adhd congress 2021,1,10.0,10.0,IGNORE_IRRELEVANT,none
residual:adhd dennis weening,Restcluster: adhd dennis weening,P2,NONE,,dennis weening adhd,1,10.0,10.0,IGNORE_IRRELEVANT,none
residual:adhd partner reddit with,Restcluster: adhd partner reddit with,P2,NONE,,partner with adhd reddit,1,10.0,10.0,IGNORE_IRRELEVANT,none
residual:adhd dokument,Restcluster: adhd dokument,P2,NONE,,dokument adhd,1,10.0,10.0,IGNORE_IRRELEVANT,none
residual:adhd fragile syndrome x,Restcluster: adhd fragile syndrome x,P2,NONE,,fragile x syndrome adhd,1,10.0,10.0,IGNORE_IRRELEVANT,none
residual:adhd adults outbursts,Restcluster: adhd adults outbursts,P2,NONE,,adhd outbursts adults,1,10.0,10.0,IGNORE_IRRELEVANT,none
residual:adhd complicaties,Restcluster: adhd complicaties,P2,NONE,,complicaties adhd,1,10.0,10.0,IGNORE_IRRELEVANT,none
residual:adhd impulscontrole,Restcluster: adhd impulscontrole,P2,NONE,,adhd impulscontrole,1,10.0,10.0,IGNORE_IRRELEVANT,none
residual:1 adhd autisme persoon,Restcluster: 1 adhd autisme persoon,P2,MEDIUM,,autisme en adhd in 1 persoon,1,10.0,10.0,IGNORE_IRRELEVANT,none
residual:adhd d deficiency vitamin,Restcluster: adhd d deficiency vitamin,P2,NONE,,vitamin d deficiency adhd,1,10.0,10.0,IGNORE_IRRELEVANT,none
residual:adhd gewoon nieuws,Restcluster: adhd gewoon nieuws,P2,NONE,,gewoon nieuws adhd,1,10.0,10.0,IGNORE_IRRELEVANT,none
residual:adhd lactobacillus rhamnosus,Restcluster: adhd lactobacillus rhamnosus,P2,NONE,,lactobacillus rhamnosus adhd,1,10.0,10.0,IGNORE_IRRELEVANT,none
residual:adhd alles niets,Restcluster: adhd alles niets,P2,NONE,,adhd alles of niets,1,10.0,10.0,IGNORE_IRRELEVANT,none
residual:adhd plaspil,Restcluster: adhd plaspil,P2,NONE,,plaspil adhd,1,10.0,10.0,IGNORE_IRRELEVANT,none
residual:adhd grounding techniques,Restcluster: adhd grounding techniques,P2,NONE,,grounding techniques adhd,1,10.0,10.0,IGNORE_IRRELEVANT,none
residual:4 adhd types,Restcluster: 4 adhd types,P2,NONE,,adhd 4 types,1,10.0,10.0,IGNORE_IRRELEVANT,none
residual:adhd hebben hoe voelt,Restcluster: adhd hebben hoe voelt,P2,NONE,,hoe voelt het om adhd te hebben,1,10.0,10.0,IGNORE_IRRELEVANT,none
residual:adhd onderwijs regulier,Restcluster: adhd onderwijs regulier,P2,NONE,,adhd regulier onderwijs,1,10.0,10.0,IGNORE_IRRELEVANT,none
residual:adhd stemmingsstoornis,Restcluster: adhd stemmingsstoornis,P2,NONE,,adhd stemmingsstoornis,1,10.0,10.0,IGNORE_IRRELEVANT,none
residual:adhd geheugen,Restcluster: adhd geheugen,P2,NONE,,adhd geheugen,1,10.0,10.0,IGNORE_IRRELEVANT,none
residual:4 adhd groep spreekbeurt,Restcluster: 4 adhd groep spreekbeurt,P2,NONE,,spreekbeurt adhd groep 4,1,10.0,10.0,IGNORE_IRRELEVANT,none
residual:adhd bachbloesem volwassenen,Restcluster: adhd bachbloesem volwassenen,P2,NONE,,bachbloesem adhd volwassenen,1,10.0,10.0,IGNORE_IRRELEVANT,none
residual:adhd altrecht,Restcluster: adhd altrecht,P2,NONE,,altrecht adhd,1,10.0,10.0,IGNORE_IRRELEVANT,none
residual:adhd kernwoorden,Restcluster: adhd kernwoorden,P2,NONE,,kernwoorden adhd,1,10.0,10.0,IGNORE_IRRELEVANT,none
residual:adhd lf symptoms,Restcluster: adhd lf symptoms,P2,NONE,,symptoms lf adhd,1,10.0,10.0,IGNORE_IRRELEVANT,none
residual:5 adhd dosage for htp,Restcluster: 5 adhd dosage for htp,P2,NONE,,5 htp dosage for adhd,1,10.0,10.0,IGNORE_IRRELEVANT,none
residual:adhd schildklier,Restcluster: adhd schildklier,P2,NONE,,adhd schildklier,1,10.0,10.0,IGNORE_IRRELEVANT,none
residual:adhd tekenen wat,Restcluster: adhd tekenen wat,P2,NONE,,wat zijn tekenen van adhd,1,10.0,10.0,IGNORE_IRRELEVANT,none
residual:adhd filter,Restcluster: adhd filter,P2,NONE,,filter adhd,1,10.0,10.0,IGNORE_IRRELEVANT,none
residual:adhd entrepreneurs female with,Restcluster: adhd entrepreneurs female with,P2,NONE,,female entrepreneurs with adhd,1,10.0,10.0,IGNORE_IRRELEVANT,none
residual:adhd msd,Restcluster: adhd msd,P2,NONE,,adhd msd,1,10.0,10.0,IGNORE_IRRELEVANT,none
residual:adhd vechtsport,Restcluster: adhd vechtsport,P2,NONE,,adhd en vechtsport,1,10.0,10.0,IGNORE_IRRELEVANT,none
residual:adhd thalamus,Restcluster: adhd thalamus,P2,NONE,,thalamus adhd,1,10.0,10.0,IGNORE_IRRELEVANT,none
residual:0 90 adhd,Restcluster: 0 90 adhd,P2,NONE,,adhd 90.0,1,10.0,10.0,IGNORE_IRRELEVANT,none
residual:adhd dieet pelsser,Restcluster: adhd dieet pelsser,P2,NONE,,pelsser dieet adhd,1,10.0,10.0,IGNORE_IRRELEVANT,none
residual:adhd farsi meaning,Restcluster: adhd farsi meaning,P2,NONE,,adhd meaning in farsi,1,10.0,10.0,IGNORE_IRRELEVANT,none
residual:adhd alpha blocker,Restcluster: adhd alpha blocker,P2,NONE,,alpha blocker adhd,1,10.0,10.0,IGNORE_IRRELEVANT,none
residual:adhd onderzoek rotterdam,Restcluster: adhd onderzoek rotterdam,P2,NONE,,adhd onderzoek rotterdam,1,10.0,10.0,IGNORE_IRRELEVANT,none
residual:adhd guarana reddit,Restcluster: adhd guarana reddit,P2,NONE,,guarana adhd reddit,1,10.0,10.0,IGNORE_IRRELEVANT,none
residual:adhd for sativa,Restcluster: adhd for sativa,P2,NONE,,sativa for adhd,1,10.0,10.0,IGNORE_IRRELEVANT,none
residual:adhd alternatieve geneeswijze,Restcluster: adhd alternatieve geneeswijze,P2,NONE,,alternatieve geneeswijze adhd,1,10.0,10.0,IGNORE_IRRELEVANT,none
residual:adhd does help pre workout,Restcluster: adhd does help pre workout,P2,NONE,,does pre workout help adhd,1,10.0,10.0,IGNORE_IRRELEVANT,none
residual:adhd disorder eye,Restcluster: adhd disorder eye,P2,NONE,,adhd eye disorder,1,10.0,10.0,IGNORE_IRRELEVANT,none
residual:1 adhd adults type,Restcluster: 1 adhd adults type,P2,NONE,,type 1 adhd in adults,1,10.0,10.0,IGNORE_IRRELEVANT,none
residual:adhd studiebegeleiding,Restcluster: adhd studiebegeleiding,P2,NONE,,studiebegeleiding adhd,1,10.0,10.0,IGNORE_IRRELEVANT,none
residual:adhd heb help,Restcluster: adhd heb help,P2,NONE,,help ik heb adhd,1,10.0,10.0,IGNORE_IRRELEVANT,none
residual:adhd inositol,Restcluster: adhd inositol,P2,NONE,,inositol adhd,1,10.0,10.0,IGNORE_IRRELEVANT,none
residual:adhd memantine reddit,Restcluster: adhd memantine reddit,P2,NONE,,memantine adhd reddit,1,10.0,10.0,IGNORE_IRRELEVANT,none
residual:5 adhd minute rule,Restcluster: 5 adhd minute rule,P2,NONE,,adhd 5 minute rule,1,10.0,10.0,IGNORE_IRRELEVANT,none
residual:adhd dosage pycnogenol,Restcluster: adhd dosage pycnogenol,P2,NONE,,pycnogenol adhd dosage,1,10.0,10.0,IGNORE_IRRELEVANT,none
residual:adhd dieet fewfoods,Restcluster: adhd dieet fewfoods,P2,NONE,,fewfoods dieet adhd,1,10.0,10.0,IGNORE_IRRELEVANT,none
residual:adhd having japan,Restcluster: adhd having japan,P2,NONE,,having adhd in japan,1,10.0,10.0,IGNORE_IRRELEVANT,none
residual:adhd av diagnostisering,Restcluster: adhd av diagnostisering,P2,NONE,,diagnostisering av adhd,1,10.0,10.0,IGNORE_IRRELEVANT,none
residual:adhd stil zit,Restcluster: adhd stil zit,P2,NONE,,zit stil adhd,1,10.0,10.0,IGNORE_IRRELEVANT,none
residual:adhd ciri penyakit,Restcluster: adhd ciri penyakit,P2,NONE,,ciri penyakit adhd,1,10.0,10.0,IGNORE_IRRELEVANT,none
residual:adhd slapeloosheid,Restcluster: adhd slapeloosheid,P2,NONE,,adhd slapeloosheid,1,10.0,10.0,IGNORE_IRRELEVANT,none
residual:adhd rapport,Restcluster: adhd rapport,P2,NONE,,adhd rapport,1,10.0,10.0,IGNORE_IRRELEVANT,none
residual:adderall adhd for how works,Restcluster: adderall adhd for how works,P2,NONE,,how adderall works for adhd,1,10.0,10.0,IGNORE_IRRELEVANT,none
residual:adhd for psychologist testing,Restcluster: adhd for psychologist testing,P2,NONE,,psychologist testing for adhd,1,10.0,10.0,IGNORE_IRRELEVANT,none
residual:adhd management tips,Restcluster: adhd management tips,P2,NONE,,adhd management tips,1,10.0,10.0,IGNORE_IRRELEVANT,none
residual:adhd attachment disorder,Restcluster: adhd attachment disorder,P2,NONE,,adhd attachment disorder,1,10.0,10.0,IGNORE_IRRELEVANT,none
residual:adhd pereira,Restcluster: adhd pereira,P2,NONE,,pereira adhd,1,10.0,10.0,IGNORE_IRRELEVANT,none
residual:adhd caffeine crash,Restcluster: adhd caffeine crash,P2,NONE,,caffeine crash adhd,1,10.0,10.0,IGNORE_IRRELEVANT,none
residual:adhd for good montessori,Restcluster: adhd for good montessori,P2,NONE,,is montessori good for adhd,1,10.0,10.0,IGNORE_IRRELEVANT,none
residual:adhd kliniek rotterdam,Restcluster: adhd kliniek rotterdam,P2,NONE,,adhd kliniek rotterdam,1,10.0,10.0,IGNORE_IRRELEVANT,none
residual:adhd hallowell hulpgids,Restcluster: adhd hallowell hulpgids,P2,NONE,,hulpgids adhd hallowell,1,10.0,10.0,IGNORE_IRRELEVANT,none
residual:adhd paralysis reddit,Restcluster: adhd paralysis reddit,P2,NONE,,adhd paralysis reddit,1,10.0,10.0,IGNORE_IRRELEVANT,none
residual:adhd er ga hoe mee,Restcluster: adhd er ga hoe mee,P2,NONE,,adhd hoe ga je er mee om,1,10.0,10.0,IGNORE_IRRELEVANT,none
residual:adhd heb volwassenen,Restcluster: adhd heb volwassenen,P2,NONE,,ik heb adhd volwassenen,1,10.0,10.0,IGNORE_IRRELEVANT,none
residual:adhd memantine,Restcluster: adhd memantine,P2,NONE,,memantine adhd,1,10.0,10.0,IGNORE_IRRELEVANT,none
residual:adhd fast for jobs paced,Restcluster: adhd fast for jobs paced,P2,NONE,,fast paced jobs for adhd,1,10.0,10.0,IGNORE_IRRELEVANT,none
residual:adhd band jazz,Restcluster: adhd band jazz,P2,NONE,,adhd jazz band,1,10.0,10.0,IGNORE_IRRELEVANT,none
residual:adhd familie,Restcluster: adhd familie,P2,NONE,,adhd familie,1,10.0,10.0,IGNORE_IRRELEVANT,none
residual:acronym adhd dave for,Restcluster: acronym adhd dave for,P2,NONE,,dave acronym for adhd,1,10.0,10.0,IGNORE_IRRELEVANT,none
residual:adhd indicatie,Restcluster: adhd indicatie,P2,NONE,,indicatie adhd,1,10.0,10.0,IGNORE_IRRELEVANT,none
residual:adhd diagnostisering,Restcluster: adhd diagnostisering,P2,NONE,,diagnostisering adhd,1,10.0,10.0,IGNORE_IRRELEVANT,none
residual:adhd subtypen,Restcluster: adhd subtypen,P2,NONE,,subtypen adhd,1,10.0,10.0,IGNORE_IRRELEVANT,none
residual:3 adhd forum latka u,Restcluster: 3 adhd forum latka u,P2,NONE,,adhd u 3 latka forum,1,10.0,10.0,IGNORE_IRRELEVANT,none
residual:adhd disorder substance use,Restcluster: adhd disorder substance use,P2,NONE,,adhd substance use disorder,1,10.0,10.0,IGNORE_IRRELEVANT,none
residual:adhd gave,Restcluster: adhd gave,P2,NONE,,de gave van adhd,1,10.0,10.0,IGNORE_IRRELEVANT,none
